Sr.No,Main Code,Sub Code,Name of Establishment,Address,City,Date of Applicability of Act,Beat
1,BOA03399, 000,4-SEASONS ENTERPRSIES ,41-INDUSTRIAL ESTATE PHASE 1 ,MULTAN,01-JUL-21,A
2,AAE02719,BO087,A.Q MAN POWER (PVT) LTD( C/O MCR PIZZA HUT CANTT.),"NEAR CHAMAN ZAR ASKARI , SHER SHAH ROAD",MULTAN,01-JAN-17,A
3,BOA01044, 000,AAA DOUBLERS (PVT) LTD,PLOT-86 A & B INDUSTRIAL ESTATE ,MULTAN,01-JUL-08,A
4,BOA01769, 000,AAZCO GROUP,7-C INDUSTRIAL ESTATE MULTAN,MULTAN,01-JAN-10,A
5,BOA03249, 000,AB APPARELS,"HAMIDPUR KANORA ROAD, INDUSTRIAL ESTATE",MULTAN,01-NOV-20,A
6,BOA02317, 000,ABCD WAREHOUSE,21-B INDUSTRIAL ESTATE PHASE-I ,MULTAN,01-JAN-14,A
7,BMA00186,BO001,ABDULLAH HASEEB AGRO CHEMICAL,6-A INDUSTRIAL ESTATE MULTAN,MULTAN,01-JUL-11,A
8,BOA03114, 000,ABDULLAH PACKAGES,322-INDUSTRIAL ESTATE PHASE II,MULTAN,01-NOV-19,A
9,BOA00546, 000,ABRAR FLOUR MILLS PVT LTD,46-B INDUSTRIAL ESTATE MULTAN ,MULTAN,01-DEC-95,A
10,BOA03413, 000,ABUHURAIRA PROTEIN,62-C-1 INDUSTRIAL ESTATE MULTAN,MULTAN,01-JUL-20,A
11,FAA01185,BO010,ACTED,AL QUARISH TOWN HOUSE NO 100 STREET NO 3 SHERSHAH ROAD MULTAN,MULTAN,01-OCT-25,A
12,BOA03270, 000,ADLER AG,"PLOT# 44, INDUSTRIAL ESTATE PHASEII",MULTAN,01-APR-21,A
13,BOA02961, 000,ADNAN BROTHERS SERVICES,"HOUSE NO 03, ST 01 ITEHAD COLONY FOUNDRY ROAD NEAR PSO DEPOT KOTLAKPAT",LAHORE,01-JUN-18,A
14,BOA01126, 000,AFZAL MEDICARE,GARDEN TOWN SHER SHAH ROAD,MULTAN,01-JAN-09,A
15,BOA03522, 000,AG PHARMA,"PLOT#9, INDUSTRIAL ESTATE PHASE II",MULTAN,01-JUL-15,A
16,AAF01273,BO006,AGILITY LOGISTICS PVT LTD,PLOT#3 MEHTABI TOWER PHASE 11 INDUSTRIAL ESTATE MULTAN,MULTAN,25-MAR-12,A
17,BOA03018, 000,AGREN PAKISTAN & HELM SEEDS PVT LTD,PLOT NO A/1 SHAH JAHAN CITY BAHAWALPUR BYPASS CHOWK BWP ROAD,MULTAN,01-APR-13,A
18,BOA01811, 000,AGRI FORCE CHEMICALS,INDUSTRTIAL ESTATE PHASE 2 MULTAN,MULTAN,01-FEB-12,A
19,BOA00823, 000,AGRI FORM,79-INDL ESTATE ,MULTAN,26-NOV-02,A
20,BOA01439, 000,AGRI FORM SERVICES PVT LTD,77- INDUSTRIAL ESTATE MULTAN,MULTAN,09-JUN-08,A
21,BOA01975, 000,AGRI PLUS,4-A INDUSTRIAL ESTATE MULTAN,MULTAN,16-JAN-13,A
22,BOA01516, 000,AGRI TOP,77 INDUSTRIAL ESTATE MULTAN,MULTAN,01-OCT-10,A
23,BOA02545, 000,AGRICA CHEMICALS,"62-A, INDUSTRIAL ESTATE",MULTAN,01-JUL-16,A
24,BOA01736, 000,AGRIES INTERNATIONAL(PVT) LTD,33-INDUSTRIAL ESTATE MULTAN,MULTAN,01-JAN-12,A
25,BOA02832, 000,AGRINAR PAKISTAN,47-B INDUSTRIAL ESTATE PHASE-I,MULTAN,01-SEP-17,A
26,BOA00828, 000,AGRITEC INDS PVT LTD,47-B-I INDL ESTATE ,MULTAN,01-JUL-02,A
27,BOA03045, 000,AGRO FOOD PROCESSING(AFP) FACILITIES MULTAN,"PLOT # 30-33, INDUSTRIAL ESATATE PHASE II ",MULTAN,09-JUL-12,A
28,BOA02501, 000,AGRO PROCESSOR & ATMOSPHERIC GASES LTD,56-58 INDUSTRIAL ESTATE PHASE-I,MULTAN,01-JUL-14,A
29,BOA03832, 000,AGROLIX INTERNATIONAL ,PLOT # 85 PHASE II INDUSTRIAL ESTATE,MULTAN,01-JUN-24,A
30,BOA03234, 000,AGROW LTD,"PLOT # 222, INDUSTRIAL ESTATE PHASE II",MULTAN,01-DEC-20,A
31,BOA02902, 000,AGROW MARK,6-D INDUSTRIAL ESTATE PHASE-I,MULTAN,01-JUL-15,A
32,BOA00538, 000,AHMED TANNERY,PLOT NO 108 INDUSTRIAL ESTATE MULTAN ,MULTAN,01-AUG-95,A
33,BOA00508, 000,AKHTAR INDUSTRIES PVT LTD,39 INDUSTRIAL ESTATE ,MULTAN,01-SEP-93,A
34,BOA01191, 000,AKHTAR PETROLIUM SERVICE,NEAR NAWAB HOTEL MUZAFFARGAHR ROAD,MULTAN,01-JUL-08,A
35,AAB01666,BO001,AL GHAZI TRACTORS LIMITED,20 INDUSTRIAL ESTATE NEAR MILL NO 4 MULTAN ,MULTAN,25-SEP-83,A
36,BOA03850, 000,AL HAMD AND CO.,"PLOT NO. 08, PHASE - II, INDUSTRIAL ESTATE",MULTAN,15-SEP-24,A
37,BOA02162, 000,AL HASSAN FILLING STATION (ADMORE),MUZAFFARGARH BY PASS ROAD OUTSIDE INDUSTRIAL ESTATE,MULTAN,01-JAN-12,A
38,BOA00568, 000,AL JEHAN FLOUR MILLS PVT LTD,INDUSTRIAL ESTATE ROAD ,MULTAN,01-JAN-95,A
39,BOA01732, 000,AL KARAM CHIP BOARD,62-C III INDUSTRIAL ESTATE MULTAN,MULTAN,01-JUN-11,A
40,BOA03903, 000,AL KHAN CATERING COMPANY PVT LTD,"C/O COC COLA, INDUSTRIAL ESTATE",MULTAN,01-JAN-25,A
41,BOA01486,BO001,AL MADINA PACKAGES,PLOT NO. 22 INDUSTRIAL ESTATE PHASE-II,MULTAN,01-DEC-13,A
42,BOA02251, 000,AL MAJLIS EVENT & CONVENTION CENTRE,INDUSTRIAL ESTATE ROAD NADIRABAD PHATAK,MULTAN,01-SEP-14,A
43,BOA01225, 000,AL NAFAHAY CNG STATION,NEAR MIANWALI HOTEL MUZAFFARGHAR ROAD,MULTAN,01-JAN-09,A
44,BOA01048, 000,AL NOOR CHIPBOARD INDUSTRIES,31-INDUSTRIAL ESTATE PHASE-I,MULTAN,01-JUL-08,A
45,BOA02502, 000,AL NOOR PACKAGES,23 INDUSTRIAL ESTATE PHASE-II,MULTAN,01-JAN-15,A
46,BOA01971, 000,AL QAIM INDUSTRIES,4-A-1 PHASE 1 INDUSTRIAL ESTATE MULTAN,MULTAN,01-JUN-12,A
47,BOA02747, 000,AL REHMAN INDUSTRIES,79 INDUSTRIAL ESTATE PHASE II ,MULTAN,01-JAN-17,A
48,BOA02704, 000,AL WARIS INDUSTRIES (PVT) LTD.,"62-B, INDUSTRIAL ESTATE",MULTAN,01-MAR-17,A
49,BOA02469, 000,AL-AHAD OIL AND FEED INDUSTRY,9-A INDUSTRIAL ESTATE PHASE-I,MULTAN,01-NOV-14,A
50,BOA03282, 000,AL-FATEH WAREHOUSE,"PLOT#307, INDUSTRIAL ESTATE PHASE II",MULTAN,01-JUL-21,A
51,BOA03642, 000,AL-HADI & BROTHERS,"34K, NAIMAT STREET, GARDEN TOWN",MULTAN,01-AUG-23,A
52,BOA03103, 000,AL-HAMD PETROLEUM SERVICE,ASKARI BY-PASS ROAD NEAR PC HOTEL,MULTAN,01-JUL-19,A
53,FAA01719,BO001,AL-HAMD-O-LILLAH FOODS (1969 & TIME GOES ON..),"C/O COCA COLA PLANT, INDUSTRIAL ESTATE ",MULTAN,01-NOV-23,A
54,BOA00955, 000,AL-KHAIR FLOUR MILLS,BASTI MUHAMMAD PURA HAMID PUR KANORA SHER SHAH BY-PASS ,MULTAN,01-JUL-05,A
55,BOA03631, 000,AL-KHAN CATERING COMPANY,"C/O COCA COLA, INDUSTRIAL ESTATE",MULTAN,01-MAY-23,A
56,BOA00866, 000,ALI AKBAR ENTERPRISES PVT LIMITED,"PLOT # 133/B, INDUSTRIAL ESTATE, PHASE II, MULTAN",MULTAN,27-NOV-02,A
57,BOA01634, 000,ALI PACKAGES PVT. LTD.,Plot No 51 Phase II Industrial Estate Multan,MULTAN,01-JAN-10,A
58,BOA00975, 000,ALI RAZA INDUSTRIES (PVT) LTD,F-4 INDUSTRAL ESTATE ,MULTAN,01-FEB-06,A
59,BIA00878,BO003,ALLIED ENGG SERVICES (PVT) LTD,opposite industrial estate phase ii sher shah by pass road,MULTAN,01-SEP-02,A
60,BOA03360, 000,ALLIED GUM INDUSTRIES,25-A III INDUSTRIL ESTATE MULTAN,MULTAN,01-JAN-22,A
61,BOA02160, 000,ALLIED SCHOOL (GARDEN TOWN CAMPUS),144-A NEAR TAQWA MASJID TAUNSA STREET SHER SHAH ROAD,MULTAN,01-JAN-13,A
62,BOA02838, 000,ALLURE CHEMICALS,326-AL QURESH COLONY PHASE-1 SHER SHAH ROAD ,MULTAN,01-JAN-17,A
63,BOA02959, 000,ALM PROFESSIONAL SERVICES PVT LTD,PCSIR PHASE II SUIT 09 COMMERCIAL CENTER LAHORE 2ND FLOOR,LAHORE,01-JUN-18,A
64,BOA01667, 000,ALMAIDA RESTAURANT,SHERSHAH BY PAS ROAD MULTAN,MULTAN,01-JUN-10,A
65,BOA02839, 000,ALPHA EDUCATORS SCHOOL,AL QURESH PHASE-II SHER SHAH ROAD,MULTAN,01-JAN-17,A
66,BOA02904, 000,ALWAYS BEST CONES (PVT),"PLOT # 294, INDUSTRIAL ESTATE PHASE II, MULTAN",MULTAN,01-MAY-18,A
67,BOA02500, 000,AMEER PATIENT CARE,NADIRABAD PHATAK SHER SHAH ROAD ,MULTAN,01-JAN-16,A
68,BOA02849, 000,AMFAH ADVERTISING ,NEAR NADIRABAD PHATAK INDUSTRIAL ESTATE ROAD,MULTAN,01-JAN-17,A
69,BOA03851, 000,AMIR CRISPO,"241 - C, PHASE - II, INDUSTRIAL ESTATE",MULTAN,01-OCT-24,A
70,BOA02024, 000,ANC FOODS,PLOT 134 TO 137 PHASE 2 INDUSTRIAL ESTATE MULTAN,MULTAN,12-DEC-12,A
71,FAA00720,BO002,AQSA SECURITY GUARDS PVT LTD,AL-ZEB House No.161-a TOUNSA HOUSE ROAD GARDEN TOWN ,MULTAN,04-MAY-99,A
72,BOA02632, 000,AREAA-BANU MUKHTAR J.V (A-BM JV),"COCA COLA WARE HOUSE PROJECT, INDUSTRIAL ESTATE PHASE II",MULTAN,01-FEB-17,A
73,BOA02826, 000,ARMY PUBLIC JUNIOR SCHOOL,FORT COLONY MULTAN CANTT,MULTAN,01-APR-18,A
74,BOA02828, 000,ARMY PUBLIC SCHHOL & COLLEGE (BOYS),SCHOOL ROAD MULTAN CANTT,MULTAN,01-APR-18,A
75,BOA02827, 000,ARMY PUBLIC SCHHOL & COLLEGE (GIRLS),SCHOOL ROAD MULTAN CANTT,MULTAN,01-APR-18,A
76,BOA01851, 000,ARRAHMA HOSPITAL,NEAR NADRABADPHTAK INDUSTRIAL ESTATE MULTAN,MULTAN,01-NOV-10,A
77,BOA02341, 000,ARY PESTICIDES,41-B PHASE-I INDUSTRIAL ESTATE,MULTAN,01-JUL-14,A
78,BOA03878, 000,ASGHAR ALI,"PLOT # 104 - PHASE -II, INDUSTRIAL ESTATE, MULTAN.",MULTAN,01-JAN-25,A
79,BOA03877, 000,ASHRAF ALI,"PLOT # 105, PHASE -II, INDUSTRAL ESTATE, MULTAN.",MULTAN,01-JAN-25,A
80,BOA01946, 000,ASHRAF OIL MILL,MUZAFFAR GARH SHERSHAH BY PASS ROAD MULTAN,MULTAN,01-JAN-12,A
81,BOA00517, 000,ASIA POULTRY FEEDS,61 D INDUSTRIAL ESTATE MULTAN ,MULTAN,01-DEC-94,A
82,BOA03861, 000,ASIA POULTRY FEEDS (PVT) LTD.,"INSIDE ASIA FEED, 61-D, INDUSTRIAL ESTATE",MULTAN,01-NOV-24,A
83,BOA00786, 000,ASKARI VISION PETROLIUM SERVICE,SHER SHAH BY-PASS MUZAFARGARH ROAD ,MULTAN,09-JUN-01,A
84,BOA03755, 000,ASTRAL NEUTRACEUTICALS,"PLOT# 278, INDUSTRIAL ESTATE PHASE II",MULTAN,01-FEB-24,A
85,BOA03613, 000,ATIQUE WAREHOUSE,"PLOT# 253, 254 & 282, INDUSTRIAL ESTATE PHASE II",MULTAN,01-JAN-23,A
86,BOA01065, 000,ATTA CHEMICALS (PVT) LTD,5C INDUSTRIAL ESTATE ,MULTAN,01-JAN-08,A
87,BOA03233, 000,ATTA FOODS,"PLOT#318, INDUSTRIAL ESTATE PHASE # 2",MULTAN,01-DEC-20,A
88,BIB01633,BO001,AURIGA CHEMICALS ENTERPRISES,plot no. 256/279 phase-ii industrial estate,MULTAN,01-MAY-05,A
89,BOA03219, 000,AWN PET BOTTLE PACKAGES (SMC) PVT LTD,"PLOT #314, INDUSTRIAL ESTATE PHASE II",MULTAN,01-JUN-20,A
90,BOA00677, 000,Arysta lifescience PAKISTAN PVT LTD,PLOT NO. 2-A ROOMI COTTON FACTORY INDUSTRIAL ESTATE ,MULTAN,01-APR-01,A
91,BOA01961, 000,BABER SAEED ENTERPRISES,15-A PHASE 1 INDUSTRIAL ESTATE MULTAN,MULTAN,01-AUG-12,A
92,BIB01847,BO001,BAHRIA FOUNDATION COLLEGE,147-CB GARDEN TOWN ,MULTAN,01-JAN-04,A
93,BIA00165,BO015,BANU MUKHTAR CANTRACTOR PVT LTD,ASKARI PHASE II SHERSHAH ROAD MULTAN,MULTAN,01-OCT-13,A
94,BOA02369, 000,BAR B Q TONIGHT,ADJACENT CHAMAN ZAAR ASKARI MULTAN CANTT,MULTAN,01-JAN-15,A
95,BOA02758, 000,BARCELOS AND CHINA GRILL,"CHAMAN ZAR ASKARI CHOWK, SHER SHAH ROAD",MULTAN,30-NOV-17,A
96,BOA03615, 000,BASEL PHARMACEUTICALS,"PLOT#227, INDUSTRIAL ESTATE PHASE II",MULTAN,01-JAN-23,A
97,BOA03731, 000,BASHIR INDUSTRIES,"PLOT # 3A-II, INDUSTRIAL ESTATE PHASE I",MULTAN,01-JUL-23,A
98,BOA03806, 000,BASSAM INDUSTRIES PVT LTD,"PLOT# 285, 286, INDUSTRIAL ESTATE PHASE II",MULTAN,01-MAR-23,A
99,BIA01185,BO065,BEACON HOUSE SCHOOL SYSTEM,2-3 SHER SHAH ROAD NEAR FWO OFFICE MULTAN CANTT,MULTAN,01-SEP-09,A
100,BOA01168, 000,BELAY DA DERA,OPP NAWAB HOTEL SHER SHAH ROAD,MULTAN,01-JAN-10,A
101,BOA01770, 000,BELIEVERS INTERNATIONAL,PLOT85 87 INDUSTRIAL ESTATE MULTAN,MULTAN,01-JAN-12,A
102,BOA00507, 000,BIO FINE PHARMA,74 INDUSTRIAL ESTATE ,MULTAN,01-APR-94,A
103,BOA03381, 000,BIO FORCE CHEMICALS,PLOT # 03 NEAR TOTAL PARCO OFFICE INDUSTRIAL ESTATE ,MULTAN,01-JAN-22,A
104,BOA02724, 000,BIO TRACK ENTERPRISES,"353-H, ST.#14, AL-QURESH HOUSING SOCIETY, PHASE I, SHER SHAH ROAD",MULTAN,01-SEP-17,A
105,BOA00675,BO003,BLOOMFIELD TODDLERS ASKARI BYPASS CAMPUS,ASKARI BYPASS ROAD OPPOSITE NISHAT COLLEGE,MULTAN,01-JAN-18,A
106,BOA01635, 000,BOARD OF MANAGEMENT INDUSTRIAL ESTATE MULTAN,OFFICE BLOCK MULTAN INDUSTRIAL ESTATE ,MULTAN,01-NOV-03,A
107,BOA01771, 000,BRITISH INTERNATIONAL SCHOOL (Al-Khaliq Campus),GARDEN TOWN SHER SHAH RD MULTAN,MULTAN,01-JAN-11,A
108,BOA02315, 000,BROOKLYN EDUCATION SYSTEM,SHER SHAH ROAD NEAR INDUSTRIAL ESTATE,MULTAN,01-JAN-14,A
109,BOA03520, 000,CERTUS SEEDS PVT LTD,"PLOT#9, INDUSTRIAL ESTATE PHASE II",MULTAN,01-JUL-16,A
110,BOA02223, 000,CHENAB MANAGEMENT LIAISON,Sher Shah Road multan,MULTAN,08-SEP-14,A
111,BOA00656, 000,CHICAGO METAL WORKS,8C/1B INDUSTRIAL ESTATE ,MULTAN,01-JAN-00,A
112,BOA03778, 000,CHOUDARY SERVICES PVT LTD,PLOT # 126-A PHASE II INDUSTRIAL ESTATE ,MULTAN,01-MAY-24,A
113,BOA02948, 000,CHOUDDHARY MARRIAGE CLUB,GARDEN TOWN MULTAN,MULTAN,01-JAN-18,A
114,BOA03865,BO005,CHRONOS OUTSOURCING SOLUTIONS ,OFFICE NO.16 SECOND FLOOR ABDUL RASHEED MOBILE CENTRE KETCHERY ROAD ,MULTAN,01-JUL-25,A
115,BOA02115, 000,CLEANING SOLUTIONS PVT. LTD.,PLOT 21 42 PHASE-II INDUSTRIAL ESTATE,MULTAN,01-FEB-14,A
116,BOA02015, 000,CLOOVER FIELD SCHOOL SYSTEM,GARDEN TOWN SHER SHAH RD MULTAN,MULTAN,07-JAN-13,A
117,BOA00649, 000,COCA COLA BEVERAGES PAKISTAN LTD,"Plot # 141-148, 163-170 INDUSTRIAL estate PHASE-II",MULTAN,19-JAN-00,A
118,AIF00036,BO008,COLGATE PALMOLIVE PAKISTAN LIMITED,PLOT NO. 2 A ROOMI COTTON FACTORY INDUSTRIAL ESTATE,MULTAN,01-JAN-19,A
119,BIA00065,BO002,COLONY TEXTILE MILLS LTD,ISMAILABAD MULTAN ,MULTAN,01-JUL-76,A
120,BOA03523, 000,COMBARGO,"PLOT # 9, INDUSTRIAL ESTATE PHASE II",MULTAN,01-JUL-15,A
121,BOA00853, 000,COMMANDAR AGRO PVT LTD,5-A & B INDUSTRIAL ESTATE ,MULTAN,26-NOV-02,A
122,POA00004, 000,CONIMPEX BREEDING FARM NO 2,NEAR TUFAILABAD INDUSTRIAL ESTATE ROAD ,MULTAN,17-SEP-02,A
123,BOA00301, 000,CRYSTAL AGRO FEED INDUSTRY PVT LTD,12 INDUSTRIAL ESTATE MULTAN. ,MULTAN,01-MAR-86,A
124,BOA02550, 000,CSCEC PAKISTAN (SUKKUR-MULTAN SECTION) PROJECT,"HOUSE #30, STREET # 02, PC COLONY",MULTAN,01-JUL-16,A
125,BOA02987, 000,DAILY CHEMICALS (SMC-PVT) LTD,PLOT NO. 102 INDUSTRIAL ESTATE PHASE 2 ,MULTAN,01-JAN-18,A
126,BOA02316, 000,DAR-E-ARQAM SCHOOL (ABDULLAH CAMPUS),AL QURAISH HOUSING SCHEME PHASE-I SHER SHAH ROAD,MULTAN,01-JAN-14,A
127,BOA03674, 000,DAYBREAK ENGINEERING SERVICES & CONSTRUCTION,"SHOP NO. 1, WAZIR MARKET, MAIN ROAD QASIM BELA",MULTAN,15-OCT-23,A
128,BOA03718, 000,DECENT ENTERPRISES,"HAMIDPUR KANORA ROAD, INDUSTRIAL ESTATE ",MULTAN,01-NOV-23,A
129,BOA03716, 000,DESCON ENGG LTD. C/O PEPSICO MULTAN,"PLOT NO. 149-155, PHASE II INDUSTRIAL ESTATE",MULTAN,01-NOV-23,A
130,BOA03713, 000,DOUBLE CHEEZ ,"SHAFQAT SPORT COMPLEX, NEAR ASKARI JHEEL, SHEER SHAH ROAD ",MULTAN,01-JAN-24,A
131,BOA02339, 000,DREAM GARDENS,ASKARI BY PASS SHER SHAH ROAD MULTAN CANTT,MULTAN,01-MAY-14,A
132,BOA02763, 000,DTM DISTRIBUTORS,OPP CHRISTIAN COLONY KHATKANA ROAD USMAN COLONY MULTAN CANTT,MULTAN,01-JAN-15,A
133,BIA04944,BO008,Dsource PVT LTD," C/O PEPSICO,  INDUSTRIAL ESTATE PHASE-II",MULTAN,01-JUL-19,A
134,BOA03937, 000,ECDON INTERNATIONAL,CHINA CHOWK INDUSTRIAL ESTATE MULTAN,MULTAN,01-JAN-25,A
135,BOA03524, 000,ECO PEST SOLUTIONS,"PLOT#9, INDUSTRIAL ESTATE PHASE II",MULTAN,01-JUL-17,A
136,BOA00372, 000,EHSAN ELAHI INDUSTRIES (PVT) LTD,70-a gulghast,MULTAN,22-NOV-89,A
137,BOA00922, 000,ELLAHI BUX & SONS,C/O SHELL DEPTT SHER SHAH ,MULTAN,01-JAN-04,A
138,BOA00730, 000,ELLAHI FABRICS,4-A/3 INDUSTRIAL ESTATE ,MULTAN,17-DEC-02,A
139,BOA01531, 000,EUROPAK FOUDRY ,25-A-III INDUSTRIAL ESTATE MULTAN,MULTAN,01-JUN-10,A
140,BOA02702, 000,EVENTIS MULTAN,"COCA COLA PLANT, INDUSTRIAL ESTATE , PHASE -II",MULTAN,01-JUN-17,A
141,BOA03291, 000,EXCEL CROP CARE,PLOT NO. 229 INNDUSTRIAL ESTATE PHASE II ,MULTAN,01-MAY-20,A
142,BOA00426, 000,EXCELLENT WOOLEN WEAVING,24 A INDUSTRIAL EST MULTAN ,MULTAN,01-JAN-91,A
143,BOA01050, 000,EXIN CHEMICALS CORPORATION,33-B INDUSTRIAL ESTATE ,MULTAN,01-JUL-08,A
144,BOA01045, 000,FALCON HOUSE GRAMMAR SCHOOL,146-CB TAUNSA ROAD GARDEN TOWN ,MULTAN,01-JUL-08,A
145,BOA02081, 000,FAMOUS PACKAGES,NADRABAD PHATAK SHERSHAH ROAD MULTAN,MULTAN,01-AUG-13,A
146,BOA03757, 000,FARM EVO ENTERPRISES,"PLOT # 313, INDUSTRIAL ESTATE PHASE II",MULTAN,01-JAN-24,A
147,BOA00558, 000,FARMERS EQUITY PVT LTD,INDUSTRIAL ESTATE -------------------- -------------------- --------------------,MULTAN,01-MAY-95,A
148,BOA03552, 000,FAST TRACK CONSTRUCTION (PVT) LTD,"57-U, DHA PHASE 2, LAHORE (C/O NORTHENABAD PHATAK, MULTAN)",MULTAN,01-JUL-22,A
149,BOA00295, 000,FAUJI FOUNDATION COTTAGE IND TRAINING CENTER,gARDEN TOWN TAUNSA ROAD,MULTAN,01-OCT-85,A
150,BOA00488, 000,FAUJI FOUNDATION MODEL SCHOOL,H 1505 KHALID HAFEEZ KHAN STREET GARDEN TOWN SHER SHAH ROAD,MULTAN,07-JAN-93,A
151,BOA03235, 000,FAUJI FOUNDATION ZONAL OFFICE EDUCATION ,"HOUSE NO.93, NEAR REHMAN MASJID, GARDEN TOWN, SHER SHAH ROAD",MULTAN,22-AUG-19,A
152,BBA00782,BO013,FAUJI SECURITY SERVICES (PVT) LIMITED,CB-288 Al-Rehman Street near mgm super store garden town sher shah road multan,MULTAN,01-APR-15,A
153,BOA03638, 000,FAV FOODS,"PLOT#115-116, INDUSTRIAL ESTATE PHASE II",MULTAN,01-JAN-23,A
154,BOA01972, 000,FINE PLASTICIZERS (pvt) ltd,52 PHASE 2 INDUSTRIAL ESTATE MULTAN,MULTAN,01-OCT-12,A
155,BOA01039, 000,FIT FRESHLY FOODS PVT LTD EX FAMOUS MINTA FOOD PVT,22-A-II INDUSTRIAL ESTATE ,MULTAN,02-JUL-07,A
156,BIB00325,BO010,FMC UNITED PVT LTD,21 A GULGASHT COLONY MULTAN ,MULTAN,01-JAN-95,A
157,BOA03717, 000,FOOD BASTI INDUSTRIES MULTAN,"PLOT#67, INDUSTRIAL PHASE 1",MULTAN,01-JUL-23,A
158,POA00002, 000,FOODS AND FEEDS,22-A-4 INDUSTRIAL ESTATE ,MULTAN,17-SEP-02,A
159,BOA00812, 000,FORT FILLING STATION,FORT COLONY SHER SHAH ROAD ,MULTAN,21-DEC-02,A
160,BOA00812,BO001,FORT II FILLING STATION(PSO),KAYAN PUR CHOWK OLD SHUJABAD ROAD,MULTAN,01-FEB-15,A
161,BIA03450,BO003,FOUR BROTHERS AGRI SERVICES (EX FOUR BROTHERS),344-AL QURESH housing colony SHER SHAH ROAD multan,MULTAN,01-MAY-09,A
162,BIA05277,BO001,FOUR BROTHERS BIOLOGICAL AG,344 AL QURESH SHER SHAH ROAD,MULTAN,01-JUL-18,A
163,AAE01322,BO006,FULCRUM PVT LTD,2-B-1 INDUSTRIAL ESTATE MULTAN,MULTAN,01-MAY-08,A
164,BOA02033, 000,FUTURE CHEMICAL ,PLOT # 48 PHASE II INDUSTRIAL ESTATE MULTAN,MULTAN,15-FEB-13,A
165,BIA02566,BO025,GAM CORP PVT LTD,SHER SHAH ROAD CHAMAN ZAR-E- ASKARI,MULTAN,30-JUN-16,A
166,BOA03759, 000,GEO CHEMICALS CORPORATION,"PLOT # 313, INDUSTRIAL ESTATE PHASE II",MULTAN,01-JAN-24,A
167,BOA01174, 000,GHAZI BROTHERS,111 A B INDUSIAL ESTATE,MULTAN,01-FEB-10,A
168,BOA03526, 000,GHOUSIA BRIKS CO,MOUZA THATHI LAL UC-ALAM GEE NEAR INDUSTRIAL ESTATE PHASE II,MULTAN,01-JUL-21,A
169,BOA03210, 000,GONAL INTERNATIONAL,"PLOT#117, INDUSTRIAL ESTATE PHASE II",MULTAN,01-JUL-16,A
170,BOA02567, 000,GOURMET BAKERS AND SWEETS,GARDEN TOWN,MULTAN,01-NOV-16,A
171,BOA03756, 000,GRACE ENTERPRISES,"PLOT # 319, 320, INDUSTRIAL ESTATE PHASE II",MULTAN,01-JAN-24,A
172,BOA03807, 000,GRAFFITI ADVERTISING,"PLOT #257, INDUSTRIAL ESTATE PHASE II",MULTAN,01-NOV-22,A
173,BOA02070, 000,GREEN MAX PVT LTD,PLOT 85 86 INDUSTRIAL ESTATE MULTAN,MULTAN,01-JAN-12,A
174,BOA01813, 000,GREEN REVOLUTION (PVT)LTD,4-C-1 INDUSTRIAL ESTATE MULTAN,MULTAN,01-JAN-12,A
175,BOA02844, 000,GREENLET INTERNATIONAL,8-B INDUSTRIAL ESTATE PHASE-I,MULTAN,01-APR-18,A
176,BOA03770, 000,GROWTH AGRO CHEMICALS,"PLOT # 349, INDUSTRIAL ESTATE PHASE II",MULTAN,01-APR-24,A
177,BOA02840, 000,GUL E SULEMANI (BURAQ AGRO CHEMICALS),"PLOT#339, PHASE-II INDUSTRIAL ESTATE ",MULTAN,01-JAN-18,A
178,BOA02471, 000,H N SCIENCE SCHOOL,MAIN TAUNSA ROAD GARDEN TOWN,MULTAN,01-JAN-15,A
179,BOA02805, 000,H N SCIENCE SCHOOL 2,MAIN TAUNSA STREET GARDEN TOWN,MULTAN,06-MAR-18,A
180,BOA03019, 000,H R PACKAGES,NEAR GOVT CLUSTER HOME RAHAT INDUSTRIAL ESTATE PHASE I,MULTAN,01-JAN-18,A
181,AAA00186,BO002,HABIB OIL MILLS LTD,PLOT NO 2-A ROOMI COTON FACTORY INDUSTRIAL ESTATE MULTAN,MULTAN,01-JUL-08,A
182,BOA03383, 000,HAMQADAM CROP SCIENCES,HAMID PUR ROAD OLD INDUSTRIAL ESTATE ROAD ,MULTAN,01-JAN-21,A
183,BOA03034, 000,HANAN MANAN & COMPANY,204 DEFENCE VIEW HOUSING SCHEME SHER SHAH ROAD,MULTAN,01-JUL-18,A
184,BOA02572, 000,HASSAM PAPER INDUSTRIES,"PLOT#346, INDUSTRIAL ESTATE, PHASE II",MULTAN,01-NOV-15,A
185,BOA03155, 000,HASSAN CORPORATION,SARDAR DA DERA INDUSTRIAL ESTATE PHASE II,MULTAN,01-JAN-20,A
186,BOA03361, 000,HASSAN NAWAZ FRUIT JUICES PVT LTD,YASEEN INDSUTRY HAMID PUR ROAD INDUSTRIAL ESTATE ,MULTAN,01-JAN-22,A
187,BOA02340, 000,HAVEN GROUP,41-C PHASE-I INDUSTRIAL ESTATE,MULTAN,01-JUL-14,A
188,BOA03402, 000,HBK TEXTILES (PVT) LTD,"PLOT NO.6-7 INDUSTRIAL ESTATE PHASE II, MULTAN",MULTAN,01-JAN-22,A
189,AAF03496,BO013,HCMS GLOBAL PVT LTD (C/O AGILITY LOGISTICS MLT),OFFICE # 202/02 2ND FLOOR SPEEDY TOWER DHA PHASE 1 KARACHI,KARACHI,15-MAR-22,A
190,BOA00735, 000,HELB AGRO SCIENCES PAK PVT LTD,7-C 1st Industrial estate,MULTAN,04-OCT-02,A
191,BOA00734, 000,HELB PESTICIDES CHEMICALS PAK PVT LTD,7-C 1st industrial estate multan,MULTAN,04-OCT-02,A
192,BOA01775, 000,HERITAGE MONTESORI SCHOOL,11-D GARDEN TOWN MULTAN,MULTAN,01-JUN-11,A
193,BOA01809, 000,HEXON CHEMICALS PVT LTD,PLOT # 10 PHASE II INDUSTRIAL ESTATE MULTAN,MULTAN,01-JAN-12,A
194,BOA03758, 000,HIGRO CHEMICALS,"PLOT # 313, INDUSTRIAL ESTATE PHASE II",MULTAN,01-JAN-24,A
195,BOA00032, 000,HILAL FABRICS (Pvt) Limited,1-industrial estate multan,MULTAN,01-JUL-76,A
196,BOA03016, 000,HISUN PVT LTD,119-120 INDUSTRIAL ESTATE PHASE II,MULTAN,01-JAN-19,A
197,AAB00266,BO005,HOECHST PAK LTD(BAYERS CROPS),INDUSTRIAL ESTATE -------------------- -------------------- --------------------,MULTAN,01-JUL-76,A
198,BOA03584, 000,HOLSUN CHEMICALS,"PLOT # 268, 269, INDUSTRIAL ESTATE PHASE II",MULTAN,01-JUL-22,A
199,BOA01355, 000,HR CHEMICAL GROUP,5 D INDUSTRIAL ESTATE,MULTAN,01-AUG-09,A
200,AAF01982,BO053,HUMAN RESOURCE SOLUTIONS PVR LTD C/O PTC,C-50 BLOCK-2 NEAR FATIMA JINNAH PARK CLIFTON,KARACHI,01-MAR-22,A
201,BOA02084, 000,HUSNAIN FOODS,4/B INDUSTRIAL ESTAT MULTAN ,MULTAN,01-JUN-13,A
202,BOA01372, 000,HYGIENE INDUSTRIES,21 A INDUSTRIAL ESTATE,MULTAN,01-JUL-08,A
203,BOA01637, 000,IBRAHIM HASEEB COLD STORE,1-D INDUSTRIAL ESTATE MULTAN,MULTAN,01-JAN-11,A
204,BOA03171, 000,IBS LOGISTICS PVT LTD,"HOUSE#149/1,OPPOSITE SDO OFFICE MEPCO, TAUNSA ROAD",MULTAN,01-MAY-19,A
205,BOA01729, 000,INNOVATIVE CHEMICALs,36-A INDUSTRIAL ESTATE MULTAN,MULTAN,01-JAN-12,A
206,BOA01960, 000,INSTITUTE OF MOTHER CHILD CARE,NEAR AL QURESH HOUSING SCHEME SHERSHAH RAOD MULTAN,MULTAN,01-FEB-12,A
207,BOA00872, 000,IQBAL ELEMENTORY SCHOOL,ISMAILABAD SHER SHAH ROAD ,MULTAN,28-DEC-02,A
208,BOA03843, 000,ISRA FEED PVT LTD,"PLOT #12, INDUSTRIAL ESTATE,",MULTAN,01-AUG-24,A
209,BOA03272, 000,ITTEFAQ CHEMICALS GROUP,"PLOT # 44, INDUSTRIAL ESTATE PHASE II",MULTAN,01-APR-21,A
210,BIA01106,BO088,IZHAR CONTRACTION PVT LTD C/O MEZAN BEVERGAES,"PLOT NO 22C, 23A MEZAN BEVERAGES INDUSTRIAL ESTATE MULTAN",MULTAN,01-JUN-25,A
211,BOA01088, 000,J S ENTERPRISES,"mouza jungle bhera, near industrial estate phase -i",MULTAN,01-JAN-09,A
212,BOA00977, 000,J.B. PaCKAGES (PVT) LTD.,83-A INDUSTRIAL ESTATE ,MULTAN,01-MAR-06,A
213,BOA03194, 000,JAFFER AGRO SERVICES PRIVATE LIMITED,"PLOT#62-A, INDUSTRIAL ESTATE PHASE 1",MULTAN,01-SEP-20,A
214,BOA00305, 000,JAMI WOOL CO,4-G INDUSTRIAL ESTATE MULTAN ,MULTAN,01-JAN-87,A
215,BOA03871, 000,JAVED BADAR WAREHOUSE & INDUSTRY MULTAN,PLOT # 234 INDUSTRIAL ESTATE PHASE II ,MULTAN,01-JAN-25,A
216,BOA02090, 000,JEVEY ZIA HASHMI CARGO SERVICE OFFICE,C/O COCA COLA BEVERGES VEHARI ROAD,MULTAN,01-JUN-13,A
217,BOA03318, 000,JEWAY AZIZ GOODS TRANSPORT PVT LTD,CHINA CHOWK ESTATE AREA ,MULTAN,01-SEP-21,A
218,BOA03554, 000,JJ HR SOLUTIONS (PVT)LTD,"LABOUR COLONY FLAT NO. 43/10, INDUSTRIAL ESTTAE",MULTAN,01-OCT-22,A
219,BOA00028,BO001,JK SUGAR MILLS (PRIVATE) LIMITED mehtabi warehouse,NEAR TELEPHONE EXCHANGE INDUSTRIAL ESTATE,MULTAN,01-JAN-19,A
220,BOA02342, 000,JULLUNDUR (PVT) LIMITED,44-B PHASE-I INDUSTRIAL ESTATE,MULTAN,01-JUL-13,A
221,BOA01643, 000,KANZO AG,9-INDUSTRIAL ESTATE PHASE-II INDUSTRIAL ESTATE MUL,MULTAN,01-JAN-09,A
222,BOA02972, 000,KAREEM CHEMICALS,02/A ROOMI COTTON FACTORY INDUSTRIAL ESTATE,MULTAN,01-JAN-18,A
223,BOA03268, 000,KAREEM WAREHOUSE,"PLOT#326, INDUSTRIAL ESTATE PHASE II",MULTAN,22-JUN-21,A
224,BOA00445, 000,KASHIF DALL FACTORY,INDUSTRIAL ESTATE MULTAN ,MULTAN,13-NOV-90,A
225,BOA03127, 000,KHAN WAREHOUSE,"PLOT # 243, INDUSTRIAL ESTATE PHASE II ",MULTAN,01-JAN-20,A
226,BOA03384, 000,KHANCEPT EDUCATIONAL SOLUTIONS PVT LTD (TSS),"THE STEM SCHOOL SHER SHAH CAMPUS, SHER SHAH ROAD MULTAN",MULTAN,09-OCT-21,A
227,BOA01157, 000,KHAWAJA FEEDS (PVT) LTD,1-7 INDUSTRIAL ESTATE,MULTAN,01-SEP-09,A
228,POA00006, 000,KHAWAJA MINERAL INDUSTRIES PRIVATE LIMITED,34-B INDUSTRIAL ESTATE ,MULTAN,16-SEP-02,A
229,BOA00502, 000,KOHENOOR CHIPBOARD INDUSTRIES,PLOT NO 32 INDUSTRIAL ESTATE ,MULTAN,01-DEC-93,A
230,BOA03280, 000,KRAFTCON (PVT) LTD,C/O MAHMOOD TEXTILE MILLS INDUSTRIAL ESTATE,MULTAN,02-DEC-20,A
231,BOA02830, 000,Kids Care Hospital,FIRST FLOOR PEARL CENTRE GARDEN TOWN,MULTAN,01-JAN-18,A
232,BIC00924,BO002,LABOUR MANAGEMENT SERVICES (PVT) LTD,GARDEN TOWN SHERSHAH ROAD MULTAN CANT,ABBASPUR,01-DEC-20,A
233,BOA03269, 000,LAHORE AGRO PROCESSING (PVT) LTD,"PLOT#158, INDUSTRIAL ESTATE PHASE 2",MULTAN,01-APR-21,A
234,BOA03012, 000,LAUREATE HIGH SCHOOL HASSAN CAMPUS,144-A TAUNSA ROAD GARDEN TOWN ,MULTAN,01-DEC-18,A
235,BOA01665, 000,LEADER AG,6-D INDUSTRIAL ESTATE MULTAN,MULTAN,01-APR-10,A
236,BOA03117, 000,LEOPARDS COURIER SERVICES (PVT) LTD.,"PARACHA INDUSTRIAL COMPLEX PLOT # 4/B, INDUSTRIAL ESTATE",MULTAN,01-JUL-19,A
237,BOA03418, 000,LIAQAT ALI (M/S AST ROYAL FOODS),PLOT # 126 INDUSTRIAL ESTATE PHASE II ,MULTAN,01-JAN-22,A
238,BOA03246, 000,LIASIA IMPAX,"PLOT# 213/226, INDUSTRIAL ESTATE PHASE II",MULTAN,01-JAN-21,A
239,BOA00571, 000,LIFE PHARMACEUTICAL COMPANY,24-3 INDUSTRIAL ESTATE ,MULTAN,01-SEP-95,A
240,BOA01172, 000,M A INDUSTRIES,105 INDUSTREIAL ESTATE,MULTAN,01-JAN-09,A
241,BOA02718, 000,M I CORPORATION,"44-INDUSTRIAL ESTATE, PHASE II",MULTAN,01-JUL-17,A
242,BOA01493,BO001,M M PLASTIC INDUSTRY,15-B PHASE 1 INDUSTRIAL ESTATE MULTAN,MULTAN,01-MAR-12,A
243,POA00008, 000,M.SHAH MUHAMMAD AND SONS PVT LTD,8-C/3 INDUSTRIAL ESTATE ,MULTAN,20-SEP-02,A
244,BOA00967, 000,M/S CLASSIC CONSUMABLES,74-B PHASE II INDUSTRIAL ESTATE MULTAN,MULTAN,01-AUG-04,A
245,BIA00065,BO012,M/S CREATIVE TECHNICAL MANAGERS,COLONY MILLS ISMAILABAD,MULTAN,01-DEC-18,A
246,BIB04908,BO001,MA ENGINEERING C/O PC HOTEL,"PC HOTEL, ASKARIA BY PASS",MULTAN,01-JAN-22,A
247,BOA03289, 000,MADINA TUL OLIA WAREHOUSE,"PLOT NO. 278, INDUSTRIAL ESTATE PHASE II",MULTAN,01-AUG-21,A
248,BOA03081, 000,MADNI PAPER & WASTE CORPORATION,36/B INDUSTRIAL ESTATE,MULTAN,01-JUL-19,A
249,BOA02573, 000,MALIK ENTERPRISES,46/C INDUSTRIAL ESTATE,MULTAN,01-JUL-16,A
250,BOA02965, 000,MALIK RAFIQUE AHMED LABOR CONTRACTOR (SMC-PVT)LTD,"shop no 42, khyban e kubra colony Multan",MULTAN,01-JUN-18,A
251,BOA02965,BO001,MALIK RAFIQUE AHMED LABOR CONTRACTOR SMC PVT LTD,SHOP#42 KHYBAN-E-KUBRA COLONY SHER SHAH ROAD MULTAN,MULTAN,01-JUL-25,A
252,BOA01072, 000,MALIK RAFIQUE AHMED LABOR CONTractor (smc-pvt) ltd,"Shop No 42, khyban E Kubra colony Sher shah road multan",MULTAN,01-JAN-09,A
253,BNA00037,BO001,MAQBOOL TEXTILE MILLS LTDH.O.,2-INDUSTRIAL ESTATE ,MULTAN,01-MAY-07,A
254,BOA03743, 000,MASOOD & COMPANY-3,"5-D, INDUSTRIAL ESTATE, NEAR POST OFFICE & PTCL EXCHANGE",MULTAN,01-MAR-24,A
255,BOA03536, 000,MASOOD APPARELS (PVT) LTD,"PLOT#62-E, INDUSTRIAL ETATE PHASE-1",MULTAN,01-JUL-22,A
256,AAE00428,BO090,MCR (PVT) LTD,"NEAR CHAMAN ZAR ASKARI, SHERSHAH ROAD",MULTAN,01-DEC-16,A
257,BOA01815, 000,"MEHMOOD TEXTILE MILLS,  unit no.7.indus estate  ",94 95 96 INDUSTRIAL ESTATE MULTAN,MULTAN,02-JAN-12,A
258,BOA00018, 000,MEHMOODA MAQBOOL MILLS LTD,INDUSTRIAL ESTATE MUZAFFARGARH RD MULTAN ,MULTAN,01-JUL-76,A
259,BOA03495, 000,MEHRAB HOTEL AND RESTURANT,SHER SHAH BYPASS MUZAFARGRAH ROAD NEAR ASKARI PETROLEUM SERVICES,MULTAN,01-AUG-22,A
260,FAA01785,BO011,METRO GUARDS PVT LTD,C/O COCA COLA BEVRAGES INDUSTRIAL ESTATE phase II ,MULTAN,01-FEB-13,A
261,BOA03283, 000,MG APPAREL LIMITED,"PLOT# 94, 95, 96, INDUSTRIAL ESTATE ",MULTAN,01-JUL-21,A
262,BOA02433, 000,MIAN BROTHERS,PLOT#41 PHASE-II INDUSTRIAL ESTATE,MULTAN,01-FEB-16,A
263,BOA00809, 000,MIANAWALI HOTEL,MUZAFARGARH ROAD SHER SHAH BY-PASS ,MULTAN,27-NOV-02,A
264,BIA00046,BO002,MILLAT TRACTOR LTD,GARDEN TOWN SHERSHAH ROAD MULTAN CANT,MULTAN,12-NOV-07,A
265,BOA03295, 000,MIRROR TRADERS,PLOT NO. 208 PHASE II INDUSTRIAL ESTATE,MULTAN,01-MAY-21,A
266,BOA03201, 000,MISTER FOODS,"PLOT # 317, INDUSTRIAL ESTATE PHASE 2",MULTAN,20-JAN-20,A
267,BOA03774, 000,MUHAMMAD LATIF WAREHOUSE,PLOT # 239 MULTAN INDUSTRIAL ESTATE PHASE II,MULTAN,01-MAY-24,A
268,BOA02189, 000,MUHAMMAD TRADERS FABRICATORS,PLOT 59 PHASE-II INDUSTRIAL ESTATE,MULTAN,01-AUG-14,A
269,BOA03102, 000,MULTAN AFSHAR PACKAGES (PVT) LTD.,"3-B, INDUSTRIAL ESTATE",MULTAN,01-OCT-19,A
270,BOA03966, 000,MULTAN AUTO ENGINEERING,PLOT # 74 -A INDUSTRIAL ESTATE PHASE- II MULTAN,MULTAN,01-NOV-25,A
271,BOA00256, 000,MULTAN CHEMICALS LTD,4 C II INDUSTRIAL ESTATE MULTAN ,MULTAN,30-MAR-85,A
272,BOA00576, 000,MULTAN DRY PORT TRUST,SHER SHAH BY-PASS MULTAN ,MULTAN,18-OCT-95,A
273,BOA00672, 000,MULTAN GEMS SCHOOL FOR GIRLS,155-SHER SHAH ROAD ,MULTAN,01-MAR-01,A
274,BOA00332, 000,MULTAN HIDE CO LTD,PLOT NO.102 INDUSTRIAL ESTATE MULTAN ,MULTAN,01-JAN-87,A
275,BOA00376, 000,MULTAN PACKAGES,4-J-IV INDUSTRIAL ESTATE MULTAN. ,MULTAN,01-JUL-89,A
276,BOA01668, 000,MUSA PAK CHEMICAL INDUSTRIES PVT LTD,PLOT61-B 1 MULTAN INDUSTRIAL ESTATE MULTAN,MULTAN,01-JAN-10,A
277,BOA01406, 000,MUSHTAQ HERBAL PHARMA,23 B INDUSTRIAL ESTATE,MULTAN,01-DEC-08,A
278,BOA01774, 000,MUSTANG SECURITY SERVICES PVT LTD,GARDEN TOWN SHERSHAH ROAD MULTAN,MULTAN,01-APR-12,A
279,BOA03870, 000,NAEEM BHATTI WARE HOUSE & INDUSTRY MULTAN,PLOT # 310 INDUSTRIAL ESTATE PHASE II,MULTAN,01-JAN-25,A
280,BOA03073, 000,NAQSH CATERERS C/O PEPSICO,"PLOT NO. 149-162, PHASE II INDUSTRIAL ESTATE ",MULTAN,15-OCT-19,A
281,BOA02356, 000,NAQSHBAND FOODS,PLOT#47 INDUSTRIAL ESTATE PHASE-II,MULTAN,01-AUG-15,A
282,BOA00938, 000,NASCO,47-A INDL ESTATE ,MULTAN,03-JUN-04,A
283,FAA00408,BO031,NATIONAL RURAL SUPPORT PROGRAMME ,HOUSE 198 G I ARAYA WALI GALI GARDEN TOWN MULTAN,MULTAN,01-JAN-10,A
284,BJA00091,BO015,NAUBAHAR BOTTLING COMPANY (MEHTABI WAREHOUSE),NEAR TELEPHONE EXCHANGE INDUSTRIAL ESTATE MULTAN,MULTAN,01-MAY-25,A
285,BOA03527, 000,NAVEED AZAM EMBROIDERY,"PLOT#14, INDUSTRIAL ESTATE PHASE 2",MULTAN,01-JUL-22,A
286,BOA03783, 000,NAWAB ENGINEERING COMPANY,NEAR NAWAB HOTEL SHER SHAH BYPASS ,MULTAN,01-JUN-24,A
287,BOA00816, 000,NAWAB HOTEL,MUZAFARGARH ROAD SHER SHAH BY-PASS ,MULTAN,27-NOV-02,A
288,BOA03555, 000,NAWABDIN ELECTRIC CONCERN SMC PVT LTD,"NEAR CHINA CHOWK, INDUSTRIAL ESTATE PHASE II",MULTAN,01-DEC-22,A
289,BOA03344, 000,NEW AGRO SCIENCES,PLOT 40-II INDUSTRIAL ESTATE PHASE 1 ,MULTAN,15-FEB-22,A
290,BOA02890, 000,NEW CHAUDHRY FIBERS,39/22 HAMID PUR KINORA CHINA ROAD NEAR INDUSTRIAL STATE PHASE-III,MULTAN,01-JUL-17,A
291,BOA02314, 000,NEW PESHAWARI HOTEL,MUZAFFARGARH ROAD SHER SHAH BY PASS,MULTAN,01-JAN-14,A
292,BOA01009, 000,NH PESTICIDE GROUP INTERNATIONAL,62-A INDUSTRIAL ESTATE ,MULTAN,01-FEB-05,A
293,BOA00804, 000,NICE INTERNATIONAL,25-AI INDL ESTATE ,MULTAN,02-JUN-03,A
294,BOA00499,BO005,"NISHAT BOYS SCHOOL, ASKARI BRANCH",CHOWK NAGG SHAH NEW BY PASS,MULTAN,01-MAR-11,A
295,BOA00499,BO009,"NISHAT GIRLS SCHOOL, ASKARI BRANCH",ASKARI BYPASS ROAD ,MULTAN,01-FEB-25,A
296,BOA03169, 000,NOBLE TRADERS,C/O COCA COLA INDUSTRIAL ESTATE,MULTAN,01-FEB-20,A
297,BOA02432, 000,NS PACKAGES PVT LTD,PLOT#263 PHASE-II INDUSTRIAL ESTATE ,MULTAN,01-JAN-16,A
298,BOA02541, 000,NUCHEM (PVT) LTD,187-INDUSTRIAL ESTATE PHASE-II,MULTAN,01-JUN-16,A
299,BOA02032, 000,OLAYAN CONCRETE,PLOT # 17 PHASE II INDUSTRIAL ESTATE MULTAN,MULTAN,01-AUG-12,A
300,BOA03220, 000,ORIENT AGRI SERVICES,"44-B, INDUSTRIAL ESTATE ",MULTAN,30-MAY-19,A
301,BOA02083, 000,ORIENT ENTERPRISES,4/B INDUSTRIAL ESTAT MULTAN ,MULTAN,01-JUN-13,A
302,BOA01684,BO003,OUTRIDERS PVT LTD,C/O PSO LPG Project -3RD FLOOR GOLDEN HEIGHTS OPP HIGHCOURT,MULTAN,01-DEC-18,A
303,BOA00851, 000,PAK GRAMMAR HIGH SCHOOL,NR GARDEN TOWN SHER SHAH ROAD ,MULTAN,28-NOV-02,A
304,BBA01355,BO001,PAK MULTI SERVICES PVT LTD,"RIZWAN ARCADE 4TH FLOOR, OFF# 404, ADAM G ROAD SADAR",RAWALPINDI,01-MAY-18,A
305,BOA03546, 000,PAK NATIONAL DISTRIBUTORS,"5-D, INDUSTRIAL ESTATE [HASE-1",MULTAN,01-JUL-22,A
306,BOA00753, 000,PAK PANSY PVT LTD,6-B INDL ESTATE ,MULTAN,15-DEC-02,A
307,BOA03676, 000,PAK TENTAGE ,"PLOT#283-284, INDUSTRIAL ESTATE PHASE II",MULTAN,01-JAN-23,A
308,AAB00179,BO015,PAKISTAN BURMAH SHELL LIMITED,OIL DEPOT SHERSHAH SHERSHAH MULTAN ,MULTAN,01-APR-82,A
309,BOA03319, 000,PARBAT CROP SCIENCES,207 Industrial Estate phase-II Multan,MULTAN,01-JUL-21,A
310,BOA03962, 000,PARBAT FLOUR MILLS ,64- INDUSTRIAL ESTATE PHASE II MULTAN,MULTAN,01-AUG-25,A
311,BUB00269, 000,PARIZAD QUALITY FOODS,"PLOT#2, CANAL VIEW TOWN, LAHORE ROAD",BUREWALA,01-JUN-23,A
312,BOA03833, 000,PASTERS CHEMICAL ENTERPRISES,"PLOT # 24 PHASE II, INDUSTRIAL ESTATE ",MULTAN,01-JUL-24,A
313,BOA01510, 000,PATRON CHEMICALS,1o1/4 INDUSTRIAL ESTATE MULTAN,MULTAN,15-MAR-05,A
314,BOA02857, 000,PEPSI COLA INTERNATIONAL,PLOT 149/155 PHASE-II INDUSTRIAL ESTATE,MULTAN,01-JUN-18,A
315,BOA00650, 000,PHOENIX SECURITY SERVICES PVT LTD,house r-444 defence view housing societytibba masoodpur sher shah rd multan,MULTAN,01-JAN-98,A
316,BOA00618, 000,PHONEIX ARMOUR (PVT) LIMITED,120 SHERSHAH ROAD MULTAN CANTT PH:586742 ,MULTAN,20-JUN-94,A
317,FAA01904,BO010,PIFFERS SECURITY SERVICES PVT LTD,OFFICE # 17 2ND FLOOR CAPITAL PALAZA G-11 MARKAZ,ISLAMABAD,01-APR-20,A
318,BOA02289, 000,PIONEER CHEMICALS,209 INDUSTRIAL ESTATE PHASE-II,MULTAN,01-OCT-14,A
319,BOA02951, 000,PLANT 4 LIFE (PVT) LTD.,"6-D, INDUSTRIAL ESTATE PHASE-I ",MULTAN,01-JUN-18,A
320,AAB00308,BO016,PLILIP MORRIS PAK LTD,2-B-1 OPP HILAL FABRICS INDUSTRIAL ESTATE MULTAN,MULTAN,01-AUG-12,A
321,BOA01849, 000,POLYPET PVT LTD,40-I INDUSTRIAL ESTATE MULTAN,MULTAN,01-OCT-12,A
322,BOA02357, 000,POPULAR FOOD INDUSTRIES UNIT-III,A-155 INDUSTRIAL ESTATE PHASE-II ,MULTAN,01-MAY-14,A
323,FAA00889,BO007,PREMIER SECURITY SERVICES,"PLOT 140-148,163-170 PHASE-II C/O COCA COLA MULTAN",MULTAN,01-APR-18,A
324,BOA02034, 000,PRIME CROP SCIENCE ,95/76 PHASE II INDUSTRIAL ESTATE MULTAN,MULTAN,15-FEB-13,A
325,BOA02970, 000,PRIME HONDA,INDUSTRIAL ESTATE ROAD ,MULTAN,01-JAN-17,A
326,BOA03645, 000,PROFESSIONAL EMPLOYERS PVT. LTD-COLGATE,"PLOT# 2/A, ROOMI COTTON FACTORY, INDUSTRIAL ESTATE",MULTAN,01-JUL-23,A
327,BOA01111, 000,PUNJAB CAR AIR CONDITIONING CENTRE,277 SHER SHAH ROAD,MULTAN,01-JAN-09,A
328,BOA01816, 000,PUNJAB ICE FACTORY,INDUSTRIAL ESTATE MULTAN,MULTAN,01-APR-11,A
329,BOA01816,BO001,PUNJAB ICE FACTORY UNIT NO. 2,SHER SHAH ROAD INDUSTRIAL ESTATE BY PASS,MULTAN,01-JAN-14,A
330,BOA02855, 000,PUNJAB RUBBER TECH INDUSTRIES,"PLOT 28 PHASE-II, INDUSTRIAL ESTATE",MULTAN,01-MAR-18,A
331,AAB03197,BO001,Pearl real estate holdings (PVT) LTD,ASKARIA BYPASS ROAD MULTAN,MULTAN,01-JUN-11,A
332,BOA00436, 000,QADIR AGRO INDUSTRIES LTD,4-D INDUSTRIAL ESTATE MULTAN ,MULTAN,01-AUG-91,A
333,BOA03938, 000,QADIR BUKHSH AND SONS,PLOTE NO 345 PHASE II INDUSTRIAL ESTATE MULTAN,MULTAN,01-MAY-25,A
334,BOA00676, 000,QADIR Poly Pvt lTD,"88 - B, INDUSTRIAL ESTATE",MULTAN,01-JAN-01,A
335,BOA01850, 000,QAYYUM PETROLEUM,SHERSHAH ROAD MULTAN,MULTAN,01-JAN-10,A
336,BOA03154, 000,R.B. AVARI ENTERPRISES (PVT) LTD,"1/2KM, CHINA ROAD, INDUSTRIAL ESTATE",MULTAN,01-FEB-20,A
337,BOA02078, 000,R.G FILLING,41-c INDUSTRIAL ESTATE MULTAN,MULTAN,01-JUN-12,A
338,BIA01919,BO003,RAAZIQ marketing & management services,"PLOT # 17-18, HALL # 5, NEAR UBL BANK INDUSTRIAL ESTATE, PHASE 1",MULTAN,01-MAR-17,A
339,BOA03052, 000,RAFIQ GROUP OF INDUSTRIES(FAZAL COLD STORAGE),"PLOT # 157, INDUSTRIAL ESTATETE",MULTAN,01-DEC-17,A
340,BOA03754, 000,RAJWANA PACKAGES,"PLOT# 259, INDUSTRIAL ESTATE PHASE II ",MULTAN,01-JAN-24,A
341,FAA02049,BO006,READY GUARD SECURITY SERVICES PVT LTD,"SHELL REGIONAL OFFICE, SHER SHAH ROAD, SHELL DEPOT",MULTAN,01-NOV-21,A
342,BOA02988, 000,RIFSONS FOOD PVT LTD,PLOT NO 192 INDUSTRIAL ESTATE PHASE 2,MULTAN,01-OCT-18,A
343,BOA03396, 000,RIVERSIDE RAW MATERIAL PVT LTD,PLOT#1-A-III/A INDUSTRIAL STATE MULTAN,MULTAN,18-MAY-19,A
344,BOA01535, 000,ROHAAN SAEED ICE FACTORY,SHERSHAH ROAD MOZAFFARABAD,MULTAN,01-MAR-11,A
345,BOA00198, 000,ROOMI COTTON FACTORY,2 A INDUSTRIAL ESTAT MULTAN ,MULTAN,01-JUL-76,A
346,BOA03014, 000,ROSE LAMINATES,39-A INDUSTRIAL ESTATE PHASE 1,MULTAN,01-JUL-18,A
347,BOA02947, 000,ROTI TUKKAR RESTAURANT ,INSIDE ASKARI JHEEL MULTAN CANNT,MULTAN,01-JAN-18,A
348,BOA03271, 000,ROYAL AGRO SERVICES,"PLOT# 44, INDUSTRIAL ESTATE PHASE II",MULTAN,01-FEB-21,A
349,BOA01812, 000,ROYAL CONTINENTAL HOTEL,NEAR MULTAN DRY PORT SHER SHAH BY PASS MULTAN,MULTAN,01-JUL-12,A
350,BOA03744, 000,RUDOLF LIFE SCIENCES PAKISTAN,MAIN ROAD INDUSTRIAL ESTATE PHASE II,MULTAN,01-MAR-24,A
351,BTB00753,BO002,RUDOLF PAKISTAN (PVT) LTD.,"PLOT 214, PHASE II, INDUSTRIAL ESTATE, MULTAN",MULTAN,01-JUL-24,A
352,BOA00243, 000,S.M.NAZIR AND COMPANY,6-C INDUSTRIAL ESTATE MULTAN. ,MULTAN,01-JUL-84,A
353,BOA01730, 000,SAEED JABBAR PACKAGES,11 INDUSTRIAL ESTATE MULTAN,MULTAN,01-JAN-12,A
354,BOA00879, 000,SAJID MODEL SCHOOL,NR GULISTAN CENIMA ISMAILABAD ,MULTAN,10-MAY-03,A
355,BOA03129, 000,SALMAN FOOD PRODUCTS,"PLOT # 45, INDSUTRIAL ESTATE",MULTAN,01-JUL-19,A
356,BOA01046, 000,SARBAN ENTERPRISES,1-E INDUSTRIL ESTATE ,MULTAN,01-JUL-08,A
357,BOA01642, 000,SARDAR PACKAGES,PLOT NO 3-A-II INDUSTRIAL ESTATE MULTAN,MULTAN,01-NOV-10,A
358,BOA03199, 000,SARKHAIL PACKAGES PVT LTD,"PLOT#287, IDUSTRIAL ESTATE PHASE II",MULTAN,01-JAN-19,A
359,BOA01945, 000,SARWAR OIL MILLS,SHER SHAH BY PASS OPP ALKHAIR FLOUR MILLS MULTAN,MULTAN,01-APR-12,A
360,BOA03276, 000,SARWAR POLY PACKAGES PVT LTD,"PLOT#292-293, INDUSTRIAL ESTATE PHASE II",MULTAN,01-NOV-20,A
361,BOA01138, 000,SAVE FILLING STATION (FORMERLY SAVE CNG STATION),GARDEN TOWN TEHSILDAR MOR ,MULTAN,01-JUL-08,A
362,BOA03936, 000,SG SARDAR PVT LIMITED,NEAR CHINA CHOWK INDUSTRIAL ESTATE MULTAN,MULTAN,01-MAY-25,A
363,BOA03530, 000,SHABBIR POLY PACKAGES,"PLOT#308, INDUSTRIAL ESTATE PHASE II",MULTAN,01-JUL-22,A
364,BOA00817, 000,SHADI KHAIL FILLING STATION,HAMID PUR SHER SHAH BY-PASS ,MULTAN,27-NOV-02,A
365,BOA03612, 000,SHAFIQUE WAREHOUSE,"PLOT# 255, 280 & 281, INDUSTRIAL ESTATE PHASE II",MULTAN,01-MAR-23,A
366,BOA03525, 000,SHAH RUKN-E-ALAM BRICKS CO.,"GAGGRAN LINK ROAD, SHER SHAH",MULTAN,01-JUL-21,A
367,BOA00254, 000,SHAH SONS LTD,8 C/1 INDUSTRIAL ESTATE MULTAN POSTAL ADDRESS,MULTAN,01-OCT-84,A
368,BOA00396, 000,SHAHEEN WOOD WORKING INDUSTRIES (PVT) LTD,44-A INDUSTRIAL ESTATE MULTAN ,MULTAN,02-MAY-90,A
369,BOA00895, 000,SHAHRAM FILLING STATION,GARDEN TOWN ,MULTAN,01-JAN-04,A
370,BOA03597, 000,SHAHSONS PAKISTAN PRIVATE LIMITED (UNIT 1),"PLOT NO. 291, INDUSTRIAL ESTATE PHASE II",MULTAN,01-JAN-23,A
371,BOA03108, 000,SHAHSONS PRECISION ENGINEERING PVT. LTD.,"8-C/1-A, INDUSTRIAL ESTATE ",MULTAN,01-JUL-19,A
372,BOA01814, 000,SHANE-E- MUSTAFA COLD STORAGE,PLOT#16 PHASE 2 INDUSTRIA ESTATE MULTAN,MULTAN,01-MAR-12,A
373,BOA00302, 000,SHARIF OIL INDUSTRies (PVT) LTD,4-A INDUSTRIAL ESTATE MULTAN ,MULTAN,01-OCT-84,A
374,BOA01123, 000,SHEIKH MUHAMMAD IKRAM(CONTRACTOR CTM),CONTRACTOR LOADING UNLOADING CTM,MULTAN,01-APR-09,A
375,BOA03534, 000,SHERRY KHAN P/S,"MUZAFFARGARH ROAD, NEAR DRYPORT SHER SHAH",MULTAN,01-JUL-22,A
376,BOA02118, 000,SHINWARI GRILL 3 RESTAURANT,SHER SHAH ROAD GARDEN TOWN MULTAN CANTT,MULTAN,01-JAN-14,A
377,BOA00800, 000,SHOAIB PAPER MILLS,43-BI INDL ESTATE ,MULTAN,15-MAR-03,A
378,BOA01966, 000,SILKO SHINE PAINT,MULTAN,MULTAN,01-JUL-12,A
379,BOA02969, 000,SINO PAK CHEMICALS,"PLOT NO 34 MULTAN INDUSTRIAL ESTATE PHASE ii,",MULTAN,01-JAN-17,A
380,BOA02313, 000,SIR SYED COLLEGE,GARDEN TOWN BEHIND SAVE CNG,MULTAN,01-JAN-15,A
381,AAE00703,BO047,SIZA FOODS PVT LTD ,MCDONALD M/S FORT COLONY NEAR CHAMMAN ZAE-E-ASKARI SHER SHAH ROAD ,MULTAN,01-FEB-22,A
382,POA00014, 000,SK INDUSTRY PVT LTD,61-A INDUSTRIAL ESTA ,MULTAN,15-OCT-02,A
383,BOA00996, 000,SK Industry(PVT)LTD Unit # 02,PLOT NO 110 B INDUSTRIAL ESTATE ,MULTAN,01-JUL-06,A
384,BOA00885, 000,SOLEX CHEMICALS PVT LTD,7/C-II INDL ESTATE ,MULTAN,10-JAN-04,A
385,BOA03521, 000,SOLVAY (PRIVATE) LIMITED,"PLOT#9, INDUSTRIAL ESTATE PHASE II",MULTAN,06-MAR-20,A
386,BOA02802, 000,SOS CHILDREN VILLAGE MULTAN,INDUSTRIAL ESTATE PHASE-1,MULTAN,01-JAN-17,A
387,BOA02800, 000,SOS HERMAN GMEINER HIGHER SECONDARY SCHOOL,INDUSTRIAL ESTATE PHASE-1,MULTAN,01-JAN-17,A
388,BOA02801, 000,SOS MULTAN INSTITUTE OF TECHNOLOGY,INDUSTRIAL ESTATE PHASE-1,MULTAN,01-JAN-17,A
389,BOA01674, 000,SSB RICE MILLS,112 PHASE I INDUSTRIAL ESTATE MULTAN,MULTAN,01-APR-11,A
390,BOA01376, 000,ST INTERNATIONAL,3 A III/2 INDUSTRIAL ESTATE,MULTAN,01-JAN-10,A
391,BOA03654, 000,STAR HRS PVT LTD,"C/O KOLSON WAREHOUSE, PLOT # 35-A, INDUSTRIAL ESTATE PHASE I",MULTAN,24-JUL-23,A
392,BOA01275, 000,STAR INTERNATIONAL HIGH SCHOOL,OPP QAYYUM PETROLIUM GARDEN TOWN,MULTAN,01-JAN-09,A
393,BOA03904, 000,STERLING ENGINEERING AND CONSTRUCTION COMPANY,"C/O PEPSICO, INDUSTERIAL ESTATE",MULTAN,01-MAR-25,A
394,BOA02499, 000,SULTAN MURTAZA GASOLINE HASCOL,NADIRABAD PHATAK SHER SHAH ROAD,MULTAN,01-JAN-16,A
395,BOA00572, 000,SUN LUBRICANTS (PVT) LTD,MUZZAFARGARH ROAD SHER SHAH MULTAN ,MULTAN,01-APR-96,A
396,BOA01076,BO001,SUNCROP INDUSTREIS PVT LTD,PLOT NO 130/131 PHASE II INDUSTRIAL ESTATE MULTAN,MULTAN,01-JUL-12,A
397,BOA03015, 000,SUNCROP PAKISTAN PVT LTD,130-132 INDUSTRIAL ESTATE PHASE II,MULTAN,01-JAN-19,A
398,BOA01076, 000,SUNCROP PESTICIDES,8 B INDUSTRIAL ESTATE,MULTAN,01-NOV-08,A
399,BOA03017, 000,SUNGRO PVT LTD,8-B INDUSTRIAL ESTATE PHASE I,MULTAN,01-JAN-19,A
400,BOA03935, 000,SUNWAY AGRO CHEMICALS,CHINA CHOWK INDUSTRIAL ESTATE MULTAN,MULTAN,01-JAN-25,A
401,BOA01140, 000,SUPER MEZZAN FILLING STATION,NEAR MIANWALI HOTEL MUZAFFAR GARH ROAD SHER SHAH,MULTAN,01-JUL-09,A
402,BOA03742, 000,SUPER TECH SERVICES (WINNER FOOD),"PLOT # 13, INDUSTRIAL ESTATE PHASE II, NEAR SUZUKI FORT MOTORS",MULTAN,01-JAN-24,A
403,BOA00930, 000,SUPERIOR QUALITY INDUSTRY PVT. LTD.,PLOT 62-E BEHIND ASIA FEED INDUSTRIAL ESTATE ,MULTAN,10-JAN-04,A
404,BOA01695, 000,SURAIYA ASLAM PAPER MILLS PVT LTD,PLOT NO 11-A INDUSTRIAL ESTATE PHASE-1 MULTAN,MULTAN,01-OCT-11,A
405,BOA03241, 000,SURAYYA ASLAM PACKAGES (PVT) LTD UNIT 2,"PLOT#295, INDUSTRIAL ESTATE PHASE II",MULTAN,01-SEP-20,A
406,BOA02188, 000,SURAYYA ASLAM PAPER & ALLIED PRODUCTS PVT. LTD.,PLOT# 67 INDUSTRIAL ESTATE PHASE-II,MULTAN,01-OCT-14,A
407,BOA01070, 000,SUZUKI FORT MOTORS ,PLOT-11 INDUSTRIAL ESTATE PHASE-II,MULTAN,01-JAN-09,A
408,BOA01686, 000,SWAT AGRO CHEMICALS,"PLOT#123, INDUSTRIAL ESTATE PHASE II",MULTAN,01-JUN-11,A
409,BOA03545, 000,SWEET CREAM,CHAMAN ZAR-E- ASKARI MULTAN CANTT,MULTAN,01-SEP-22,A
410,BOA03382, 000,SWETEX CONE INDUSTRY,PLOT # 342 INDUSTRIAL ESTATE PHASE-2 ,MULTAN,01-MAR-22,A
411,AAB00240,BO003,SYNGENTA PAKISTAN LTD NOVARTIS PAK LTD,INDUSTRAL ESTATE MULTAN ,MULTAN,01-MAY-82,A
412,BOA03152, 000,SZM ASSOCIATES (PVT) LIMITED,BASTI DAR KHAN WALA MOUZA TATHI WALA DAKHANA ALI WALA,MULTAN,01-JUN-20,A
413,BOA00970, 000,Servo motor oil pvt. ltd,9-D/1 INDUSTRIAL ESTATE ,MULTAN,01-DEC-05,A
414,BOA01726, 000,Suleman food (nimko),PLOT NO 99 PHASE-1 INDUSTRIAL ESTATE MULTAN,MULTAN,01-JUL-10,A
415,BOA02854, 000,T R FABRICS,"242, INDUSTRIAL ESTATE PHASE-II",MULTAN,01-MAR-17,A
416,AAG00733,BO004,TALENT EDGE CONSULTING,"MEHTABI TOWEL, AL-NOOR ENTERPRISES, ISMAIL ABAD",MULTAN,01-DEC-16,A
417,BIB03159,BO002,TARA CROP SCIENCES PVT LTD,6-B INDUSTRIAL ESTATE MULTAN,MULTAN,01-OCT-12,A
418,BOA03198, 000,TASTY DERA,"MUZAFFARGARH ROAD, NERA CHINA CHOWK ",MULTAN,01-SEP-20,A
419,BOA03403, 000,TASTY STUDENT BARYANI,"VEHARI ROAD, MUMTAZABAD",MULTAN,01-FEB-22,A
420,BOA03605, 000,THAHEEM CONSTRUCTION COMPANY C/O ASIA FEED,ASIA FEED INDUSTRIAL ESTATE,MULTAN,01-AUG-21,A
421,BOA00597, 000,THALL CONCRETE,97-A INDUSTRIAL ESTATE ,MULTAN,01-JUL-97,A
422,BOA02167, 000,THE COUNTRY SCHOOL,HOUSE NO. 3 KHALID BIN WALEED STREET GARDEN TOWN ,MULTAN,01-JAN-13,A
423,BOA02288, 000,THE COUNTRY SCHOOL (NAZIK CAMPUS),E-65 PHASE 3 AL QURAISH HOUSING SOCIETY SHER SHAH ROAD,MULTAN,01-JAN-15,A
424,BOA01737, 000,THE EDUCATORS,101-CB GARDEN TOWN MULTAN,MULTAN,01-JAN-11,A
425,BOA00980, 000,THE EXPERTS,14 INDUSTRIAL ESTATE ,MULTAN,01-JAN-06,A
426,BOA00053, 000,THE MULTAN ELECTRIC SUPPLY CO LTD(MESCO),SHER SHAH ROAD P.O.BOX NO.23  ,MULTAN,01-JUL-76,A
427,BOA00629, 000,THE PUBLIC SCHOOL(GIRLS),SHER SHAH OPP. GUILD HOTEL,MULTAN,01-DEC-97,A
428,BOA00073,BO001,THREE STARS HOSIERY MILLS PVT LTD,10/A INDUSTRIAL STAT MULTAN INDUSTRIAL ESTATE MULTAN.,MULTAN,01-MAR-87,A
429,BOA01772, 000,TIMBER LAND INDUSTRIES,25-A 4 INDUSTRIAL ESTATE MULTAN,MULTAN,01-APR-12,A
430,BOA02968, 000,TOP SUN CHEMICALS ENTERPRISES,"PLOT NO 25-A, 5 & 6 INDUSTRIAL ESTATE PHASE 1",MULTAN,01-JAN-17,A
431,BIA02890,BO002,TOTAL PARCO PAKISTAN LTD,1.5 KM INDUSTRIAL ESTATE ,MULTAN,01-JUL-08,A
432,BOA01552, 000,UJALA HOME SCHOOL SYSTEM,79-GARDEN TOWN SERSHAH ROAD MULTAN,MULTAN,01-APR-11,A
433,BOA00867, 000,UJALA PUBLIC SCHOOL,BASTI KHUDADAD OPP GARDEN TOWN SHER SHAH ROAD ,MULTAN,24-DEC-02,A
434,BOA02627, 000,UMAIR BROTHERS (PSO),"H#56, GULSHAN E SHUJAT, ISMAILABAD COLONY",MULTAN,01-MAR-17,A
435,BOA03967, 000,UNIKA INDUSTRIES PVT LTD,PLOT # 63 INDUSTRIAL ESTATE PHASE II MULTAN,MULTAN,01-NOV-25,A
436,BOA03003, 000,UNIKA INDUSTRIES PVT LTD,PLOT NO 73 INDUSTRIAL ESTATE PHASE 2,MULTAN,01-AUG-18,A
437,BOA00067, 000,UNITED FLOUR & GENERAL MILLS,INDUSTRIAL ESTATE MULTAN ,MULTAN,01-JUL-76,A
438,BOA02720, 000,UNITED SWITCHGEAR COMPANY (PVT) LTD.,"235-INDUSTRIAL ESTATE, PHASE-II",MULTAN,01-JUL-17,A
439,FAA00087,BO003,UTILITY STORES CORP LTD,INDL ESTATE MULTAN MULTAN ,MULTAN,01-NOV-82,A
440,AAC01264,BO016,VENUS PAKISTAN PVT LTD,"PLOT#61-C, EHSAN ELLAHI INDUSTRIES, INDUSTRIAL ESTATE ",MULTAN,01-JUL-18,A
441,BOA02503, 000,VERTEX AGRO INPUTS,106 INDUSTRIAL ESTATE PHASE-II,MULTAN,01-JAN-15,A
442,BOA03496, 000,VICTORIA MEMORIAL MEDICAL CENTRE,VICTORIA MEMORIAL HOSPITAL MOHALLAH HAMEED TOWN INDUSTRIAL ESTATE,MULTAN,28-FEB-21,A
443,BIA02648,BO002,WACKEN HUT PAK (PVT) LIMITED,15-GARDEN TOWN SHER SHAH ROAD ,MULTAN,01-MAY-07,A
444,BOA00667,BO001,WARBLE PVT LTD,38 INDL ESTATE ,MULTAN,01-JUN-03,A
445,BOA00666,BO001,WELCON CHEMICALS PVT LTD,48 INDUSTRIAL ESTATE ,MULTAN,01-OCT-98,A
446,BOA01976, 000,WELLWISHERS AGRO CHEMICAL,"PLOT NO.15, PHASE-II, INDUSTRIAL ESTATE.",MULTAN,24-JAN-12,A
447,BOA03837, 000,YARA CROP SCIENCES (PVT) LTD.,"PLOT # 23, PHASE II, INDUSTRIAL STATE",MULTAN,01-JAN-24,A
448,BOA03025, 000,YASEEN INDUSTRIES,HAMID PUR KANORA ROAD INDUSTRIAL ESTATE,MULTAN,01-JAN-19,A
449,BOA02116, 000,ZAIN INDUSTRIES PVT LTD,35 industrial estate multan,MULTAN,01-FEB-14,A
450,BOA03401, 000,ZARKHAZ AG,41-B INDUSTRIAL ESTATE MULTAN,MULTAN,01-JUL-21,A
451,BOA00715, 000,ZEB IMPEX,24B INDUSTRIAL ESTAT ,MULTAN,01-APR-02,A
452,BOA00449,BO001,ZENABIA CAMPUS SCHOOL,SHER SHAH ROAD OPPOSITE GARDEN TOWN ,MULTAN,01-JAN-03,A
453,BOA01175, 000,ZEYNEB TEXTILE MILLS (PVT) LTD,PLOT NO 3-B/1 INDUSTRIAL STATE,MULTAN,01-SEP-09,A
454,AAF00451,BO020,ZIMS SECURITY PVT LTD,"ZIMS Security Office, Shah-Rukne-Alam Colony Multan",MULTAN,01-JUL-14,A
455,BOA00914, 000,ZUBAIR KHAN TRUST EYE HOSPITAL,MUZAFAR GARH ROAD ,MULTAN,27-NOV-02,A
456,BOA02378, 000,organic paper (pvt) ltd,"5km bahawalpur road, near m-4 motor way interchange link road animal mandi opp arain cotton multan",MULTAN,01-APR-15,A
457,BOB00135, 000,AAKASH PUBLIC SCHOOL,BASTI CHAK R.S.TEHSIL SHUJABAD,SHUJABAD,01-SEP-17,B
458,BOA01860, 000,ABDUL REHMAN IRON WORKS,B.C.G. CHOWK SHAH SHAHRA-E-RASHID,MULTAN,01-MAY-12,B
459,BOA02250, 000,ABDULLAH DAAL MILLS/FACTORY,1-K.M. NAAG SHAH CHOWK SHUJABAD ROAD MULTAN,MULTAN,01-JUL-14,B
460,BOA00778, 000,ABDULLAH FLOUR MILLS (NEW TARIQ FLOUR MILLS),KARIMABAD BAHAWALPUR ROAD ,MULTAN,01-JAN-00,B
461,BOA01511, 000,ABDULLAH RICE MILLS(saleem rice),BASTI KARIMABAD NEAR NEW WAHID FLOUR SHER SHAH BYP,MULTAN,01-JAN-10,B
462,BOB00126, 000,ABID CNG/PETROLEUM,JALALPUR ROAD SHUJABAD,ABBASPUR,01-JUL-16,B
463,BOA02688, 000,ACADEMIC GROUP OF SCHOOLS & COLLEGE,MAIN SURAJ KUND ROAD CHOWK SHAH ABBAS VEHARI ROAD MULTAN,MULTAN,01-FEB-17,B
464,BLA01213,BO030,AFZAL ELECTRONICS,FAROOQ PURA CHOWK OLD SHUJAH ABAD ROAD MULTAN,MULTAN,01-NOV-17,B
465,BOA02426, 000,AHMAD SAAD OIL MILL,MUZAFARGARH BY PASS SHER SHAH ROAD,MULTAN,01-AUG-14,B
466,BOA03020, 000,AHMED & WAQAS TRADERS,1/2-KM CENTRAL JAIL ROAD NEAR GIBS NIMKO FACTORY,MULTAN,01-DEC-18,B
467,BOA02886, 000,AHMED FOOD INDUSTRIES,NEAR CENTERAL JAIL (03047864476),MULTAN,01-JAN-17,B
468,BOA02012, 000,AHSAN FOOD(MORABBA FACTORY),CH JAMMON WALA OPP SHEIKH OIL MILLS VEHARI ROAD ,MULTAN,02-JUL-12,B
469,BOA01871, 000,AKbar PACKAGES,SAMI TOWN NEAR MULTAN FOOD SURAJ KUND ROAD,MULTAN,01-JUL-11,B
470,BOB00162, 000,AL FAISAL PUBLIC SCHOOL,NEAR DAAL FACTORY SHUJABAD,SHUJA ABAD,01-JUL-19,B
471,BOB00089, 000,AL HABIB PUBLIC SCHOOL,KHAN GARH ROAD SHUJABAD,SHUJA ABAD,01-JUL-14,B
472,BOA01798, 000,AL HAFEEZ PETROLIUM SERVICE,CHUNGI NO-22 VEHARI ROAD ,MULTAN,01-MAY-12,B
473,BOB00141, 000,AL HAFIZ MODEL SCHOOL,CHAH THUL WALA PANTA TEHSIL SHUJABAD DISTRICT MULTAN,MULTAN,01-JUL-19,B
474,BOB00021, 000,AL HAYAT COT GIN & PRESSING FACTORY,JALAL PUR PIRWALA RD SHUJABAD ,MULTAN,20-JAN-89,B
475,BOB00090, 000,AL HUDA PUBLIC SCHOOL,SHUJABAD,SHUJA ABAD,01-JUL-14,B
476,BOB00117, 000,AL KARIM PUBLIC SCHOOL,KHAN GARH ROAD SHUJABAD,SHUJA ABAD,01-JUL-12,B
477,BOA02089, 000,AL KHAIR DAMAN RICE FACTORY,SHER SHAH BY PAS HASSAN SAVALI CHOWK NEAR GOLDEN OIL MILL,MULTAN,01-JUL-13,B
478,BOB00067, 000,AL KHALID COTTON INDUSTRIES,BAGRAIN MORE PERMIT JALALPUR ROAD,SHUJA ABAD,01-NOV-09,B
479,BOA01488, 000,AL MAKKAH FOOD PRODUCTS,SAMI TOWN SURAJ KUND ROAD,MULTAN,01-JAN-09,B
480,BOA01878, 000,AL MUJAHID TIKKA SHOP,CHOWK SHAH ABBAS VEHARI ROAD,MULTAN,01-APR-12,B
481,BOA00206, 000,AL MUM TAZ INDUSTRIES,SURAJKUND ROAD MULTAN ,MULTAN,01-APR-80,B
482,BOB00161, 000,AL MUSLIM SUN SHINE PUBLIC SCHOOL,NEAR KALIPUL CHAJOO SHAH ROAD SHUJABAD DISTRICT MULTAN,MULTAN,01-JUL-19,B
483,BOB00134, 000,AL NOOR PUBLIC SCHOOL,NEAR GOVT.COMMERCE COLLEGE MULTAN ROAD SHUJABAD,MULTAN,01-MAR-17,B
484,BOB00092, 000,AL QASIM PUBLIC SCHOOL,KHAIR PUR ROAD SHUJABAD,SHUJA ABAD,01-JUL-14,B
485,BOB00063, 000,AL RAZA INDUSTRIES COTTON GINN. & OIL MILLS,CHAH SAHDI WALA MOUZA GANWEN JALAL PUR PIRWALA ROAD ,MULTAN,01-DEC-06,B
486,BOA01245, 000,AL REHMAN CNG & Petrolium Service,"MUZAFFAR GARH ROAD,BAHAWALPUR BY PASS ",MULTAN,01-JUL-09,B
487,BOA01962, 000,AL SHERAZ DAAL MILLS,ROAD SUI GAS WALI BEHIND SURAJ KUND ROAD,MULTAN,01-JUL-12,B
488,BOB00143, 000,AL WAHID MODEL PUBLIC SCHOOL,CHAH THULWALA SHUJABAD DISTRICT MULTAN,SHUJA ABAD,01-JUL-19,B
489,BOA00848, 000,AL-BURHAN PETROLIUM SERVICE,NR CHOWK NAGH SHAH SHER SHAH BY-PASS ,MULTAN,27-NOV-02,B
490,BOA02736, 000,AL-FURQAN MODEL SCHOOL,CHOWK SHAH ABBAS SURAJ KUND ROAD MULTAN,MULTAN,01-OCT-17,B
491,BOA03516, 000,AL-HAAJ ALI SHER BRICKS,"BASTI DERA MUHAMMAD NEAR CIVIL HOSPITAL, MUZAFFAR GARH, MULTAN",MULTAN,07-JUL-21,B
492,BOA00806, 000,AL-HAFIZ COLD STORAGE,OPP. TIMBER MARKET VEHARI ROAD ,MULTAN,28-JUN-03,B
493,BOA02270, 000,AL-HUSSAIN PETROLEUM SERVICES PSO,NEAR BASTI KHOKHRAN OLD SHUJABAD ROAD MULTAN,MULTAN,01-OCT-14,B
494,BOA02262, 000,AL-JABBAR MARBLE FACTORY,NEAR TIMBER MARKET VEHARI ROAD MULTAN,MULTAN,01-JUL-14,B
495,BOA00637, 000,AL-KHAIR DAMAN DAL MILLS (NEW),SURAJ KUND ROAD ,MULTAN,01-JUL-99,B
496,BOB00160, 000,AL-KHALIQ PUBLIC SCHOOL ,MATOTLY TEHSIL SHUJABAD DISTRICT MULTAN,MULTAN,01-JUL-19,B
497,BOA03531, 000,AL-KHIDMAT HOSPITAL MULTAN,SHER SHAH BY PASS CHOWK NAG SHAH MULTAN,MULTAN,01-MAR-22,B
498,BOA02614, 000,AL-MUSTAFA SCIENCE SCHOOL,OLD SHUJABAD ROAD NEAR BILAL CHOWK MULTAN,MULTAN,01-JAN-17,B
499,BOA02263, 000,AL-NASEEB SWEET,CHOWK DOUBLE PHATUK VEHARI ROAD ,MULTAN,01-JUL-14,B
500,BOB00053, 000,AL-NASIR BOYS HIGH SCHOOL,SHUJABAD ROAD JALLAL PUR PIRWALA CITY ,MULTAN,21-FEB-02,B
501,BOB00056, 000,AL-NOOR COTTON GIN & PRESSING FACTORY,MOUZA BASTI DAD LODHRAN ROAD ,MULTAN,01-OCT-04,B
502,BOA00420, 000,AL-NOOR FLOUR MILLS,SHER SHAH BY PASS NAG SHAH ROAD HAMID PUR KONNORA MULTAN,MULTAN,02-FEB-91,B
503,BOB00046, 000,AL-RAZZAQ COTTON INDS,MUTOTLY ROAD NR ADDA PIR GHAIB SHUJABAD ,MULTAN,08-OCT-03,B
504,BOB00011, 000,AL-REHMAN MODEL GIN FAC(IQRA COTTON IND),PULL KHARA SHUJABAD ,MULTAN,11-NOV-87,B
505,BOA02924, 000,AL-REHMAT PUBLIC GIRLS &BOYS HIGH SECONDARY SCHOOL,"CHOWK NADDER SHAH, MUZAFFARGARH ROAD (03007107335) MULTAN",MULTAN,01-JUL-17,B
506,BOA02073, 000,AL-SATTAR INDUSTRIES,SURAJ KUND ROAD MULTAN,MULTAN,01-JUL-13,B
507,BOA00464, 000,AL-SATTAR SOAP & Chemical FACTORY,SURAJ KUND ROAD MULTAN ,MULTAN,01-JUL-92,B
508,BOB00127, 000,AL-SHAMAS PETROLIUM,"JALALPUR ROAD,SHUJABAD",MULTAN,01-JUL-16,B
509,BOA03875, 000,ALFALAH TRADERS CATERERS & MARQUEES,CHUNGI # 9 BOSAN ROAD MULTAN,MULTAN,01-JAN-25,B
510,BOA03149, 000,ALI FILLING STATION TOTAL PUMP ,MOUZA SAMORANA NEAR KIDNEY CENTRE MUZAFARGARH ROAD,MULTAN,01-JUN-20,B
511,BOB00119, 000,ALI PUBLIC SCHOOL,KHAN GARH ROAD SHUJABAD,SHUJA ABAD,01-SEP-13,B
512,BOA02682, 000,ALI PUBLIC SCHOOL,FAROOQPURA OLD SHUJABAD ROAD MULTAN,MULTAN,01-FEB-17,B
513,BOB00018, 000,ALLAH TAWAKKAL COTTON (USAF GINNERS COTTON),JALALPUR PIRAWALA RD SHUJABAD DISTT MULTAN ,MULTAN,18-OCT-88,B
514,BOB00163, 000,ALLAM IQBAL MODEL SCHOOL FOR GIRLS,KOTLI JINABAT SHUJABAD,SHUJA ABAD,01-JUL-19,B
515,BOA01041, 000,ALLAMA IQBAL SCHOOLS (BOYS),BODLA COLONY LODHRAN ROAD ,MULTAN,01-JUL-08,B
516,BOA02359, 000,ALLAMA IQBAL SCHOOLS (GIRLS),LODHRAN ROAD SHUJABAD,SHUJA ABAD,01-JUL-15,B
517,BOA01401,BO001,ALLAMA IQBAL SCHOOLS (GIRLS),LODHRAN ROAD SHUJABAD DISTT MULTAN,SHUJABAD,01-JUL-15,B
518,BOB00109, 000,ALLIED PUBLIC SCHOOL,JALLALPUR ROAD SHUJABAD,MULTAN,01-JUN-14,B
519,BOA02684, 000,ALLIED SCHOOL (TAUHEED CAMPUS),OLD SHUJABAD ROAD MULTAN,MULTAN,01-JAN-17,B
520,BOA02686, 000,AMJAD COLD STORAGE,BAHAWALPUR CHOWK MUZAFFERGARH ROAD MULTAN,MULTAN,01-JUL-15,B
521,BOB00023, 000,AMMAN GINNING & OIL MILLS,JALALPUR PIRWALA ROAD HAVELI LANG SHUJABAD.,MULTAN,01-OCT-89,B
522,BOA02131,BO001,AMMAR FOODS,BAHAWALPUR SUKHA ROAD,MULTAN,01-JUL-16,B
523,BOA00691, 000,AMNA FOOD INDUSTRIES,SURAJ KUND ROAD ,MULTAN,01-OCT-01,B
524,BOA00691,BO002,AMNA FOOD INDUSTRIES 2,MOZHA TARE DIRA RANGEEL PUR SURAJ KUND ROAD MULTAN,MULTAN,01-JUL-23,B
525,BOA01156, 000,APEX 4 CNG,1105 OPPOSITE NAZ CINEMA WILLAYATABAD,MULTAN,01-DEC-09,B
526,BOA01802, 000,ARIAN COTTON FACTORY UNIT NO 2,KOTLI NAJABAT ROAD ,MULTAN,01-JUN-12,B
527,BOA03140, 000,AROOJ MARQUEE,OPP GREEN LAND MUMTAZABAD ROAD,MULTAN,01-JAN-20,B
528,BOA00270, 000,ASHFAQ OIL MILLS ,VEHARI ROAD P O FAZALABAD MULTAN ,MULTAN,01-NOV-85,B
529,BOB00154, 000,ASIA HIGHER SECONDARY SCHOOL,MOTOTLY TEHSIL SHUJABAD DISTRICT MULTAN,MULTAN,01-JUL-19,B
530,BOA02888, 000,ASIF & SONS PVT LTD,CHAH JAMMU WALA VEHARRI ROAD (03007379337),MULTAN,01-JAN-18,B
531,BOA01407, 000,ASIF AFZAAL DAAL FACTORY,BEHIND NEW TARIQ FLOUR MILLS BASTI KARIMABAD ,MULTAN,01-JAN-09,B
532,BBA01093,BO005,ASKARI CNG STATION,NEAR AZIZ HOTEL CHOWK SHAHRAH-E-RASHID ,MULTAN,01-MAY-05,B
533,BOB00104, 000,ASKARI MODEL SCHOOL,NEAR KHOKHAR ADDA SHUJABAD,MULTAN,01-JUL-14,B
534,BOB00124, 000,ASKARIA CAMPUS SCHOOLING SYSTEM,EID GAH ROAD,SHUJA ABAD,01-JAN-14,B
535,BOA03141, 000,ATTA LAWN MARRIAGE HALL,OPP GREEN LAND MUMTAZABAD ROAD,MULTAN,01-JAN-20,B
536,BOA01847, 000,AYAZ FOOD (NIMKO),LATIF ABAD KOH DOHRI WALA FAIZ-E-AAM SCHOOL WALI GALI VEHARI ROAD ,MULTAN,01-JUL-11,B
537,BOA01845, 000,AZHAR KHAN FOOD Products,"SURAJ KUND ROAD NEar Pull Thokar, Rangeel Pur, Sassi Chwok, MUltan",MULTAN,01-AUG-12,B
538,BOB00151, 000,AZIZ ELEMENTORY SCHOOL,NEAR GOVT. HIGH SCHOOL SIKANDARABAD TEH. SHUJABAD,SHUJABAD,01-JUL-19,B
539,BOA01412, 000,BABA ABDUL AZIZ FLOUR MILLS,BAHAWALPUR BY PASS SHER SHAH ROAD,MULTAN,01-JAN-09,B
540,BOA03507, 000,BABA PHOOL SHAH BHATA CO,JAMAL CHOK GUJJER HJATTA SHUJABAD MULTAN,MULTAN,01-JUL-21,B
541,BOA03508, 000,BAHAR E MADINA BRICKS CO-II,"FATWALPUR, DARBAR EASA MOUSA, SHUJABAD ROAD, MULTAN",MULTAN,01-JUL-21,B
542,BOA01671, 000,BEACON PUBLIC SCHOOL,BHUTTA COLONY NEAR ZETOON CLINIC VEHARI ROAD,MULTAN,01-SEP-11,B
543,BOA02418, 000,BEAN EDUCATION SYSTEM,NEW SHAH SHAMS COLONY VEHARI ROAD ,MULTAN,01-JUL-15,B
544,BOA02394, 000,BHUKHARI PUBLIC SCHOOL,OLD SHUJABAD ROAD,SHUJA ABAD,01-JUL-14,B
545,BOA00844, 000,BILAL COLD STORAGE,HAMID PUR SHER SHAH BY-PASS ROAD ,MULTAN,27-NOV-02,B
546,BOA02465, 000,BILSON PUBLIC SCHOOL,22-NO. ROAD AL MUSTAFA LINK ROAD ABU-TRAB MUKHTAR TOWN BILAL CHOWK,MULTAN,01-JUL-14,B
547,BOA03539, 000,BISMILLAH PETROLEUM SERVICE,NEAR HASSAN SAWALI CHOWK MULTAN,MULTAN,01-JUL-22,B
548,BOB00153, 000,BISMILLAH PUBLIC SCHOOL,CHAH INAYATWALA CHAK RS TEH. SHUJABAD DISTRICT MULTAN,SHUJA ABAD,01-JUL-19,B
549,BOA03782, 000,BLOOMFIELD HALL SECRETARIAT MULTAN ,26-E OFFICER  COLONY MULTAN,MULTAN,01-JUN-24,B
550,BOA02683, 000,BOON MERRY EDUCATIONAL SCHOOL SYSTEM,AL-MUSTAFA ROAD NEAR SHESH MAHAL MARRIAGE CLUB OLD SHUJABAD ROAD MULTAN,MULTAN,01-JUL-16,B
551,BOA01565, 000,BRIGHT WAY PUBLIC SCHOOL,OPP. METAL PACKAGES VR. ROAD MULTAN,MULTAN,01-JUL-10,B
552,BOA02391, 000,BRITISH INTERNATIONAL SCHOOL,NEW SHAH SHAMS COLONY VEHARI ROAD,MULTAN,01-JUL-14,B
553,BOB00084, 000,BRITISH INTERNATIONAL SCHOOL,SHUJABAD ROAD,ABBASPUR,19-JUL-12,B
554,BOA00500, 000,BROTHER DALL FACTORY,MOUZA RANGILPUR NEAR CHUNGI NO 15 SURAJ KUND ROAD MULTAN,MULTAN,01-JUL-93,B
555,BOB00017, 000,BUKHARI INDUSTRIES,PULLKHARA JALALPURA ROAD SHUJABAD DISTT MULTAN,MULTAN,01-FEB-88,B
556,BOA03649, 000,BUKHARI SONS AND CO ,"C/O WOMEN UNIVERSITY, OLD SHUJABAD ROAD FAROOQPURA",MULTAN,01-JUL-23,B
557,BOA02290, 000,BUTT SWEETS,KUMHAR MANDI CHOWK DOUBLE PHATTAK VR.RD.MULTAN,MULTAN,01-JAN-15,B
558,BOA02620, 000,CAMBRIDGE INTERNATIONAL SCHOOL SYSTEM,13-A NEW SHAH SHAMS COLONY VEHARI ROAD MULTAN,MULTAN,01-JAN-17,B
559,BOA02275, 000,CAPERINO FURNITURE & ENTERPRISES,NEAR TIMBER MARKET MAIN VEHARI ROAD MULTAN,MULTAN,01-AUG-14,B
560,BOB00169, 000,CERES WASTE MANAGEMENT PVT LTD (jalalpur),"COMMERCE COLLEGE, BESIDE GOVT DEGREE COLLEGE FOR BOYS",JALALPUR,01-MAR-25,B
561,BOA01021, 000,CH COTTON G/P & OIL MILLS,SHAH PUR LAR ROAD ,MULTAN,01-NOV-07,B
562,BOA01413, 000,CHOHAN BROTHERS ICE FACTORY & COLD STORAGE,BAHAWALPUR BY PASS SHER SHAH ROAD,MULTAN,01-JUL-09,B
563,BOA03290, 000,CITI HOUSING (PVT) LTD PHASE II,"NEAR NISHTAR HOSPITAL II, SHUJABAD ROAD",MULTAN,01-MAY-21,B
564,BOB00118, 000,CIti institute of computer science,JALLALPUR ROAD LAAL BAGH SHUJABAD,SHUJA ABAD,01-SEP-13,B
565,BOA02640, 000,CONCRETE TRENDS,NEAR CHOWK NAAGSHAH SHER SHAH BY PASS MULTAN,MULTAN,01-JAN-17,B
566,BOA03420, 000,CORNER CLINIC PVT LTD,CORNER CLINIC OPPOSITE POST OFFICE RAILWAY ROAD SHUJABAD DISTRICT MULTAN,SHUJA ABAD,01-JAN-22,B
567,BOA02550,BO001,CSCEC (SECTION 7),"MOZA CHADHAR, BASTI MALOOK ROAD, SHUJABAD",MULTAN,01-OCT-16,B
568,BOA03942, 000,CYNOSURE PVT LTD,21-A TAWAKAL TOWN OLD SHUJABAD ROAD MULTAN,MULTAN,01-JAN-25,B
569,BOA02100, 000,DANYAL MUSHTARQA FILLING STATION,MOUZA SAMORNA MUZAFFARGARH ROAD,MULTAN,01-JUL-13,B
570,BOA02685, 000,DAR-E-ARQAM SCHOOL,NEW SHAH SHAMS COLONY VEHARI ROAD MULTAN,MULTAN,01-JAN-17,B
571,BOA02261, 000,DARBAR-E-SWEETS PALACE,CHOWK SHAH ABBAS VEHARI ROAD,MULTAN,01-JUL-14,B
572,BOA02278, 000,DARUL IRQUM SCHOOL SHUJABAD CAMPUS,NEAR SABZI MANDI PUL CHOTI NEHAR LOHAR COLONY SHUJABAD,MULTAN,01-JUL-14,B
573,BOA03600, 000,DATA DAAL FACTORY,BASTI RAITER MOUZA DERA MOHAMMDI MULTAN,MULTAN,01-JAN-23,B
574,BOA03139, 000,DUBAI FILLING STATION,SURAJ KUND ROAD,MULTAN,01-JAN-20,B
575,BOA02206,BO001,ELIXIR HIGH SCHOOL,464-D NEW SHAH SHAMS COLONY VEHARI ROAD,MULTAN,01-JUL-15,B
576,BOB00074, 000,ELYSIUM PROFESSOR COLLEGE FOR GIRLS,BODLA COLONY SHUJABAD CITY,SHUJABAD,01-JUL-09,B
577,BOB00152, 000,EVERGREEN PUBLIC SCHOOL (ELEMENTARY),FAIZ COLONY SHUJABAD DISTRICT MULTAN,MULTAN,01-JUL-19,B
578,BOA02883, 000,FARHAN SOAP FACTORY,"SIAL CHOWK, YASREB E MADINA TWON NEAR NAWAZ SHARIF AGRI UNIVERSTY (03006321092)",MULTAN,01-JUN-17,B
579,BOA03137, 000,FARZAND CRISPO,CHOK SHAH ABAS SURAJ KUND ROAD CHAKI LOHARA WALI SAMI TOWN,MULTAN,01-JUL-19,B
580,BOA00180, 000,FATIMA ENTERPRISES LTD(HEAD OFFICE),966 B MUMTAZABAD MULTAN ,MULTAN,01-JUL-79,B
581,BOA01410, 000,FATIMA FOOD INDUSTRIES,SAMI TOWN SURAJ KUND ROAD,MULTAN,01-OCT-10,B
582,BOA03021, 000,FATIMA JINNAH SCIENCE SCHOOL,NEW SHAH SHAMS COLONY VEHARI ROAD,MULTAN,01-OCT-18,B
583,BOB00139, 000,FATIMA PUBLIC SCHOOL,NEAR SEYED WALS CHAK RS TEH.SHUJABAD DISTRICT MULTAN,SHUJA ABAD,01-JUL-19,B
584,BOA02304, 000,FAYYAZ METAL WORKS,NEAR SUI GAS CHOWK SURAJ KUND ROAD ,MULTAN,01-JAN-13,B
585,BOA02546, 000,FIT PETROLEUM,"NEAR BILAL CHOWK, OLD SHUJABAD ROAD",MULTAN,01-NOV-16,B
586,AAF01976,BO022,FMC-MIKD (INDUS HOSPITAL & hEALTH nETWORK),SHER SHAH ROAD NEAR BAHAWALPUR BY PASS,MULTAN,01-MAR-21,B
587,BOA00526,BO002,FOOD FESTIVAL ,VEHARI ROAD NEAR COCA COLA,MULTAN,01-JUL-11,B
588,BOA02737, 000,FURQAN TODDLERS,"CHOWK SHAH ABBAS, SURAJ KUND ROAD MULTAN",MULTAN,01-OCT-17,B
589,BOA01438, 000,GARRISON GRAMMAR SCHOOL,BEHIND CCBPL NEW SHAH SHAMAS COLONY VEHARI ROAD,MULTAN,01-SEP-10,B
590,BOB00048, 000,GHAFFAR COTTON FACTORY (REHMANIA COTTON GIN),MOUZA KANDIR TEH JALALPUR PIRWALA ,MULTAN,15-OCT-03,B
591,BOB00037, 000,GHAREEB NAWAZ FLOOR MILLS,MOUZA KOTLI ADIL ,MULTAN,01-OCT-98,B
592,BOA01697, 000,GOHAR PETROL PUMP,BAHAWALPUR BY PAASS CHOWK SHER SHAH ROAD,MULTAN,01-JAN-10,B
593,BOA02882, 000,GOLD FOOD INDUSTRIES,GHALA MANDI NEAR BANK ALFALAH ROAD (03028735460) MULTAN,MULTAN,01-JUL-17,B
594,POA00013, 000,GOLDEN LUBRICANTS,SURAJ KUND ROAD ,MULTAN,15-OCT-02,B
595,BOA03049, 000,GOLDEN PETROLEUM COMPANY (Pvt) Ltd.,OPPOSITE SHAFQAT GARDEN METLA TOWN SURAJ KUND ROAD MULTAN,MULTAN,13-JUN-19,B
596,BOB00137, 000,GOLRA FILLING STATION ,"EID GAH MOR, LODHRAN ROAD, ",JALALPUR,01-JAN-19,B
597,BOB00099, 000,GOLRA II PETROL PUMPS,SHELL PETROL PUMPS NEAR AQEELA COTTON FACTORY JALLAPUR PIRWALA ROAD,MULTAN,01-OCT-14,B
598,BOA03729, 000,GOVT GIRLS PRIMARY SCHOOL (PEIMA),CHAH AZIZ WALA EID GAH QASBA CHAHARUM MULTAN SADDAR,MULTAN,01-JAN-24,B
599,BIB00195,BO015,GUARANTEE ENGINEERS PVT LIMITED,"PROJECT: TERTIARY CARE HOSPITAL,NISHTAR-II,OLD SHUJABAD",MULTAN,01-APR-20,B
600,BOA02881, 000,GULSHAN BAKERS & SWEET,"CHUNGI # 22, VEHARRI ROAD",MULTAN,01-JUL-17,B
601,BOA02030, 000,H D COLOUR LAB,MULTAN FOODS LAB SURAJ KUND ROAD,MULTAN,01-JUL-12,B
602,BOA02771, 000,HADI RICE FACTORY (AHMAD RICE FACTORY),"CHAH NOBAT WALA, NEAR MANDI MAWASHAYAIN, GAMU CHOWK MULTAN",MULTAN,01-NOV-17,B
603,BOA02889, 000,HAJI IRSHAD DAGGI STEAM PIECE,CHUNGI # 22 VEHARRI ROAD (03006349343),MULTAN,01-JAN-17,B
604,BOB00003, 000,HAJI MOULA BUX COTTON FACTORY SHUJABAD,SHUJABAD DISTT MULTAN ,MULTAN,01-JUL-76,B
605,BOA03590, 000,HAMAD ASHRAF FOOD MULTAN,"1.5 KM, MUZAFFARGARH ROAD WAHID FLOUR MILL, MULTAN",MULTAN,01-JUL-22,B
606,BOA03514, 000,HAMADS BROTHERS BRICKS CO.,"BASTI KARARE JALAL PUR ROAD SHUJABAD, MULTAN",MULTAN,05-JUL-21,B
607,BOA03599, 000,HAMID ENTERPRISES,NEAR BAHAWALPUR BYPASS MULTAN,MULTAN,01-OCT-21,B
608,BOA00994, 000,HAMZA FLEXIBLE PRINTING & PACKAGES (PVT) ltd U#II,CHOWK GHULAM MUHAMMAD PIR COLONY SUI GAS ROAD ,MULTAN,01-AUG-06,B
609,BOA02428, 000,HAMZA FOOD FACTORY,PIR MEHAR SHAH GOLRA SHARIF CORPORATION WALI GALI CENTRAL JAIL CHOWK VEHARI ROAD,MULTAN,01-MAY-13,B
610,BOA00832, 000,HASSAN filling station,VEHARI ROAD ,MULTAN,01-JUN-03,B
611,BOB00146, 000,HILL CRIST HALL GRAMMER SCHOOL,NEW HOUSING COLONY SHUJABAD DISTRICT MULTAN,SHUJA ABAD,01-JUL-19,B
612,BOA03133, 000,HINOPAK MOTORS LIMITED,"N-70, HASSAN SAWALI CHOWK NEAR MUZAFARGARH ROAD",MULTAN,01-JAN-19,B
613,BOA02798, 000,HN SCIENCE SCHOOL,OLD SHUJABAD ROAD OPPOSITE PETROL PUMP,MULTAN,01-JUL-17,B
614,BOA02797, 000,HN SCIENCE SCHOOL,SURJ KUND ROAD PEER COLONY NO 2,MULTAN,01-JUL-17,B
615,BOA01018,BO001,HOOR OIL IND PVT LTD-2,17 KASSI VEHARI ROAD,MULTAN,01-JAN-20,B
616,BOA00339, 000,HUSNAIN INDUSTRIES PVT LTD,NEW CENTRAL JAIL ROAD MULTAN ,MULTAN,01-OCT-88,B
617,BOA00328, 000,HUSSAIN MILLS LTD TEXTILE UNIT,FAZALABAD VEHARI ROAD MULTAN ,MULTAN,01-JAN-87,B
618,BOB00123, 000,IB-NE-SCEENA SCHOOL,KHAN GARH ROAD,SHUJA ABAD,01-JUL-12,B
619,BOA02920, 000,IBN-E-SEENA PUBLIC SCHOOL,SURAJ KUND ROAD (03027455881),MULTAN,01-JAN-18,B
620,BOB00039, 000,INDUS DYEING AND MFG CO LTD,MOUZA NASIR PUR TEHSIL SHUJABAD ,MULTAN,04-NOV-00,B
621,AAF01976,BO012,INDUS HOSPITAL & Health network (MIKD),"MUZAFFAR GARH ROAD, BAHAWALPUR BY PASS",MULTAN,01-JUL-17,B
622,BOA03512, 000,IQBAL HUSSAIN AGASI BHATA CO,"OLD MULTAN ROAD, CHAK R-S SHUJABAD, MULTAN",MULTAN,06-JUL-21,B
623,BOA03728, 000,IQRA EDUCATION SYSTEM,"JALAL PUR ROAD, SHUJABAD",MULTAN,01-JAN-24,B
624,BOA01414, 000,IRFAN BROTHERS PAPAR FACTORY,BASTI KARIM ABAD BWP ROAD NEAR NEW TARIQ FLOUR,MULTAN,01-JUL-09,B
625,BOA03926, 000,IRFAN FOODS ,"MUZAFFARGARH ROAD, HAJI SHARIF CHOWK BAKRA MANDI MTM",MULTAN,01-DEC-24,B
626,BOB00120, 000,ISLAMIC PUNJAB SCHOOL,LODHRAN ROAD SHUJABAD,SHUJA ABAD,01-JUN-12,B
627,BOA01696, 000,ITTEFAQ COLD STORAGE,MUZAFFAR GARH ROAD NEAR KHAWAJA PETROL PUMP,MULTAN,01-JAN-12,B
628,BOB00069, 000,ITTEFAQ RICE MILLS,LODHRAN BY PASS ROAD,SHUJABAD,01-JUL-08,B
629,BOA02452, 000,ITTEFAQ SOAP FACTORY,NEAR AL-KHAIR DAAMAN RICE FACTORY MUZAFFARGARH ROAD BEHIND ROSE RICE FACTORY,MUZAFFARABAD,01-JUL-14,B
630,BOA03587, 000,ITTEHAD FLOUR MILLS,"MUZAFFARGARH ROAD, MULTAN",MULTAN,01-JUL-22,B
631,BOA00857, 000,JALALPUR MODEL PUBLIC SCHOOL,SHUJABAD ROAD JALALPUR PIRWALA ,MULTAN,24-DEC-02,B
632,BOB00136, 000,JALALPUR PUBLIC HIGHER SECONDARY SCHOOL ,MULTAN ROAD CHAK 83/M JALAL PUR PIRWALA,JALALPUR,01-AUG-11,B
633,FAA04644,BO002,JELLY BEANS CHILDCARE,PACKAGES MALL DAY CARE MAIN ROAD SHAHRAH E ROOMI NISHTAR,LAHORE,01-JUL-22,B
634,BOB00014, 000,JOYA SADAAT COTTON INDUSTRIES,MUZA ALIPUR SADAT JALALPUR PIRWALA ,MULTAN,01-DEC-87,B
635,BOA02269, 000,K.K.GAS(LPG),BASTI ADHI BAGH OLD SHUJABAD ROAD MULTAN,MULTAN,01-JAN-15,B
636,BOA02654, 000,KAREEM FOOD ,NEW CENTRAL JAIL ROAD NEAR S.M.FOOD MULTAN,MULTAN,01-MAR-17,B
637,BOA00926, 000,KASHIF BROTHERS PACKAGES,NR KHALID FLOOR MILL BWP BY-PASS CHOWK ,MULTAN,01-JAN-04,B
638,BOB00015, 000,KH BASHIR AHMED & SONS COT GIN PRE FACT,MUZA KOTLI ADIL JALALPUR PIRWALA ,MULTAN,01-OCT-88,B
639,BOA02703, 000,KHAWAJA & COMPANY P/S,SHER SHAH BY PASS ROAD MOUZA SAMORANA MULTAN,MULTAN,01-JUL-17,B
640,BOA02464, 000,KHAWAJA & SONS (PVC) PIPE FACTORY,AL MUSTAFA LINK ROAD ABU TRAB MUKHTIAR TOWN BILAL CHOWK NEAR SHESH MEHAL MARRIAGE CLUB 22 NO. ROAD,MULTAN,01-JUL-13,B
641,BOA00169, 000,KHAWAJA DAAL MILLS,NEW CENTRAL JAIL RD MULTAN ,MULTAN,01-MAR-79,B
642,BOB00107, 000,KHAWAJA PETROLIUM SERVICES,NEAR RAILWAY PHATAK LAAR RAOD,SHUJA ABAD,01-AUG-15,B
643,BOB00133, 000,KID CITY PUBLIC SCHOOL,174/A JINNAH COLONY SHUJABAD,SHUJA ABAD,01-JAN-17,B
644,BOA00732, 000,KING GOLDEN OIL MILLS,SHER SHAH BY PASS ROAD NEAR HASSAN SAWALI CHOWK ,MULTAN,20-SEP-02,B
645,BOB00140, 000,KINS HIGH SCHOOL (HIGHER SECONDARY),NEW HOUSING COLONY SHUJABAD DISTRICT MULTAN,SHUJABAD,01-JUL-19,B
646,BOA03115, 000,KISSAN FOOD MAKER,"SURAJ KUND ROAD, CHOWK SHAH ABBAS ",MULTAN,01-JAN-20,B
647,BOA02698, 000,LAHORE BUILDARS,NEAR CHOWK NAAGSHAH MUZAFFERGARH ROAD MULTAN,MULTAN,01-JAN-17,B
648,BOA03419, 000,LAIBA CORPORATION-1207-CS SHUJABAD,"OLD MULTAN ROAD, OPPOSITE USAMA HOTEL, ALLAH WALA CHOWK SHUJABAD",SHUJA ABAD,25-SEP-21,B
649,BOA03109, 000,LAILA IRSHAD FLOUR MILLS,INSIDE STREET CHAH JAMO WALA VEHARI ROAD,MULTAN,01-JAN-20,B
650,BOA03515, 000,LAJPAAL JHOOLAY LAL CO,"OLD MULTAN ROAD, CHAK R-S SHUJABAD, MULTAN",MULTAN,01-JUL-21,B
651,BOB00144, 000,LASAL ISLAMIC SCHOOL SYSTEM,"GANJI BASTI SHUJABAD DISTRICT, MULTAN",SHUJA ABAD,01-JUL-19,B
652,BOB00083, 000,LASANI CHARGA HOUSE,RAILWAY ROAD ,SHUJA ABAD,01-NOV-10,B
653,BTB01077,BO001,LINKO SERVICES ,C/O TAPAL TEA MOUZA ALAMGIR NAAGSHAH CHOWK SHER SHAH BY PASS ROAD ,MULTAN,01-AUG-17,B
654,BOA01869, 000,LITTLE ROSES SCHOOL SYSTEM,VEHARI ROAD MUMTAZABAD,MULTAN,01-JAN-11,B
655,BOB00010, 000,Lodhi Cotton Fact,FACTORY PVT LTD OLD SHUJABAD ROAD CHAK ARAIN SHUJABAD,MULTAN,01-SEP-85,B
656,BOB00159, 000,M A JINNAH PUBLIC SCHOOL,MATOTLY TEH SHUJABAD DITRICT MULTAN,SHUJA ABAD,01-JUL-21,B
657,BOA01664, 000,M ATEEQ DAAL FACTORY,SURAJ KUND ROAD PEER COLONY NO. 1 CHOWK SHAH ABBAS,MULTAN,01-APR-11,B
658,BOA02709, 000,M IQBAL RICE MILLS,MUZAFFERGARH ROAD NEAR KHAWAJA PETROL PUMP MULTAN,MULTAN,01-AUG-17,B
659,BOA03537, 000,M. BOOTA PETROLEIM,CHAH MOHABATWALA MOUZA KAINPUR BAKAR MANDI ROAD MULTAN,MULTAN,01-JAN-22,B
660,BOA02260, 000,M/S FACTORY SHOP,NEAR COCA COLA FACTORY AL-SHAMS COLONY VEHARI ROAD,MULTAN,01-JUL-13,B
661,BOA03380, 000,M/S FAIZAN MOIN FM CORN,CHOWK SHAHABBAS SURAJ KUND ROAD RANGEELPUR MULTAN,MULTAN,01-JAN-22,B
662,BOA02410, 000,M/S NAIMAT FOOD,NEAR SASSI CHOWK BASTI THAHEEMABAD MUZAFAR GARH ROAD,MULTAN,01-DEC-15,B
663,BOA02148,BO001,M/S SCIENCE SCHOOL,OLD SHUJABAD OPP WAHID PETROL PUMP,MULTAN,01-APR-16,B
664,BOA02413, 000,M/S SHAHJAHAN RICE MILLS,JANGLE JUSWANT SINGH MAWESHI MANDI RAOD SHER SHAH BY PASS ROAD,MULTAN,01-DEC-15,B
665,BOA03084, 000,MAJESTIC FEED PVT LTD MULTAN,"HASSAN SWALI CHOWK, 3KM BAHAWALPUR SUKHA ROAD",MULTAN,01-NOV-20,B
666,BOB00096, 000,MAKKA RICE MILLS,NEAR BASTI ARAB LODHRAN ROAD ,MULTAN,01-FEB-14,B
667,BOB00002, 000,MEHR COTTON GINNING FACTORY,SHUJABAD DISTT MULTAN ,MULTAN,01-DEC-76,B
668,FAA01785,BO004,METRO GUARDS PVT LTD ,PTC WAREHOUSE OLD SHUJABAD ROAD TAWAKKAL TOWN,MULTAN,31-JUL-11,B
669,AAF00939,BO017,MIKD C/O GHAZI SECURITY GAURDS PVT LTD,MULTAN INSTITUTE OF KIDNEY DISEASES NEAR BAHWALPUR BY PASS MULTAN,MULTAN,01-JUN-25,B
670,BOB00158, 000,MILLAT ISLAMIC MODELGIRLS HIGH SCHOOL,OPPOSIT ZARAI TARAQAYATEE BANK JALLALPUR ROAD ,SHUJA ABAD,01-JUL-19,B
671,BOA00731, 000,MOMIN OIL MILL,SHER SHAH BY PASS ROAD SHARIF CHOWK ,MULTAN,19-NOV-02,B
672,BOA02721, 000,MUDASSAR PAPPAR FACTORY,RANGEELPUR SURAJ KUND ROAD MULTANQ,MULTAN,01-OCT-17,B
673,BOA02526, 000,MUHAMMAD RAMZAN COMPANY,OLD SHUJABAD ROAD NEAR AGENCY STOP,MULTAN,01-JUL-16,B
674,BOA03591, 000,MUJAHID CORPORATION,CHOWK HASSAN SAWALI SHER SHAH BYPASS MUZAFARGRAH ROAD,MULTAN,01-JUL-22,B
675,BOA02166, 000,MUKHTAR SOAP FACTORY,CHAH GHULAM MUHAMMAD WALA SUI GAS ROAD MULTAN,MULTAN,01-APR-14,B
676,BOA02678, 000,MULTAN BEVERAGES (OLD AL samee BEVERAGES),BASTI DERA MUHAMMADI MUZAFFERGARH ROAD MULTAN,MULTAN,01-JUN-17,B
677,BOA03540, 000,MULTAN FLOUR MILLS,MUZAFFAR GARH ROAD NEAR AL KHIDMAT HOSPITAL MULTAN,MULTAN,01-JUL-21,B
678,BOA03572, 000,MULTAN HOSPITAL,"OL SHUJABAD ROAD, MULTAN",MULTAN,01-JUL-21,B
679,BOA02241, 000,MULTAN JUNIOR SECONDARY SCHOOL,OLD SHUJABAD ROAD KUMHAR MANDI I/2 KM MULTAN,MULTAN,01-JUL-13,B
680,BOA02392, 000,MULTAN POST GRADUATE COLLEGE OF COMMERCE,OPPOSITE SHANGRILA BAKERS VEHARI ROAD ,MULTAN,01-JUL-14,B
681,BOA02419, 000,MULTAN TRUCKING (FILLING STATION),NEAR HAMIDPUR KENORA MUZAFFARGARH ROAD SHER SHAH BY PASS,MULTAN,01-JAN-15,B
682,BOA02234, 000,MUMTAZ PETROLEUM SERVICE,SHER SHAH BY PASS NR HAMIDPUR KANORA MULTAN,MULTAN,01-NOV-14,B
683,BOA03893, 000,MUSHTAQ ENTERPRISES,SHOP # 22. JALALPUR ROAD ,SHUJA ABAD,01-DEC-24,B
684,BOA01875, 000,MUSHTARQA BALOCHISTAN HOTEL,NEAR BILAL COLD STORAGE SHER SHAH BY PASS,MULTAN,01-APR-12,B
685,BOA02453, 000,MUSHTARQA BOSTAN HOTEL,NEAR BWP BY PASS CHOWK OPP. BABA ABDUL AZIZ FLOUR MILL,MULTAN,01-JUL-14,B
686,BOA02067, 000,MUSHTARQA MULTAN HOTEL,BASTI KHOKHRAN SHUJABAD ROAD,MULTAN,04-FEB-13,B
687,BOA02708, 000,MUSLIM COLLEGE (SHAH SHAMS CAMPUS),BEHIND COCA COLA FACTORY NEW SHAH SHAMS COLONY VEHARI ROAD ,MULTAN,01-JUL-17,B
688,BOB00091, 000,MUSLIM EDUCATOR GIRLS HIGH SCHOOL,NEAR FOUJI GROUND SHUJABAD,SHUJA ABAD,01-JUL-14,B
689,BOA02707, 000,MUSLIM PUBLIC MODEL HIGH SCHOOL,FAROOQPURA OLD SHUJABAD ROAD MULTAN,MULTAN,01-JUL-17,B
690,BOA03943, 000,MUX PETROLEUM (PSO) SERVICE,"SHERSHA INTERCHANGE M4 , SHUJABAD ROAD MULTAN",MULTAN,01-JAN-25,B
691,BOB00040, 000,MUZAMMIL LATIF COTTON FACTORY (ALSAUDIA COTTON),JALALPUR ROAD BANGLA MOOR ,MULTAN,01-NOV-01,B
692,BOA02922, 000,MUZZAMMIL TRADERS,376-B NEW SHAH SHAMAS COLONY VEHARRI ROAD ,MULTAN,01-FEB-18,B
693,BOA02240, 000,NADIA SCHOOL SYSTEM,NR. SAIFAL BUILDING OLD SHUJABAD I/2 KM MULTAN,MULTAN,01-JUL-14,B
694,BOA03136, 000,NAIMAT FOODS INDUSTRY,CHOK SHAH ABAS SURAJ KUND ROAD CHAKI LOHARA WALI SAMI TOWN,MULTAN,01-JUL-19,B
695,BJA00091,BO017,"NAUBAHAR BOTTLING COMPANY ( WAREHOUSE SURAJMIANI)	","NEAR PSO PUMP, SURAJMIANI ROAD MULTAN",MULTAN,01-MAY-25,B
696,BJA00991,BO001,NAUBAHAR BOTTLING COMPANY ( WAREHOUSE SURAJMIANI) ,"NEAR PSO PUMP, SURAJMIANI ROAD MULTAN",MULTAN,01-MAY-25,B
697,BOB00145, 000,NAVEED PUBLIC SCHOOL,CHAK RS TEHSIL SHUJABAD DISTRICT MULTAN,SHUJA ABAD,01-JUL-19,B
698,BIA01347,BO010,NESTLE PAKISTAN LTD ,5 KM LODHRAN ROAD,JALALPUR,01-JUN-09,B
699,BOB00138, 000,NEW AL NASEEB SWEETS,FAROOQ PURA OLD SHUJABAD ROAD MULTAN,MULTAN,01-JAN-20,B
700,BOA00473,BO001,NEW CH. AGRI MECHANICAL ENGINEERS UNIT 02,BAHAWALPUR BY-PASS CHOWK SHER SHAH ROAD,MULTAN,01-JUN-10,B
701,BOA03655, 000,NEW CHISHTIAN LOGISTICS (PVT) LTD,NEAR NAAG SHAH CHOWK MUZFARGARH ROAD ,MULTAN,01-JAN-23,B
702,BOA00637,BO001,NEW DAMAN DAL FACTORY,2-KM SURAJ KUND ROAD ,MULTAN,01-JUL-07,B
703,BOA02267, 000,NEW FOOD PALACE,WALAYAT ABAD VEHARI ROAD ,MULTAN,01-JUL-14,B
704,BOA00438, 000,NEW HAFIZ ROLLER FLOUR MILLS PVT LTD,CHOWK NAGSHAH HAMIDPUR KANORA BY PASS ROAD MULTAN,MULTAN,01-FEB-91,B
705,BOA03517, 000,NEW MADINA BRICKS ,"FATWAL PUR IQBAL MORH, SHUJABAD ROAD, MULTAN",MULTAN,15-JUL-20,B
706,BOA00701, 000,NEW PRINCE GOLDEN OIL MILLS,MUZAFFARGARH BY PASS ,MULTAN,01-SEP-01,B
707,BOA02482, 000,NEW SATAR SCHOOL,SHAH PUR UBHA P O KHAS,SHUJABAD,01-JAN-13,B
708,BOB00157, 000,NEW SHAHEEN MODEL SCHOOL,OPPOSIT CHOWK FAWARA SHUJABAD ,SHUJA ABAD,01-JUL-19,B
709,BOB00142, 000,NEWSTAR MODEL SCHOOL,BASTI SHAH PUR UBHA TEHSIL SHUJABAD DISTRICT MULTAN,MULTAN,01-JUL-19,B
710,BOA00499,BO007,NISHAT BOYS SCHOOL,NEW SHAH SHAMS COLONY VEHARI ROAD,MULTAN,01-APR-16,B
711,BOB00111, 000,NOBEL GRAMMAR SCHOOL,NEW HOUSING COLONY SHUJABAD,MULTAN,01-NOV-13,B
712,BOA02625, 000,NOBLE PUBLIC SCHOOL,IBRAHIM TOWN CHUNGI NO.21 OLD SHUJABAD ROAD MULTAN,MULTAN,01-FEB-17,B
713,BOB00155, 000,NOHIHAL PUBLIC SCHOOL,POST OFFICE SIKANDRABAD TEHSIL SHUJABAD DISTRICT MULTAN,MULTAN,01-JUL-19,B
714,BOB00149, 000,NOOR-UL-HUDA PUBLIC SCHOOL,RASOOLPUR TEHSIL SHUJABAD,SHUJA ABAD,01-JUL-19,B
715,BOA02739, 000,OASIS GROUP OF SCHOOL,SURAJ KUND ROAD HUSSAIN TOWN MULTAN,MULTAN,01-OCT-17,B
716,FAA00151,BO018,OPF MASHAL SCHOOL,1-WILAYATABAD COLONY NO.1 OPP: NAZ CINEMA VEHARI ROAD,MULTAN,08-MAY-90,B
717,BOA03372, 000,OXFORD PUBLIC SCHOOL,"KHAN GARH ROAD, SHUJABAD",SHUJA ABAD,01-JUL-19,B
718,BOA02265, 000,PAKEEZA REWARI SWEETS,CHOWK DOUBLE PHATUK VEHARI ROAD MULTAN,MULTAN,01-JUL-14,B
719,BOA02271, 000,PAKISTAN COLLEGE TECHNOLOGY,NEAR GRAIN MARKET LODHRAN ROAD SHUJABAD,MULTAN,01-OCT-14,B
720,BOA01083, 000,PAKISTAN IDEAL HIGH SCHOOL,D 113/A WARD#4 LAL BAGH,SHUJABAD,01-JAN-09,B
721,BOB00103, 000,PASSION COTTON & OIL FACTORY,ALIPUR MORE JALAL PUR PIRWALA ROAD JALALPUR PIRWALA.,JALALPUR,01-JUL-13,B
722,BOA03601, 000,PEARL PETROLEUM SERVICE,41/1 ASKARI BYPASS FAYYAZ CHOWK OLD SHUJABAD ROAD MULTAN,MULTAN,01-JAN-23,B
723,BOA03945, 000,PETRO ENERGY TOTAL PARCO FILLING STATION,NEAR SHER SHAH INTERCHAGE M4 SHUJDABAD ROAD MULTAN,MULTAN,01-JAN-25,B
724,POA00017, 000,POWAR PACKAGES,SURAJ KUND ROAD CHOWK SHAHABBASS ,MULTAN,11-NOV-02,B
725,BOB00072, 000,PREMIER COLLEGE OF TECHNOLOGY,RAILWAY ROAD SHUJABAD CITY,MULTAN,01-JAN-10,B
726,BOA01710, 000,"PREMIER SALES PVT LTD	",CHOWK SHAH  ABBAS NEAR MCB BANK VEHARI ROAD MULTAN,MULTAN,20-FEB-11,B
727,BOA02878, 000,PRIME PACKAGES,"BASTI KARIMABAD, (03007102880) BAHWALPUR BY PASS MULTAN",MULTAN,01-JAN-17,B
728,BOA02919, 000,PRIME SCHOOL OF EXCELENCE,CHAH JAMMU WALA (03028633340) MULTAN,MULTAN,01-JAN-18,B
729,BOA02921, 000,PRIME TRADES,"OLD SHUJABAD ROAD, LINK SUI GAS ROAD, CHUNGI # 21, ",MULTAN,01-FEB-18,B
730,BOA03038, 000,PRINCE ELECTRONICS,OLD SHUJABAD ROAD OPPOSITE MCB BANK,MULTAN,01-MAR-19,B
731,BOA02277, 000,PROFESSOR COLLEGE (CANAL CAMPUS,NEAR SABZI MANDI PULL CHOTI NEHAR LOHAR COLONY SHUJABAD,MULTAN,01-JAN-15,B
732,BBA00157,BO064,PTV CENTRE multan,OLD SHUJABAD ROAD MULTAN ,MULTAN,01-JUL-08,B
733,BBA00157,BO008,PTV REBROADCAST CENTRE,SHUJAABAD MULTAN ,MULTAN,01-DEC-80,B
734,BOA03550, 000,PUNJAB COLLEGE JALALPUR PIRWALA,"MAIN MULTAN ROAD, JALALPUR PIRWALA MULTAN",MULTAN,01-JAN-22,B
735,BOA02268, 000,PUNJAB COLLEGE SHUJABAD,NEAR BY PASSW CHOWK JALALPUR ROAD SHUJABAD,MULTAN,01-JAN-15,B
736,BOA02875, 000,PUNJAB DAAL FACTORY,"NEAR CHAH JAMMU WALA (03336148086), VEHARRI ROAD MULTAN",MULTAN,01-JUL-17,B
737,BOB00087, 000,PUNJAB PUBLIC GIRLS HIGH SCHOOL,PIR MUBEEN TOWN LAL BAGH SHUJABAD,SHUJA ABAD,01-JUL-14,B
738,BOA02879, 000,PURE PETROLEUM L UBRICANT,NEAR RANA BABER PETROL PUMP SIKANDERABAD ROAD SHUJABAD (03008686490),SHUJA ABAD,01-JUN-18,B
739,BOA02280, 000,QADIR GHEE CORPORATION (HEAD OFFICE),NEAR ISLAMI KANDA NR. B.C.G. CHOWK VR.RD. MULTAN,MULTAN,01-JUL-10,B
740,BOA00360,BO002,QADIR oil inds pvt ltd,NEAR ISLAMI KANDA VEHARI ROAD NEAR BCG CHOWK,MULTAN,01-JAN-13,B
741,BOB00073, 000,QUAID E MILLAT PUBLIC SCHOOL,AMEERABAD COLONY JALALPUR PIRWALA,MULTAN,01-JUL-08,B
742,BOA02422, 000,RACO SCHOOL SYSTEM & ACCADEMY,MUKHTAR TOWN OLD SHUJABAD ROAD,MULTAN,01-JUL-15,B
743,BOA00779, 000,RAJAB SONS ENGG WORKS,OLD SHUJABAD ROAD ,MULTAN,01-JAN-03,B
744,BOA02880, 000,RANA BABER PETROL PUMP,SIKANDERABAD ROAD (03008686490) SHUJABAD,SHUJA ABAD,01-JUL-17,B
745,BOA03513, 000,RANA BROTHERS BRICKS CO,"OLD MULTAN ROAD, SIKANDRABAD SHUJABAD, MULTAN",MULTAN,01-JUL-21,B
746,BOA03915, 000,RANA SAJJAD GENERAL ORDER SUPPLIERS(M/S JV DPEBSL),AL HAMAD MOBILE AND CORPORATION NEAR SILK PLAZA ,LODHRAN,01-JAN-25,B
747,BOB00076, 000,RAZA PUBLIC HIGH SCHOOL GIRLS BRANCH,LAL BAGH SHUJABAD CITY,SHUJABAD,01-JUL-08,B
748,AAF03890,BO005,REGIONAL BLOOD CENTER MULTAN,NEAR MIKD MUZAFARGARH ROAD,MULTAN,12-NOV-20,B
749,BOA02596, 000,REHMATULLAH RICE MILLS,"GAMU CHOWK,BAKAR MANDI ROAD, MULTAN",MULTAN,01-OCT-16,B
750,BOA02292, 000,ROSE RISE RICE FACTORY,"SAEED SHAREEF & BROTHERS, SHOP NO 113 GHALA MANDI ",MULTAN,01-JAN-13,B
751,BOA03693, 000,ROZNAMA AGHAZ SAFAR,PURANI GALA MANDI,MULTAN,01-JUL-22,B
752,BOA01880, 000,RUSTAM FLOUR MILLS,CHOWK SHAH ABBAS VEHARI ROAD,MULTAN,01-JUL-12,B
753,BOA01527, 000,S.EN.JS SCHOOL,VEHARI ROAD NR CHOWK SH ABBAS ,MULTAN,02-MAR-11,B
754,BOA00973,BO001,S.M FOOD MAKERS LIMITED UNIT 5,1 KM NEW CENTRAL JAIL ROAD MULTAN,MULTAN,01-JUL-20,B
755,BOA00973, 000,S.M FOOD MAKERS LIMITED UNIT NO II MULTAN,CHAH DEVI WALA BEHIND NOOR OIL MILL NEW CENTRAL JAIL RD. ,MULTAN,26-FEB-06,B
756,BOA00709, 000,S.M.FOOD MAKERS LIMITED MULTAN,NEW CENTRAL JAIL ROAD ,MULTAN,15-JUL-01,B
757,BOA02393, 000,SAEED RICE MILLS,NEAR HAMEEDA OIL MILLS BWP ROAD SHER SHAH BY PASS ,MULTAN,01-JUL-14,B
758,BOB00108, 000,SAIF SHAHID MODEL SCHOOL,BASTI MALOOK ROAD NEAR RAILWAY PHATAK SHUJABAD,MULTAN,01-JAN-14,B
759,BOA00453, 000,SAIFAL FLOUR AND GENERAL MILLS,BY PASS ROAD HAMID PUR ... ,MULTAN,01-AUG-92,B
760,BOA01734, 000,SAIFAL OIL MILLS,SHER SHAH ROAD ,MULTAN,01-FEB-12,B
761,BOA03799, 000,SALMAAN NAEEM HOSPITAL,"SURAJ KUND ROAD, MULTAN",MULTAN,01-SEP-22,B
762,BOA01862, 000,SAMA RESTAURANT,NEAR JALALPUR COTTON FACTORY SHUJABAD ROAD JALALPUR PIRWALA,JALALPUR,01-MAR-11,B
763,BOB00058, 000,SATTAR COTTON FACTORY (MUDASSAR IQBAL COTTON),BOMB MORE SHUJABAD ROAD JALALPURPIRWALA ,MULTAN,01-OCT-05,B
764,BOB00105, 000,SCIENCE SPECTRUM BOYS & GIRLS SCHOOL,MANZOOR ABAD,SHUJA ABAD,01-SEP-15,B
765,BOB00115, 000,SCIENCE SPECTRUM COLLEGE FOR BOYS,NEW HOUSING COLONY SHUJABAD,ABBASPUR,01-NOV-11,B
766,BOB00116, 000,SCIENCE SPECTRUM COLLEGE FOR GIRLS,NEW HOUSING COLONY SHUJABAD,MULTAN,01-DEC-12,B
767,BOB00112, 000,SCIENCE SPECTRUM HIGH SCHOOL,NEW HOUSING COLONY SHUJABAD,MULTAN,01-NOV-11,B
768,BOA02877, 000,SHAAN FOOD PRODUCTS,"HEAD OFFICE NEAR AD OIL GHALA MANDI (03008639742), VEHARI ROAD MULTAN    ",MULTAN,01-JAN-17,B
769,BOA01461,BO001,SHABBIR CHICKS (PVT) LTD UNIT 2,MUZA SHAH PUR LAR ROAD,SHUJA ABAD,01-JAN-13,B
770,BOA01461, 000,SHABBIR CHICKS private limited,C/O SHUJABAD GROUP OF INDS H/O SURAJ KUND ROAD ,MULTAN,01-JAN-09,B
771,BOB00026, 000,SHABBIR COTTON INDUSTRIES,SHUJABAD ROAD JALAL PUR PEER WALA MULTAN ,MULTAN,01-OCT-90,B
772,BOA00920, 000,SHABBIR FEED MILLS (Pvt.) ltd.,MOUZA WANN CHATTA MUZAFAR GHAR BY PASS ROAD ,MULTAN,10-FEB-04,B
773,BOB00093, 000,SHABBIR LAYeR farm,OPPOSIT ITTEHAD RICE MILLS JALAL PUR PIRWALA ,MULTAN,01-NOV-14,B
774,BOB00110, 000,SHAHEEN MODEL SCHOOL,NEW HOUSING COLONY SHUJABAD DISTT,MULTAN,01-NOV-11,B
775,BOB00156, 000,SHAHEEN PUBLIC SCHOOL,CHAH QAIMWALA MOIUZA DAIRAPUR TEH. SHUJABAD,SHUJA ABAD,01-JAN-19,B
776,FAA00010,BO007,SHALIMAR TELEVISION NETWORK,atv station Opposite CCRI Old shujabad road multan,MULTAN,25-DEC-94,B
777,BOA02677, 000,SHAREEF FOODS,SUI GAS CHOWK NEAR AL SATTAR CHEMICAL FACTORY SURAJ KUND ROAD MULTAN,MULTAN,01-MAY-17,B
778,BOA02806, 000,SHAYAN FOODS,"CHAH JAMMU WALA, VEHARRI ROAD ",MULTAN,01-JAN-18,B
779,BOA01093, 000,SHELL SHUJABAD FILLING STATION,OLD MULTAN ROAD,SHUJABAD,01-JUL-08,B
780,BOB00004, 000,SHUJABAD BONE MILLS,NEAR RAILWAY STATION SHUJABAD DISTT MULTAN ,MULTAN,01-JAN-77,B
781,BOB00100, 000,SHUJABAD GASOLINE MULTAN ROAD SHUJABAD,MULTAN ROAD CITY SHUJABAD,SHUJA ABAD,01-AUG-14,B
782,BOA01848, 000,SHUJABAD GROUP INDUSTRIES,SURAJ KUND ROAD,MULTAN,01-JUN-12,B
783,BOB00012, 000,SHUJABAD INDUSTRIES PVT LTD,MOZA PUNJANI JALLALPUR PIRAWALA R SHUJABAD ,MULTAN,01-SEP-87,B
784,BOB00132, 000,SHUJABAD LAW COLLEGE,LODHRAN ROAD MAKKAH TOWN SHUJABAD,SHUJA ABAD,01-JUL-16,B
785,BOB00031, 000,SHUJABAD OIL MILLS PVT LTD,MOUZA MIANPUR BELEYWALA SHUJABAD ROAD JALALPUR PIRWALA,MULTAN,01-JAN-95,B
786,BOB00086, 000,SHUJABAD PUBLIC SCHOOL SHUJABAD FOR BGIRLS,168/4 ZIALGHAR ROAD NEAR AGRICULTURAL OFFICE SHUJABAD,SHUJA ABAD,01-JAN-14,B
787,BOB00085, 000,SHUJABAD PUBLIC SCHOOL SHUJABAD FOR BOY ,168/4 OUT SIDE RAILWAY GATE SHUJABAD,SHUJABAD,01-JAN-14,B
788,BOB00009, 000,SILVER SEED (PVT) LTD,C/O RIAZ COTTON FACT SHUJABAD DISTT MULTAN ,MULTAN,20-NOV-87,B
789,BOA03617, 000,SMART HOUSING OFFICE,"NAAG SHAH CHOWK, MULTAN",MULTAN,01-FEB-23,B
790,BOA03895, 000,SOLAR POWER INTEGRATOR,SHOP # 6 JALAL PUR ROAD TEHSIL SHUJABAD,SHUJA ABAD,01-DEC-24,B
791,BOB00113, 000,SPECTRUM HIGH SCHOOL,LODHRAN ROAD SHUJABAD,MULTAN,01-AUG-13,B
792,BOA00106, 000,STAR OIL AND ICE MILLS LTD CTC,N-CENTRAL JAIL ROAD MULTAN ,MULTAN,01-JUL-76,B
793,BOA03311, 000,STEPS AHEAD PVT LTD BAZAR ,MOUZA WEAN CHATHA SHABIR MILLS PVT LTD MUZAFARGARH BY PASS ROAD,MULTAN,01-NOV-21,B
794,BOA02480, 000,STORE 2 DOOR SERVICES,"500 METER TO EAST FROM NAAG SHAH, OPP HUSSAIN PSO PUMP, MUZZFARGARRH MULTAN BY PASS, (300-6000086)",MULTAN,01-MAR-16,B
795,BOA03412, 000,STYLO FRANCHISE MUMTAZABAD,"PLOT # 1/B ANDROON, MUMTAZABAD MULTAN",MUMTAZ ABAD,03-NOV-21,B
796,BOA01874, 000,SUBHAN KARAMAT RICE & DAAL MILLS,NEAR PULL KALRO SHER SHAH ROAD,MULTAN,01-MAR-12,B
797,BOB00148, 000,SUFFA SCHOOL SYSTEM,ZAREEF SHAHEED TEHSIL SHUJABAD DISTRICT MULTAN,SHUJABAD,01-JUL-19,B
798,BOA00845, 000,SULTAN COLD STORAGE,HAMID PUR SHER SHAH BY-PASS ROAD ,MULTAN,27-NOV-02,B
799,BOA03013, 000,SUPER CREATIVE SCHOOL ,"NEAR MULTAN FOOD FACTORY, RANGEELPUR",MULTAN,01-DEC-18,B
800,BOA01113, 000,SUPERIOR SCIENCE GIRL HSS,NEW HOUSING COLONY SHUJABAD,SHUJABAD,30-SEP-08,B
801,BOA02885, 000,SURMAWALA ELECTRONICS,NEAR SHAH SHAMAS COLONY VEHARRI ROAD ,MULTAN,01-JAN-17,B
802,AAC00643,BO005,TAPAL TEA PVT LIMITED,MOUZA ALAMGIR NAAG SHAH SHER SHAH ROAD,MULTAN,01-AUG-11,B
803,BOA01164, 000,TARIQ DAAL FACTORY,BASTI KARIMABAD NEAR NEW TARIQ FLOUR MILLS,MULTAN,01-JUL-08,B
804,BOA01165, 000,TARIQ RICE MILLS,BASTI KARIMABAD NEAR NEW TARIQ FLOUR MILLS,MULTAN,01-JUL-08,B
805,BOA02417, 000,THE AOJ CAREER SCHOOL SYSTEM,OLD SHUJABAD ROA NEAR BUNDHAN MARRIAGE CLUB,MULTAN,01-JUL-15,B
806,BOA02274, 000,THE EDUCATORS,OPP ;DDOR HOUSE LODHRAN ROAD MAKKAH TOWN SHUJABAD,MULTAN,01-JAN-15,B
807,BOA02248, 000,THE EDUCATORS (HADI CAMPUS),OLD SHUJABAD ROAD GULSHAN TOWN MULTAN,MULTAN,01-JUL-14,B
808,BOA02272, 000,THE EDUCATORS 9PROJECT OF BEACON HOUSE JALALPUR CA,LODHRAN ROAD JALALPUR PIRWALA,MULTAN,01-OCT-14,B
809,BOA01808, 000,THE GALAXY PUBLIC SCHOOL,OPP TIMBER MARKET NR SULTAN FLOUR MILLS VEHARI RD ,MULTAN,01-JUL-09,B
810,BOA03574, 000,THE PHYSIO COLLEGE OF REHABILITATION SCIENCE,ASKARI BYPASS NEAR AL REHMAN HOSPITAL OLD SHUJABAD ROAD MULTAN,MULTAN,01-JAN-22,B
811,BOB00095, 000,THE PROFESSOR GRAMMAR SCHOOL,ZAHIRPIR ROAD LODHRAN ROAD JALLALPUR PIRWALA,MULTAN,01-FEB-11,B
812,BOA03800, 000,THE SPIRIT SCHOOL,NEAR KIDNEY CENTER BAHAWALPUR BYPASS MULTAN,MULTAN,01-APR-23,B
813,BOA02014, 000,THE SUPERIOR SCHOOL,NEW SHAH SHAMS COLONY BLOCK-A VEHARI ROAD,MULTAN,01-JUL-10,B
814,BOA03573, 000,THE WISE SCHOOL SYSTEM,"SUI GAS ROAD, GULSHAN E HAIDER MULTAN",MULTAN,01-JAN-22,B
815,BOA00700,BO001,THREE STAR HOSIERY KNITING UNIT,AMINABAD HAMIDPUR KANORA BY PASS ROAD MULTAN,MULTAN,01-MAY-14,B
816,BOA00700, 000,THREE STAR SPINNING MILLS PVT LTD,AMINA ABAD HAMIDPUR BY PASS SHER SHAH ROAD ,MULTAN,05-NOV-01,B
817,BOA02923, 000,TREES VALLEY SCHOOL,"MAIN STREET IBRAHEAM TWON, OLD SHUJABAD ROAD (03017538452)",MULTAN,01-OCT-17,B
818,BOA02967, 000,TSD PRIVATE LIMITED,"MUZAFARGARH BYPASS, BAKAR MANDI ROAD, ",MULTAN,01-APR-18,B
819,BOA03789, 000,USAMA CHARGAH HOUSE,"SHUJABAD ROAD, JALALPUR PIRWALA ",MULTAN,01-JUN-24,B
820,BOB00066, 000,USAMA FOOD CENTER,JALALPUR ROAD SHUJABAD,SHUJA ABAD,01-JAN-11,B
821,BOB00125, 000,USAMA GARDEN,"MULTAN ROAD,SHUJABAD",ABBASPUR,01-OCT-16,B
822,BOA00709,BO001,USMAN TRADE LINKERS,1-KM NEW CENTRAL JAIL ROAD MULTAN,MULTAN,01-JAN-10,B
823,BOA02887, 000,VICTRORIA CHEMICAL,"BASTI ALAMGIR, OLD SHUJABAD ROAD (03008634273) ",MULTAN,01-JAN-17,B
824,BOA00697, 000,WAHID FLOUR MILLS,NEAR BAHAWALPUR CHOWK MUZAFFAR GARH ROAD DERA MOHAMMADI ,MULTAN,01-OCT-01,B
825,BOA01858, 000,WAHID PETROL PUMP,OLD SHUJABAD ROAD,MULTAN,01-MAY-10,B
826,BOB00102, 000,WASEEM INDUSTRIES PVT LTD,ALIPUR MORE BEHIND PASSION COTTON FATORY JALALPUR PIRWALA ROAD JALALPUR,JALALPUR,01-JUL-11,B
827,BOA03944, 000,WEPL MULTAN GATEWAY SS FILLING STATION,"SHERSHA INTERCHANGE M4 , SHUJABAD ROAD MULTAN",MULTAN,01-JAN-25,B
828,BOA01877, 000,YA DATTA IRON WORKS STORE,VEHARI ROAD,MULTAN,01-NOV-12,B
829,BOA03151, 000,YAHAR OFFICE,YAHAR CENTRE OPP PSO PUMP NEAR GHALLA MANDI ,MULTAN,01-AUG-19,B
830,BOB00097, 000,YAMEEN RICE MILLS,NEAR ITTEFAQ RICE MILLS SHUJABAD JALLAPUR BY PASS ROAD,MULTAN,01-JUL-14,B
831,BOB00029, 000,YAZMAN ENTERPRISES,kOTLA MOR  TEH JALALPUR PIRWALA DIST MULTAN,MULTAN,01-NOV-91,B
832,BOB00147, 000,YOUNG SCHOLAR PUBLIC SCHOOL,KOTLI NAJABAT TEH.SHUJABAD DISTRICT MULTAN,SHUJABAD,01-JUL-19,B
833,BOA00575, 000,YOUSAF OIL MILLS,MOUZA SAMU RANA NR KHAWAJA PETROL PUMP SHER SHAH BY-PASS,MULTAN,01-NOV-95,B
834,BOA02719, 000,ZAIQA CORN,RANGEELPUR SURAJ KUND ROAD MULTAN,MULTAN,01-OCT-17,B
835,BOA02643, 000,ZAMIR PUBLIC SCHOOL(AL-MUNEER CAMPUS),NEAR BILAL CHOWK OLD SHUJABAD ROAD MULTAN ,MULTAN,01-MAR-17,B
836,BOA03506, 000,ZAMRI BRICKS CO,"LABER MORH, SHUJABAD ROAD, MULTAN",MULTAN,01-JUL-21,B
837,BOB00025, 000,ali COTTON FACTORY(shabnam),JALALPUR PIRWALA RD SHUJABAD ,MULTAN,01-DEC-89,B
838,BOA01324, 000,fahad daal factory,BASTI KARIMABAD BEHIND NEW TARIQ FLOUR MILLS,MULTAN,01-JAN-09,B
839,BOB00013, 000,rana cotton industries,ADDA MAINPURA BELAWALA SHUJABAD ROAD JALALPUR PIRWALA,JALALPUR,01-OCT-88,B
840,BOA03681, 000,(GARDENING SERVICES),"C/O SNGPL TRANSMISSION, PIRAN GHAIB ROAD, MULTAN.",MULTAN,01-NOV-23,C
841,BOA03682, 000,(SECURITY SERVICES),"C/O SNGPL DISTRIBUTION, PIRAN GHAIB ROAD, MULTAN.",MULTAN,01-DEC-23,C
842,BOA03180, 000,A A PULP & PUREE PVT LTD,"7-KM, SUJAN PUR ROAD, OFF KHANEWAL ROAD",MULTAN,01-AUG-20,C
843,BOA01987, 000,A-ONE MARBLE FACTORY,CHOWK RASHIDBAD,MULTAN,01-OCT-12,C
844,BIB01278,BO002,A-RAHIM FOODS (PVT) LIMITED,"DAWN BREAD OFFICE, NEAR AL NOOR HOTEL, BESIDE HAIER SALES OFFICE, KHANEWAL ROAD",MULTAN,01-AUG-20,C
845,AAC00009,BO001,ABBOT LABORATORIES (PAKISTAN) LTD.,(MULTAN DEPOT) HASSAN ABAD GATE NO.2 KHANEWAL ROAD,MULTAN,15-JUL-90,C
846,BOA03831, 000,ABDULLAH TRADERS PAK (SNGPL),"HOUSE NO. 1021, OPPOSITE BANGLOW NO. B-1, WAHDAT COLONY, SHAH SHAMAS ROAD, MULTAN",MULTAN,01-JUL-24,C
847,AAE01637,BO017,ABUDAWOOD TRADING COMPANY (PVT) LTD,PROPERTY 1789 HASSANABAD GATE NO 2 KHANEWAL ROAD,MULTAN,01-DEC-16,C
848,BIA03371,BO012,ACCESS SECURITY SERVICES PVT LTD,"HOUSE # 0150/G-3, AL MUSTAFA COLONY,",MULTAN,01-MAY-14,C
849,BOA03431, 000,ADEEL HAMZA CONTRACTORS & BUILDERS (SNGPL),"CHOWK NAWAN SHEHR, TEHSIL KABIRWALA",KABIRWALA,20-MAY-22,C
850,BOA02712, 000,ADMIRE COLLEGE OF SCIENCE AND COMMERCE GIRLS,"289 KHANEWAL ROAD,MULTAN",MULTAN,01-SEP-17,C
851,BOA03489, 000,ADMIRE TRANSPORTATION PVT LTD.,"NEAR IBRAHIM PETROLEUM SERVICES, KASURI CHOWK, M.A.JINNAH ROAD,",MULTAN,01-MAR-22,C
852,BOA01216, 000,ADMORE UNITEED CNG STATION ,OPP PFL KWL ROAD ,MULTAN,01-AUG-09,C
853,BLA01213,BO033,AFZAL ELECTRONICS,"NEAR ALLIED BANK RASHEEDABAD CHOWK, MULTAN",MULTAN,01-NOV-17,C
854,BOA03624, 000,AFZAL ELECTRONICS,SAMEJABAD,MULTAN,01-JAN-23,C
855,BLA01213,BO039,AFZAL ELECTRONICS,"OPPOSITE JAMIA ARBIA DAWAT UL HAQ, NEAR SILVER KARKHANA, MASOOM SHAH ROAD, MULTAN",MULTAN,01-MAR-18,C
856,BOA03623, 000,AFZAL ELECTRONICS,RAILWAY ROAD,MULTAN,01-JAN-23,C
857,BOA03625, 000,AFZAL ELECTRONICS,SHAIR SHAH ROAD,MULTAN,01-JAN-23,C
858,BOA03622, 000,AFZAL ELECTRONICS,HAFIZ JAMAL ROAD,MULTAN,01-JAN-23,C
859,BOA03106, 000,AHMAD FABRICS,"16 KM- QADIR PUR RAWAN BY PASS, NEAR GUJAR CHOWK",MULTAN,01-JUL-19,C
860,BOA02094, 000,AHMAD ROOFING,BASTI SHAH HUSSAIN KIROALPUR,MULTAN,01-JAN-14,C
861,BOA03490, 000,AHMED BROTHERS & CO. (SNGPL),"AKBAR ROAD, O/S HARAM GATE,",MULTAN,01-AUG-22,C
862,BOA00978,BO001,AHMED FINE TEXTILE MILLS LIMITED,"25-KM KHANEWAL ROAD, QADIR PUR RAWAN BY PASS, ",MULTAN,01-JAN-07,C
863,BOA00978,BO003,AHMED FINE TEXTILE MILLS LIMITED (UNIT-5),"25-KM QADIRPUR RAWAN BYPASS, KHANEWAL ROAD,",MULTAN,01-JUL-23,C
864,BOA00978,BO002,AHMED FINE TEXTILE MILLS LTD (TERRY DIVISION),"25-KM, KHANEWAL ROAD,",MULTAN,01-AUG-22,C
865,BOA00569,BO002,AHMED FINE WEAVING LTD NO. 2,25 K.M KHANEWAL ROAD RAWAN BY-PASS ,MULTAN,01-APR-03,C
866,BOA02893, 000,AHSAN MEDICINE COMPANY,"OPPOSITE  PEERZADA PHARMACY, CHOWK KUMHARANWALA, MULTAN",MULTAN,01-JUL-17,C
867,BOA03576, 000,AJWA GARDEN RESTAURANT,"ADJACENT TO LAL HAVELI RESTAURANT, KHANEWAL ROAD",MULTAN,01-JAN-22,C
868,BOA03181, 000,AJWA INTERNATIONAL,"OPP. AL-YOUSAF CNG, MAIN KHANEWAL ROAD",MULTAN,01-JAN-20,C
869,BOA03267, 000,AKG PACKAGES,ISMAILABAD NEAR KHAD FACTORY MATI TAL ROAD,MULTAN,01-JAN-21,C
870,BOA01475, 000,AL GHANI PETROLIUM SERVICE,QADIRPUR RAN BY PASS,MULTAN,01-JUL-10,C
871,BOA03748, 000,AL HADI TRADERS,"CHOWK BCG 63 - UMAR FAROOQ COLONY, NEAR FAREED CHEMICAL, MULTAN.",MULTAN,01-MAR-24,C
872,BOA01916, 000,AL HAQ PUBLIC SCHOOL,HASANBAD GATE NO 1 KWL ROAD,MULTAN,01-SEP-12,C
873,BOA03066, 000,AL HARMAIN FILLING STATION (SHELL),"23-KM, LAHORE ROAD, QADIR PUR RAWAN BY PASS",MULTAN,01-MAY-18,C
874,BOA01690, 000,AL HARMAIN FLOUR MILLS,23 KM LAHORE ROAD qADIR PUR RAWAN BY PASS MULTAN,MULTAN,01-JAN-11,C
875,BOA01917, 000,AL KHAIR HOSPITAL & MATERNITY HOSPITAL,NEAR HASANBAD GATE 1 KWL ROAD,MULTAN,01-SEP-12,C
876,BOA03568, 000,AL NAFAY BUSINESS & TRADING CORPORATIONS PVT LTD.,"OFFICE NO. 1230/XX-A, STREET NO.04, MOHALLA SIDDIQIA, PIRAN GHAIB ROAD,",MULTAN,01-JAN-22,C
877,BOA01176, 000,AL NOOR HEALTH CARE & EDUCATION SERVICES (MMDC),NEAR IBN E SINA HOSPITAL MULTAN ,MULTAN,01-JAN-09,C
878,BOA01602, 000,AL QURESH FILLING STATION,OOP SHUJABAD MILL RAWAN BY PASS KWL ROAD MULTAN,MULTAN,01-JUL-10,C
879,BOA01217, 000,AL RAZIQUE CNG STATION ,OPP PFL KWL ROAD ,MULTAN,01-JUL-09,C
880,BOA01714, 000,AL REHMAN BRICKS CO,SAJAN PUR KHENEWAL ROAD ,MULTAN,01-JUL-09,C
881,BOA03510, 000,AL REHMAN BRICKS CO,"MOUZA SUBHAN PUR, KHANEWAL ROAD",MULTAN,05-JUL-21,C
882,BOA02473, 000,AL REHMAN TRADERS C/O COCA COLA DEPOT,OPP SUZUKI PIONER MOTORS RAJA PUR KWL ROAD ,MULTAN,01-JUL-15,C
883,BOA01266, 000,AL SALEH CNG ,PIRAN GHAIB ROAD MULTAN ,MULTAN,01-JUL-09,C
884,BOA02894, 000,AL SHIFA HOSPITAL,"NEAR GULISTAN CHOWK, MASOOM SHAH ROAD, MULTAN",MULTAN,01-JUL-15,C
885,BOA02574, 000,AL WAHEED FILLING STATION (TOTAL PUMP),RIAZABAD STATION LOHTAR ,MULTAN,01-DEC-16,C
886,BOA01218, 000,AL YOUSUF CNG STATION,NEAR MAQBOOL COTTON FACTORY KWL ROAD,MULTAN,01-JUL-09,C
887,BOA00430, 000,ALAM KHAN CONTRACTOR (PVT) LTD,Near PAK ARAB FERTILIZERS KHANEWAL ROAD MULTAN,MULTAN,16-FEB-91,C
888,BOA00976, 000,ALBAN'S ACADEMY HIGH SCHOOL,CHOWK RASHEED ABAD KWL ROAD,MULTAN,01-MAR-06,C
889,BOA00991, 000,ALHAFIZ FLOUR MILLS,QADIR PUR RAWAN KHANEWAL ROAD MULTAN,MULTAN,01-APR-06,C
890,BOA03296, 000,ALI AZHAN ENTERPRISES (MULTAN),"HEAD OFFICE BASTI SHOORKOT, FZALABAD BAHAWALPUR ROAD, MULTAN",MULTAN,01-APR-21,C
891,BOA00525, 000,ALI GENERAL HOSPITAL,MAHMOODABAD COLONY KHANEWAL ROAD ,MULTAN,28-JUL-95,C
892,AAB00825,BO004,ALI GOHAR & CO LTD,"903/D/21, mehmoodabad colony, KHANEWAL ROAD MULTAN ",MULTAN,01-JUL-76,C
893,BOA03839, 000,ALI HUSSAIN ENTERPRISES (SNGPL),BAGH-E-HUSSAIN CHOWK PIRAN GHAIB ROAD MULTAN,MULTAN,01-JUN-24,C
894,BOA03500, 000,ALI HUSSAIN ENTERPRISES (SNGPL),"24 - U BLOCK, ALLAMA IQBAL MARKET, NEW MULTAN",MULTAN,01-SEP-22,C
895,BOA01994, 000,ALI MARBLES,CHOWK RASHIDBAD KWL ROAD,MULTAN,01-OCT-12,C
896,BOA01219, 000,ALI RAZA CNG STATION,OPP AL REHMAN MOTORS KWL ROAD,MULTAN,01-JUL-09,C
897,BOA01167, 000,ALL PAKISTAN BEDSHEETS AND UPHOLSTRY ASSOCIATION,"E-260 PSIC-ECHS,LANGANA CHOWK NORTHREN BYPASS ROAD,MULTAN",MULTAN,01-JUL-09,C
898,BOA03205, 000,ALLIANCE TEXTILE,"NLC BY PASS, KHANEWAL ROAD",MULTAN,01-JUL-18,C
899,BOA02476, 000,ALLIED SCHOOL BOSAN ROAD CAMPUS,154 - SHAMASABAD COLONY,MULTAN,28-JAN-16,C
900,BOA02154, 000,ALLIED SCHOOL QADIR PUR RAWAN CAMPUS,NEAR JAMIA KHALID BIN WALEED QADAR PUR RAWAN,MULTAN,01-JAN-14,C
901,BOA02519, 000,ALLIED SCHOOL ZAKARIYA CAMPUS,PAKISTAN TOWN NEAR CHOWK RASHEEDABAD KHANEWAL RAOD,MULTAN,01-JUL-16,C
902,BOA02539, 000,ALM PHARMA,"ALM PHARMA, OPPOSITE ABU BAKAR MASJID, BODLA TOWN, NEAR KASURI CHOWK, M.A. JINNAH ROAD,",MULTAN,01-JAN-16,C
903,BOA03060, 000,AMAN WELFARE ORGANIZATION,"ISMAIL ZIA COLONY, NEAR BILAL MOTORS KARPAL NEAR 500KV GRID STATION",MULTAN,01-MAY-19,C
904,AAD02649,BO005,AMCORP ENGINEERING & CONTRUCTION CO.,"MDC ALLIED BANK , OPP. CITY GIRLS COLLEGE, KHANEWAL ROAD",MULTAN,01-APR-20,C
905,BOA01338, 000,ANMOOL PALACE (MARRIAGE HALL ),NEAR SHAH SHAMAS DARBAR BAWA SAFRA ROAD ,MULTAN,01-JUL-09,C
906,BOA03916, 000,APEX HIGH RISE PVT LTD,229-A AHMED BLOCK NEW GARDEN TOWN LAHORE,MULTAN,27-MAR-25,C
907,BOA02397, 000,ARFAA SCIENCE SECONDARY SCHOOL,MUSHTAQ COLONY MASOOM SHAH ROAD ,MULTAN,01-DEC-15,C
908,BOA01716, 000,ARIF RICE MILLS,SHAH HUSSAIN MORE SUJAN POR ROAD KHANEWAL ROAD,MULTAN,01-JUL-11,C
909,BOA02462, 000,ARM FABRICS,18 KM KWL ROAD NEAR MILL SADIQABAD,MULTAN,01-FEB-16,C
910,BOA03168, 000,AROMA FOODS (PVT) LIMITED,"CANAL BANK, 1-KM, G.T ROAD, QADIR PUR RAWAN",MULTAN,01-JAN-20,C
911,AAG01702,BO011,ASF SECURITY (PVT)LTD.,"MULTAN INTERNATIONAL AIRPORT ASF CAMP,",MULTAN,01-OCT-22,C
912,BOA03457, 000,ASGHAR BROTHERS CONTRACTORS (SNGPL),"267A-3, SULTAN AHMED KHAN STREET, CHAH BOHRWALA,",MULTAN,15-MAY-22,C
913,BOA03793, 000,ASHRAFIA GAS FITTING CO. (SNGPL),"STREET NO. 06, KHUSH HALL COLONY, KHANEWAL ROAD, RASHEEDABAD CHOWK,",MULTAN,01-JUN-24,C
914,BOA00602, 000,ASIATEX CORPoration,HANIF STREET OPP. NLC BY PAS RAJAPUR JAHANGIRABAD  KHANEWAL ROAD MULTAN,MULTAN,01-NOV-97,C
915,BOA03845, 000,ASKARI GUARDS (PVT) LTD ROSS MULTAN C/O MEPCO,"H.NO 160, JAMILABAD ROAD , NEAR CHUNGI NO.1",MULTAN,07-JUN-24,C
916,BOA00759,BO007,ASKARI GUARDS PVT LTD C/O ATTOCK PETROLIUM LTD,HOUSE #160 JAMILABAD AIRPORT NEAR CHUNGI NO.1 ,MULTAN,01-FEB-25,C
917,BOA00759,BO005,ASKARI GUARDS PVT LTD C/O FATIMA FERTILIZER LTD,CHUNGI NO 1 AIRPORT ROAD MULTAN,MULTAN,01-SEP-24,C
918,BOA00759,BO006,ASKARI GUARDS PVT LTD C/OMUKHTAR A SHEIKH HOSPITAL,HOUSE #160 JAMILABAD AIRPORT ROAD NEAR CHUNGI NO.1 ,MULTAN,01-NOV-24,C
919,BOA01604, 000,ATTA PETROLIUM,NEAR EID GAH KWL ROAD MULTAN,MULTAN,01-JUL-10,C
920,BOA01182, 000,ATTOCK PETROLIUM ( PETROL PUMP ),OPP 132 K V WAPDA GRID STATION ,MULTAN,01-JUL-09,C
921,BOA01968, 000,AZAZ JUNIOR SCHOOL,NSAQSHBAND COLONY HOUSE NO 984,MULTAN,01-DEC-12,C
922,BOA03665, 000,AZEEM ENGINEERING AND MAINTENANCE SERVICES,"HOUSE # 348, MOHALA NEW NAZIMABAD, NEAR NEW GHALLA MANDI, MULTAN.",MULTAN,01-SEP-23,C
923,BOA03776, 000,AZHAR ASSOCIATES (SNGPL),"OFFICE NO.2, MAZARI CENTRE PIRAN GHAIB, ROAD,",MULTAN,01-MAY-24,C
924,BOA01135, 000,B&S ENTERPRISES,near pak arab fertilizer gas factory area opp. pak gases khanewal road multan,MULTAN,01-JAN-09,C
925,BOA02896, 000,BAHAWAL PETROLEUM,"M A JINNAH ROAD, NEAR CHOWK KUMHARANWALA, MULTAN",MULTAN,01-OCT-17,C
926,BOA00746, 000,BAKELINE (EX R.M.FABRICS),18-KM KHANEWAL ROAD ,MULTAN,01-OCT-02,C
927,BOA03575, 000,BAMBOO HUTS RETAURANT AND BAR B Q,QADIRPUR RAWAN BYPASS ROAD,MULTAN,01-OCT-22,C
928,BIA03113,BO003,BARQAAB CONSULTING SERVICES (PVT) LTD.,"EID GAH CHOWK, NEAR ALNOOR HOMEOPATHEIC COLLEGE",MULTAN,01-JUL-06,C
929,BOA01183, 000,BEST WAY CNG STATION ,05 KM KWL ROAD ,MULTAN,01-JUL-09,C
930,BOA01221, 000,BHATTI CNG STATION ,03-KM KWL ROAD ,MULTAN,01-JUL-09,C
931,BOA01339, 000,BISMALLAH MARRIAGE HALL ,BISMALLAH CHOWK MASOOM SHAH ROAD ,MULTAN,01-JUL-09,C
932,BOA00889, 000,BLESSING FILLING STATION ( TOTAL PUMP) ,3-KM KHANEWAL ROAD NR EDHI WALFARE CENT ,MULTAN,01-JAN-04,C
933,BOA01564, 000,BLOOM FIELD PUBLIC SCHOOL,V-18 NEW MULTAN,MULTAN,01-JUL-10,C
934,BOA02713, 000,BRIGHT HALL SCHOOL,"HASSANABAD GATE NO.1 QAZAFI TOWN,MULTAN",MULTAN,01-JAN-16,C
935,BIA01747,BO004,BRIGHTO PAINTS (PVT) LTD,"SALES OFFICE,SUIT #04, 1ST FLOOR, CITY PLAZA, RASHEED ABAD, KHANEWAL ROAD",MULTAN,01-SEP-20,C
936,BOA02528, 000,BRIT INTERNATIONAL SCHOOL SYSTEM,MEHMOODABAD COLONY NEAR MCB BANK KHENAWAL ROAD,MULTAN,01-SEP-16,C
937,BOA02474, 000,BRITISH INTER NATIONAL SCHOOL SYSTEM PIRANGHAIB CA,PIRAN GHAIB CAMPUS PIRAN GHAIN ROAD ,MULTAN,01-JAN-15,C
938,BOA01449, 000,BRITISH INTERNATIONAL SCHOOL SYSTEM (Al-Raheem Ca,268-SHAMSABAD BEHIND SHELL PETROL STATION NEAR EID,MULTAN,01-JUL-10,C
939,BOA03200, 000,CALL A CAB,"Street#12, JUMMA HOUSE, SHALIMAR COLONY",MULTAN,06-OCT-20,C
940,BOA03089, 000,CARE HIGH SCHOOL #31 (FAZAL RAHMAN CAMPUS),"FAZAL RAHMAN CAMPUS, QADIR PUR RAWAN",MULTAN,01-DEC-19,C
941,BOA03511, 000,"CH. BRIKS CO, ","CHAH PEER WALA, KHANEWAL ROAD",MULTAN,05-JUL-21,C
942,BOA03191, 000,CHANGAN MULTAN MOTORS,"NEAR PAK ARAB FERTILIZERS, KHANEWAL ROAD",MULTAN,01-AUG-20,C
943,BOA03752, 000,CHASE UP,"NEAR RASHEEDABAD, KHANEWAL ROAD, MULTAM",MULTAN,01-APR-24,C
944,BOA01989, 000,CHAUDHRY MARBLE FACTORY,CHOWK RASHIDBAD KWL ROAD,MULTAN,01-OCT-12,C
945,BOA03455, 000,CHAWAN ASSOCIATES (SNGPL),"CHAH MURADWALA, PIRAN GHAIB STATION",MULTAN,15-MAY-22,C
946,BOA02055, 000,CITY COLLEGE OF SCIENCE & COMMERCE (GIRLS CAMPUS),khenawal road near dewoo bus stand,MULTAN,01-FEB-13,C
947,BOA02512, 000,CITY COLLEGE SCIENCE AND COMMERECE MULTAN,BLOCK S MASOOM SHAH ROAD NEAR GULISTAN CHOWK ,MULTAN,01-MAR-16,C
948,BOA01184, 000,CITY GAS HASCOL CNG STATION ,KWL ROAD MULTAN ,MULTAN,01-JUL-09,C
949,BOA03185, 000,COMFIT ENTERPRISES (PVT) LTD,"NEAR SASTA BAZAR SUPER MARKET, CHOWK QAZZAFI, KHANEWAL ROAD",MULTAN,01-JUL-20,C
950,BOA02897, 000,"CSP, NATIONAL SCHOOL SYSTEM","M A JINNAH ROAD, NEAR CHOWK KUMHARANWALA, MULTAN",MULTAN,01-JUL-17,C
951,BOA02540, 000,DAEHAN SOUTH PUNJAB MOTORS (POWER MULTAN MOTORS),KHENAWAL ROAD OPP MC BANK,MULTAN,01-SEP-16,C
952,BIA02557,BO004,DAEWOO PAKISTAN EXPRESS BUS SERVICES LTD,KHANEWAL ROAD ,MULTAN,08-SEP-00,C
953,BOA03652, 000,DAILY KARIGAR MULTAN,"1051 / D-2, AWAN STREET, KHANEWAL ROAD, MULTAN.",MULTAN,01-SEP-23,C
954,BOA02121, 000,DARBAR E SHARIAN SWEETS AND BAKERS,BAHAR CHOWK MASOOM SHAH ROAD ,MULTAN,01-APR-14,C
955,BOA02261,BO001,DARBAR E SHEREEN SWEETS & BAKERS,"AL MADIV CENTER, CHOWK KUMHARANWALA, MASOOM SHAH ROAD, MULTAN",MULTAN,01-JUN-17,C
956,POA00020, 000,DARVESH EXPORTERS,opp pak arab fertilizer kwl road ,MULTAN,14-NOV-02,C
957,BOA01178,BO001,DESCON ENG. PVT LTD (PAK ARAB FERT.),"C/O PAK ARAB FERTILIZER , KHANEWAL ROAD",MULTAN,01-AUG-19,C
958,BOA03061, 000,DIAMOND DAIRY,HUSSAN ABAD GATE # 2 KHANEWAL ROAD ,MULTAN,01-MAY-19,C
959,BOA03739, 000,DIP & BITE PIZZA WORLD-II,"MAIN KHANEWAL ROAD, MEHMOODABAD, MULTAN",MULTAN,01-JAN-24,C
960,BOA02901, 000,DOCTORS PHARMACY,"NEAR RASHEEDABAD PLOT, KHANEWAL ROAD MULTAN",MULTAN,01-JUL-16,C
961,BOA02496, 000,E F A SCHOOL SYSTEM MULTAN CAMPUS,HOUSE55 -57 BLOCK -V NEW MULTAN PIRANGHAIB ROAD ,MULTAN,01-JUL-15,C
962,BOA02475, 000,EDIFY HIGH SCHOOL (HAIDER CAMPUS ),EDIFY CHOWK MATITAL ROAD ,MULTAN,01-JUL-15,C
963,BOA03392, 000,EDUCATION SOCIETY OF THE EMPLOYEES OF PFL,"PAKARAB FERTILIZERS HOUSING COLONY, KHANEWAL ROAD,",MULTAN,01-JAN-22,C
964,BOA02592, 000,EDUCATION ZONE SCHOOL SYSTEM,NEAR TASTY PLUS KHANEWAL ROAD,MULTAN,01-JAN-17,C
965,BOA01185, 000,ELAHI CNG & HASCOL PETROLIUM ,MASOOM SHAH ROAD ,MULTAN,01-JUL-09,C
966,BOA03391, 000,ENVIRITE PRIVATE LIMITED,"C/O SNGPL DISTRIBUTION OFFICE, PIRAN GHAIB ROAD,",MULTAN,01-APR-22,C
967,BOA03721, 000,EPIC CRAFTINGS,"MOUNZA KARPALPUR, OPPOSITE HA FIBERS, SUJANPUR",MULTAN,01-JUL-22,C
968,BOA03417, 000,FAISAL ENGINEERS (SNGPL),"535/9, TB HOSPITAL ROAD, CHUNGI NO. 14, MULTAN.",MULTAN,01-APR-22,C
969,BOA00562, 000,FAISAL HOSPITAL,RASHIDABAD CHOWK KHANEWAL ROAD MULTAN ,MULTAN,01-JUL-52,C
970,BOA02898, 000,FAIZAN FILLING STATION,"M A JINNAH ROAD, BODLA TOWN, MULTAN",MULTAN,01-OCT-17,C
971,BOA00527, 000,FAMILY HOSPITAL,HUSSAIN BLOCK CHOWK KUMHARANWALA ,MULTAN,01-NOV-95,C
972,BOA03965, 000,FAREED ENTERPRISES C/O INSTITUTE OF OPHTHALMOLOGY,"R/O 309-J, MASOOM SHAH ROAD",MULTAN,01-SEP-25,C
973,BOA00610, 000,FAREED PACKAGES (EX- FINE PACKAGES),OPP. PAK ARAB FERT. NEAR NAWAB FLOUR MILLS MOUZA JEHANGIR ABAD ,MULTAN,01-MAR-98,C
974,BBA00175,BB028,FARM ADVISORY CENTER F F C LTD,NEAR IBN E SINA HOSPITAL SOUTRERN BY PASS ,MULTAN,01-SEP-14,C
975,BOA02544, 000,FATIMA DIAGNOSTIC CENTRE,CHOWK RASHEEDABAD NEAR QURESHI DENTAL CLINIC,MULTAN,02-SEP-16,C
976,BOA00010, 000,"FATIMA FERTILIZER COMPANY LIMITED (FFCL),[OLD PFL]","KHANEWAL ROAD, MULTAN.",MULTAN,01-JUL-76,C
977,BOA02594, 000,FATIMA JINNAH PUBLIC HIGH SCHOOL,P-O RIAZ ABAD NEAR HAFIZ JHAN SHAH WALI MASJID LOTHAR,MULTAN,01-JAN-17,C
978,BOA00352, 000,FATIMA MEDICAL CENTRE,CHOWK RASHIDABAD KHANEWAL ROAD MULTAN ,MULTAN,01-JUL-87,C
979,BOA02495, 000,FAW MULTAN MOTORS,OPP MULTAN CNG STATION KWL ROAD ,MULTAN,01-MAR-16,C
980,BOA00690,BO001,FAZAL CLOTH MILLS LTD UNIT NO 3 MILL,QADIR PUR RAWAN BY PASS 18 KM KHANEWAL ROAD ,MULTAN,01-MAY-01,C
981,BOA00512, 000,FAZAL WEAVING,500 KVA WAPDA GRID STATION KHANEWAL ROAD ,MULTAN,01-JAN-94,C
982,BOA02075,BO001,FAZAL WEAVING MILLS LIMITED,KHNEWALROAD NEAR FAZAL CLOTH MILL UNIT NO.3,MULTAN,01-JUL-13,C
983,FAA01147,BO008,"FEARLESS (SMC-PRIVATE) LTD, MULTAN","G-28 B, GROUND FLOOR, MULTAN TRADE CENTER, KHANEWAL ROAD",MULTAN,01-NOV-20,C
984,BIB01533,BO009,FLOWTRONIX PVT LTD,C/O PAK ARAB ,MULTAN,02-AUG-22,C
985,BOA00695, 000,FOOD FESTIVAL PLUS,KHANEWAL ROAD ,MULTAN,01-JUL-01,C
986,BOA03666, 000,FOUR SEASON GARDENING AND HORTICULTURE SERVICES,"HOUSE # 348, MOHALLA NEW NAZIMABAD, NEAR NEW GHALLA MANDI, MULTAN.",MULTAN,01-SEP-23,C
987,BOA00962, 000,FRIENDS ASSOCIATES (PVT) LTD,CONTRACTOR PFL KHANEWAL ROAD ,MULTAN,15-JUL-05,C
988,BOA00962,BO001,FRIENDS ASSOCIATES (PVT) LTD,"C/O PAKARAB FERTILIZERS,",MULTAN,06-FEB-23,C
989,BOA03183, 000,G.A. PHARMACY (FMC),"CHOWK RASHEED ABAD, KHANEWAL ROAD",MULTAN,01-SEP-20,C
990,BOA01223, 000,GASCON CNG STATION,HASSANABAD GATE#1 KHANEWAL ROAD,MULTAN,01-JUL-09,C
991,AAC00028,BO004,GHANDHARA TYRE AND RUBBER COMPANY LIMITED,"758 759/21 KHANEWAL ROAD, MULTAN.",MULTAN,01-SEP-05,C
992,BOA03892, 000,GHULAM ABBAS SARGANA,ST# 17 SARGANA STREET 2 Z-TOWN ,MULTAN,01-FEB-25,C
993,BOA01501, 000,GILLSON PUBLIC SCHOOL,5-V NEW MULTAN,MULTAN,01-JUL-10,C
994,BOA01803, 000,GLOBAL PHARMACEUTICAL PVT LTD,892 893 MEHMOODABAD COLONY ALLAMA IQBAL ST.,MULTAN,01-JUL-12,C
995,BOA01005, 000,GREENS MILLS,OPP. MEPCO REGIONAL TRAINNING CENTRE ABBAS PUR KHANEWAL ROAD,MULTAN,01-JAN-07,C
996,BOA01341, 000,GULISTAN MARRIAGE HALL ,MASOOM SHAH ROAD MULTAN ,MULTAN,01-JUL-08,C
997,BOA01718, 000,GULISTAN PROPERTY MARKETING,GULISTAN CHOWK MASOOM SHAH ROAD MULTAN,MULTAN,01-JUL-11,C
998,BOA00509, 000,H A FIBRES,SUJANPUR ROAD MOUZA KARPALPUR ,MULTAN,01-NOV-93,C
999,BID00485,BO005,HAIER PAKISTAN PVT LTD,"MAKDOM GILLANI HOUSE, X BLOCK SERVICE ROAD, NEAR MADNI CHOWK NEW MULTAN",MULTAN,01-OCT-09,C
1000,BOA02527, 000,HAMMAD ENGINEERING COMPNAY PVT LTD,BASTI WAISAN WALI SHUJANPUR ROAD OPPOSITE PSO PUMP MAIN KHANEWAL ROAD,MULTAN,01-JUL-16,C
1001,BOA01188, 000,HAMZA CNG STATION ,NEAR FOOD FESTIVAL PLUS KWL ROAD ,MULTAN,01-JUL-09,C
1002,BOA01986, 000,HAMZA MARBLES SHOWROOM & FACTORY,CHOWK RASHIDBAD KWL ROAD,MULTAN,01-OCT-12,C
1003,BOA01031, 000,HAMZAI FLOUR AND GENERAL MILLS,MAIN BY PASS ROAD QADIR PUR RAWAN ,MULTAN,01-OCT-07,C
1004,BOA03637, 000,HI TECH NETWORKS (PVT) LIMITED,"HOUSE # 1881 - C, SHAMASABAD COLONY, NEAR BILAL MOTORS, RASHEEDABAD, MULTAN. ",MULTAN,01-JAN-23,C
1005,BOA00852,BO001,HI-TECH POULTRY BREEDS PVT LTD,MOUZA ABBASPUR KHANEWAL ROAD ,MULTAN,01-OCT-01,C
1006,BOA00852, 000,HI-TECH POULTRY BREEDS PVT LTDmULTAN hATCHERY,1879/F KHANEWAL ROAD ,MULTAN,01-OCT-01,C
1007,BOA01914, 000,HILTON HOTEL,NEAR HAMZA CNG KWL ROAD,MULTAN,01-SEP-12,C
1008,BOA02784, 000,HN SCIENCE SCHOOL,"NEAR IMRAN RAZA COLONY, PIRAN GHAIB ROAD, MULTAN",MULTAN,01-JUL-17,C
1009,BOA02057, 000,HN SCIENCE SCHOOL,NEAR EID GAH KHANEWAL ROAD MULTAN,MULTAN,01-JUL-12,C
1010,BOA02568, 000,HORIZON MEDICAL LABORATORY,"PLOT#335/XXII, KHANEWAL ROAD",MULTAN,01-OCT-16,C
1011,BOA01912, 000,HOTEL CITY WAY,NEAR DAEWOO TERMINAL KWL ROAD ,MULTAN,01-SEP-12,C
1012,BOA02031, 000,HOTEL DOVTE INTERNAIONAL,KHANEWAL ROAD NEAR DAEWOO WORKSHOP,MULTAN,01-JAN-13,C
1013,BOA01518, 000,HOTEL LA- FLORA,1815- 1-a main khanewal road,MULTAN,01-JUL-10,C
1014,BOA03209, 000,HOTEL STAR INN,"MULTAN TRADE CENTRE, KHANEWAL ROAD",MULTAN,01-AUG-20,C
1015,BOA01913, 000,HOTEL WOOD INTERNATIONAL,NEAR DAEWOO TERMINAL KWL ROAD ,MULTAN,01-SEP-12,C
1016,BOA01160, 000,HUMERA FABRICS,7-JINNAH STREET JAVED NAGAR SAMEJABAD,MULTAN,01-JUL-09,C
1017,BOA01012, 000,HUSSAIN MILLS LIMITED (UNIT-4),QADIR PUR RAWAN BY PASS ,MULTAN,01-JAN-07,C
1018,AAE00130,BO001,IBL OPERATIONS PVT LTD,PLOT 590-591 OPP SUZUKI PIONEER MOTOR KHANEWAL ROAD JHANGIR ABAD MULTAN,MULTAN,01-MAR-91,C
1019,BOA01177, 000,IBN E SIENA HEALTH CARE & REACH INSTITUTE ,SOUTHERN BY PASS MOUZA JAHANGIR ABAD MULTAM ,MULTAN,01-JAN-09,C
1020,BOA02895, 000,IBRAHIM PETROLEUM SERVICES (PSO PUMP),"M A JINNAH ROAD BODHLA TOWN, NEAR CHPWK KUMHARANWALA, MULTAN",MULTAN,01-OCT-17,C
1021,BOA03177, 000,IHK TRADERS,"OPP. JAMIA ISLAMIA, NEAR RAJA PUR, KHANEWAL ROAD",MULTAN,01-JUL-20,C
1022,BOA03314, 000,IJAZ ASSOCIATES (PROJECT: H.A. FIBRES MILLS LTD),MULTAN,MULTAN,01-JAN-20,C
1023,BOA03240, 000,IJAZ CONSTRUCTION CO (PROJECT RELIANCE MILLS),"2ND FLOOR, SUGHRA CENTRE, O/S BOHAR GATE",MULTAN,01-JUN-20,C
1024,BOA03792, 000,ILYAS ENTERPRISES (SNGPL),"PIRAN GHAIB ROAD NEAR WAPDA COLONY,",MULTAN,21-NOV-23,C
1025,BOA03663, 000,INTELLIGENT WATCHMAN AND PATROLLIN SERVICES,"HOUSE # 348, MOHALLA NEW NAZIMABAD, NEAR NEW GHALLA MANDI, MULTAN.",MULTAN,01-SEP-23,C
1026,AAE00640,BO001,INTERNATIONAL FREIGHT AVIATION,"OFFICE NO G-41, MULTAN TRADE CENTRE, OPPOSITE MEPCO OFFICE KHANEWAL ROAD",MULTAN,01-JUL-15,C
1027,BOA01342, 000,IQRA SCHOOL SYSTEM ,GULISTAN CHOWK MASOOM SHSH ROAD MULTAN ,MULTAN,01-JUL-08,C
1028,BOA00611, 000,ISLAMABAD FARMS,KHANEWAL ROAD QADIRPUR RAWAN MULTAN PH: 578406,MULTAN,01-JAN-97,C
1029,BOA02929, 000,ISLAMIC IDEAL PUBLIC GIRLS HIGH SCHOOL,"MUSLIM TOWN, MASOOM SHAH ROAD",MULTAN,01-JUL-17,C
1030,BOA02929,BO002,ISLAMIC IDEAL SCHOOLS SYSTEM (FLOWER CAMPUS),"CHANNAN PEER CHOWK, WRITERS COLONY",MULTAN,01-JUL-17,C
1031,BOA02929,BO001,ISLAMIC IDEAL SCHOOLS SYSTEM (NEW CAMPUS),"MASOOM SHAH ROAD, NEAR JAME-UL-ULOOM",MULTAN,01-JUL-17,C
1032,BOA01234, 000,JALANDHAR FAST FOOD AND FAMILY RESTURANT ,CHOWK QAZAFI KWL ROAD MULTAN ,MULTAN,01-JUL-08,C
1033,BOA01343, 000,JALANDHAR HOTEL & PFC FAMILY RESTURANT ,NEAR GULISTAN CHOWK MASOOM SHAH ROAD ,MULTAN,01-JUL-09,C
1034,BSA00457,BO001,JAMISTO ENERGY PVT LTD,JAMISTO OFFICE NEAR NEWTIME OFFICE PAKARAB KHANEWAL ROAD ,MULTAN,01-NOV-24,C
1035,BOA03436, 000,JAMSHAID WAQAS CONTRACTORS (SNGPL) ,"H. NO. 227, C - BLOCK, MUMTAZABAD",MULTAN,15-JUN-22,C
1036,BOA00981, 000,JINNAH PHARMACEUTICALS,15 K.M LAHORE ROAD ,MULTAN,01-MAY-06,C
1037,BSD00457,BS001,Jamisto Energy Pvt Ltd.,C/O PLF KWL ROAD MULTAN,MULTAN,01-OCT-14,C
1038,BOA01990, 000,KARACHI MARBLE SHOWROOM,CHOWK RASHIDBAD KWL ROAD,MULTAN,01-OCT-12,C
1039,BOA01229, 000,KASHIF PETROLIUM SERVICS (PSO) EX JOYIA P/S ,OPP WAPDA COLONY KWL ROAD ,MULTAN,01-JUL-08,C
1040,BOA03680, 000,KHALIQ SONS,"20 A, ST. # 15, CALVERY GROUND EXTENSION, LAHORE CANTT. C/O SNGPL DISTRIBUTION.",MULTAN,01-NOV-23,C
1041,BOA03097, 000,KHAN ENTERPRISES,"959-NAQSHBAND COLONY, NEAR RASHEEDABAD",MULTAN,01-JAN-20,C
1042,BOA01235, 000,KHAN JEE HOTEL ,CHOWK QAZAFI KWL ROAD ,MULTAN,01-JUL-08,C
1043,BOA01996, 000,KHAN MARBLES,CHOWK RASHIDBAD KWL ROAD,MULTAN,01-OCT-12,C
1044,BOA00900, 000,KHAN PETROLEUM SERVICES,HASSANABAD GATE NO 2 ,MULTAN,08-JUL-03,C
1045,BOA00233, 000,KHAWAJA MUZAFFAR MAHMOOD MOHAMMAD MASOOD,TATI PUR TEHSIL DISTRICT MULTAN ,MULTAN,01-MAR-83,C
1046,BOA01236, 000,KHURSHID RAFIQ HOSPITAL ,OPP WAPDA COLONY KWL ROAD ,MULTAN,01-JUL-08,C
1047,BOA01029, 000,KIA MOTORS (EX-SUZUKI MULTAN MOTORS),348-KHANEWAL ROAD ,MULTAN,01-JAN-07,C
1048,BOA02900, 000,LAL HAVELI RESTAURENT,"OPPOSIT MAMAY DA HOTEL, NEAR PUL RANGO, KHANEWAL ROAD MULTAN",MULTAN,01-JUL-17,C
1049,BOA00905,BO001,LAL INDUSTRIES (UNIT 2),15 KM KHANEWAL ROAD,MULTAN,01-JAN-12,C
1050,BOA01606, 000,LAL KHATAK PETROLIUM SERVICE,NEAR 500 KV WAPDA GRID STATION KHANEWAL ROAD MULTAN,MULTAN,01-JUL-10,C
1051,BOA03150, 000,LAND ART (PAK ARAB),C/O PAK ARAB,MULTAN,01-MAY-20,C
1052,BOA00723, 000,LASANI CHIKEN BROAST,GULISTAN CHOWK MASOOM SHAH ROAD ,MULTAN,01-JAN-02,C
1053,BOA02151, 000,LAUREAT GROUP OF SCHOOL UJALA CAMPUS,17-FAISAL COLONY PIRANGHAIB ROAD ,MULTAN,01-MAR-14,C
1054,BOA03856, 000,LAUREATE HIGH SCHOOL ABU BAKAR CAMPUS,CHAH DALAIL WALA JAHANGIR ROAD NLC BYPASS,MULTAN,01-SEP-24,C
1055,BOA03857, 000,LAUREATE HIGH SCHOOL USMAN CAMPUS ,HOUSE #489 NAQSHBANK COLONY ,MULTAN,01-SEP-24,C
1056,BOA02621, 000,LAUREATES SCHOOL (LATIF COMPUS),"H.NO.22 BLICK -U BAQARABAD PULLI, NEW MULTAN",MULTAN,01-JAN-16,C
1057,BOA02103, 000,M HASSAN DIN SONS,0.5KM SUJAN PUR ROAD OFF KWL ROAD ,MULTAN,01-JAN-14,C
1058,AAB01890,BO004,M&P Courier & Logistics,"Bs TOWER, M.A. NEAR MDA HOUSING SOCIETY, M.A. JINNAH ROAD, MULTAN",MULTAN,01-SEP-86,C
1059,BOA03795, 000,M. S ZUBAIR AND BILAL CONSTRUCTION(SNGPL),"BLOCK X HOUSE # 50, HOUSING COLONY # 1 LAYYAH",MULTAN,01-JUN-24,C
1060,BOA03906, 000,M.N BAIG (PVT) LIMITED,NEAR ZAID TOWN PIRAN GHAIB ROAD MULTAN,MULTAN,01-MAR-25,C
1061,BOA03492, 000,M/S ABDULLAH MOAWAZ (PVT) LTD (SNGPL),"318 STREET NO. 2, ZAID TOWN, PIRAN GHAIB ROAD,",MULTAN,01-AUG-22,C
1062,BOA03639, 000,M/S AL-MATEEN CONSTRUCTION COMPANY (MEPCO),"STREET NO.05, PIRAN GHAIB ROAD, MOHALLA CHAH PEERWALA, MULTAN.",MULTAN,01-APR-23,C
1063,BOA03415, 000,M/S AMJAD ALI (SNGPL),"HOUSE NO. 327, EMPLOYEES COLONY, LAYYAH",LAYYAH,01-APR-22,C
1064,BOA03424, 000,M/S CORPORATIONS (SNGPL),"385-D, WAPDA TOWN PHASE # 1,",MULTAN,15-MAY-22,C
1065,BOA03791, 000,M/S EJAZ DHUKKAR AND BROTHER (SNGPL),"ALFLAH COLONY NEAR KARLOO COLONY MDA ROAD,",MULTAN,01-JUN-24,C
1066,BOA03679, 000,"M/S ENVIRITE (PVT) LTD,LAHORE (JANITORIAL SNGPL T)","C/O SNGPL TRANSMISSION, PIRAN GHAIB ROAD, MULTAN.",MULTAN,01-AUG-23,C
1067,BOA03425, 000,M/S OWAISIA ASSOCIATES (SNGPL),"85 B, BLOCK (J), SHAH RUKN-E-ALAM COLONY,",MULTAN,15-MAY-22,C
1068,BOA03491, 000,M/S PAKISTAN INTERNATIONAL CONTRACTORS (SNGPL),"395 - D, SHAH SHER SHAH ROAD,",MULTAN,01-AUG-22,C
1069,BOA03414, 000,M/S RIAZ & COMPANY (SNGPL),"ALFLAH BLOCK, STREET NO.03, KARLO COLONY, MDA CHOWK, MULTAN.",MULTAN,01-MAY-22,C
1070,BOA03427, 000,M/S. ANWAR NADEEM & CO. (SNGPL),"AL MUSTAFA COLONY, CH. ALYAS PATHAN MARKET, OPP: BILAL MOTORS KHANEWAL ROAD,",MULTAN,15-JUN-22,C
1071,BOA03428, 000,M/S. MUHAMMAD IDREES & CO. (SNGPL),"WARD # H/8, H.NO. 617, GALI SABUN WALI, HARAM GATE,",MULTAN,15-JUN-22,C
1072,BOA00742, 000,MAIRAJ FILLING STATION,KHANEWAL ROAD ,MULTAN,18-JAN-03,C
1073,BOA03767, 000,MAKKA ENTERPRSIES (SNGPL),14 OFFICERS TOWN MULTAN,MULTAN,01-MAY-24,C
1074,BOA03563, 000,MAKKA FILLING STATION (GO PETROLIUM),"NEAR PIET, SOUTHER BYPASS ROAD",MULTAN,01-JAN-22,C
1075,BOA01992, 000,MAKKA MARBLES,CHOWK RASHIDBAD KWL ROAD,MULTAN,01-OCT-12,C
1076,BOA03509, 000,"MALIK BROTHERS BRICKS CO, ","NEAR PAK ARAB, KHANEWAL ROAD",MULTAN,03-JUL-21,C
1077,BOA01476, 000,MALIK RABNAWAZ RAO MEMORIAL SADAT PUBLIC SCHOOL,RIAZ ABAD QADIRPUR RAN,MULTAN,01-JUL-10,C
1078,BOA03138, 000,MALIK TEXTILES,"OPP. IBN E SIENA HOSPITAL, NLC BY PASS, JAHANGIR ABAD",MULTAN,01-JAN-20,C
1079,BOA01691, 000,MALLARD PHARMACEUTICALS (PVT) LTD,23 KM KHANEWAL ROAD QADIRPUR RANWAN,MULTAN,01-JUL-10,C
1080,BOA01721, 000,MAMEY DA HOTEL,QADIR POR RAWAN BY PAAS CHOWK MULTAN,MULTAN,01-JUL-11,C
1081,BOA01921, 000,MARIA CITY GRAMMER SCHOOL & HOSTEL,MASOOM SHAH ROAD ,MULTAN,01-NOV-12,C
1082,BOA01652,BO001,MASHAALLAH ELECTRONICS,"OPPOSITE MEEZAN BANK, NEAR RASHEEDABAD PLOTE, KHANEWAL ROAD MULTAN",MULTAN,01-JUL-16,C
1083,BOA00682,BO001,MASOOD AND COMPANY,XX-1/905 MAHMOODABAD COLONY NEAR JOYIA PEROL PUMP KHANEWAL ROAD,MULTAN,01-JUL-10,C
1084,BOA00503,BO001,MASOOD FABRICS ,SHAHEED YOUNISABAD KHANEWAL ROAD ,MULTAN,01-OCT-93,C
1085,BOA00503,BO002,MASOOD FABRICS LIMITED (HEAD OFFICE),"MASSOD ROOMI HOUSE, 05 OFFICERS COLONY, KHANEWAL ROAD,",MULTAN,01-MAR-22,C
1086,BOA03458, 000,MAVRA CONTRCTORS (SNGPL),"YAMEEN MARKET, MUMTAZABAD,",MULTAN,15-MAY-22,C
1087,BOA03632,BO001,MENDER ENGINEERINGS (PVT) LIMITED C/O SNGPL,H-2 GHAZI STREET NEAR MAKKI MASJID SADIQUIA ROAD GULGUSHT COLONY,MULTAN,01-OCT-24,C
1088,BOA02930, 000,MIAN MUKHTAR A. SHEIKH TRUST,"MUKHTAR A. SHEIKH HOSPITAL, KHANEWAL ROAD, MULTAN",MULTAN,01-MAY-18,C
1089,BOA03829, 000,MIDSTOP 25 MANPOWER SUPPLY,PAK ARAB FERTILIZERS ,MULTAN,01-JUL-24,C
1090,BOA03078, 000,MMC COSMETICS (PVT) LTD,"28-KM, LAHORE ROAD, NEAR QADIR PUR RAN BYPASS",MULTAN,01-AUG-19,C
1091,BOA01270, 000,MOON CNG STATION ,AL RAHIM CHOWK MASOOM SHAH ROAD ,MULTAN,01-JUL-08,C
1092,BOA01346, 000,MUGHAL E AZAM INN ( MARRIAGE HALL ),NEAR RAZA SHAH PUBLIC H SCHOOL BAWA SAFRA ROAD ,MULTAN,01-JUL-09,C
1093,BOA01985, 000,MUHAMMAD ALI MARBLES,CHOWK RASHIDBAD KWL ROAD,MULTAN,01-OCT-12,C
1094,BOA03788, 000,MUJAHID BUILDERS,"YAQOOB TOWN, MAIN ROAD VEHARI ROAD, CHOWK SHAH ABASS MULTAN",MULTAN,01-MAR-24,C
1095,BOA02973, 000,MUKHTAR A. SHEIKH HOSPITAL,"ADJUSTCENT TO PFL, KHANEWAL ROAD,",MULTAN,01-MAY-18,C
1096,BOA01347, 000,MULTAN CAMBRIDGE SCHOOL & MPI ,OPP- WALYAT HUSSAIN COLLEGE MASOOM SHAH ROAD ,MULTAN,01-JUL-09,C
1097,BOA01723, 000,MULTAN CARPET INDUSTRIES,25 KM KHANEWAL ROAD NEAR RAWAN BY PAAS CHOWK,MULTAN,01-JAN-11,C
1098,BOA01607, 000,MULTAN CITY SCHOOL,NAQSHBAND COLONY NEAR RASHEEDABAD CHOWK KWL ROAD ,MULTAN,01-JUL-10,C
1099,BOA01075,BO001,MULTAN CLOTH HOUSE,NEAR CHOWK RASHEED ABAD KHANEWAL ROAD MULTAN,MULTAN,01-JUL-10,C
1100,BOA01768, 000,MULTAN COLLEGE OF THE EDUCATORS PVT LTD,1812 KWL ROAD MULTAN,MULTAN,01-JAN-12,C
1101,BOA01226, 000,MULTAN DIAGNOSTIC CENTRE,4-AHMAD PARK KHANEWAL ROAD NEAR HAMZA CNG,MULTAN,01-JUL-08,C
1102,BOA01778, 000,MULTAN ELECTRIC POWER COMPANY (MEPCO),KHANEWAL ROAD MULTAN,MULTAN,01-JUL-98,C
1103,BOA02227, 000,MULTAN GEMS SCHOOL,19-S NEW MULTAN,MULTAN,01-JUL-14,C
1104,BOA02714, 000,MULTAN GRAPHICS,"MASOOM SHAH ROAD,GULISTAN CHOWK, MULTAN",MULTAN,01-JUL-15,C
1105,BOA01915, 000,MULTAN INTERNATIONAL HIGH SCHOOL,GATE NO 1 HASANBAD KWL ROAD,ABBASPUR,01-SEP-12,C
1106,BOA01689, 000,MULTAN LPG (PVT) LTD,26 KM KHNEWAL ROAD QADERPUR RANWAN,MULTAN,01-JUL-11,C
1107,BOA01983, 000,MULTAN MARBLES,KHANEWAL ROAD MULTAN,MULTAN,01-OCT-12,C
1108,BOA00059, 000,MULTAN METAL WORKS ,2665/6-M MASOOM SHAH ROAD MULTAN ,MULTAN,01-JUL-76,C
1109,BOA00635, 000,MULTAN PETROLEUM SERVICE,KHANEWAL ROAD ,MULTAN,19-APR-99,C
1110,BOA01285, 000,MULTAN POLY TECH COLLEGE ,OPP WALYAT H COLLEGE MASOOM SHAH ROAD ,MULTAN,01-JUL-08,C
1111,BOA00395,BO001,MULTAN SPINNING MILLS ,07 KM KHANEWAL ROAD MULTAN ,MULTAN,22-MAY-90,C
1112,BOA02523, 000,MULTAN TRADE CENTRE,"KHENAWAL ROAD, MULTAN",MULTAN,01-JUL-14,C
1113,BOA03972, 000,MULTAN WASTE MANAGEMENT COMPANY(RAILWAY),"BUILDING NO. 275/RB, WARD NO. XEN, SHAMSABAD COLONY, ",MULTAN,01-OCT-25,C
1114,BOA00506,BO012,MUNIR HUSSAIN BHUTTA CONTRACTOR (SNGPL),"HOUSE # 348, MOH. NEW NAZIMABAD",MULTAN,01-JAN-21,C
1115,BOA00506,BO009,MUNIR HUSSAIN BHUTTA CONTRACTOR PVT LTD,h # 348 new green market new nazimabad multan,MULTAN,01-JAN-94,C
1116,BOA00506,BO013,MUNIR HUSSAIN BHUTTA CONTRACTOR PVT LTD ( MEPCO),C/O PAK ARAB FERTILIZERS PVT LTD,MULTAN,14-JUN-21,C
1117,BOA00506,BO014,MUNIR HUSSAIN BHUTTA CONTRACTOR PVT LTD (PMU),C/O PAKARAB FERTILIZERS PVT LTD,MULTAN,01-JAN-22,C
1118,BOA00506, 000,MUNIR HUSSAIN BHUTTA CONTRACTOR pvt ltd,HOUSE NO 348 NEW NAZIMABAD NEAR GHALLAMANDI ,MULTAN,01-JAN-94,C
1119,BOA01608, 000,MUSA PAK PETROLIUM SERVICE,OOP ROOMI FEBRICS KWL ROAD MULTAN.,MULTAN,01-JUL-10,C
1120,BOA03148, 000,MUZAMMIL PACKAGES,"NLC BYPASS, KHANEWAL ROAD",MULTAN,01-APR-20,C
1121,BOA03662, 000,N H B JANITORIAL / HYGIEN SERVICES,"HOUSE # 348, MOHALLA NEW NAZIMABAD, NEAR NEW GHALLA MANDI, MULTAN.",MULTAN,01-SEP-23,C
1122,BOA03796, 000,NADEEM JAHANGIR & KHOKHAR BROTHERS(SNGPL),5 MARLA SCHEME ST 2 NEAR NEW KACHERY MULTAN,MULTAN,01-JUN-24,C
1123,BOA03633, 000,NAFEES TAHIR TRADERS (SNGPL),"C/O SNGPL (DISTRIBUTION), PIRAN GHAIB ROAD, MULTAN.",MULTAN,01-MAY-23,C
1124,BOA03096, 000,NASEEM PETROLEUM SRVICE (PSO),"34-KHANEWAL ROAD, NEAR WAPDA OFFICE",MULTAN,01-OCT-19,C
1125,BOA01920, 000,NATIONAL HOSPITAL,MASOOM SHAH ROAD ,MULTAN,01-SEP-12,C
1126,FAA00408,BO023,NATIONAL RURAL SUPPORT PROGRAMME,"hS-64,V BLOCK, street#8, pEEraan ghaib road OPPOSITE GOVT GIRLS PRIMARY SCHOOL NEW multan",MULTAN,01-APR-07,C
1127,BOA01991, 000,NEW BRIGHT MARBLES,CHOWK RASHIDBAD KWL ROAD,MULTAN,01-OCT-12,C
1128,BOA02098, 000,NEW GATE WAY FILLING STATION,ABBAS PUR KWL ROAD Multan ,MULTAN,01-JAN-12,C
1129,BOA02591, 000,NEW GENERATION PUBLIC HIGH SCHOOL,Z TOWN PIRAN GAIB ROAD,MULTAN,01-JAN-17,C
1130,BOA01993, 000,NEW MULTAN SULTAN MARBLE,CHOWK RASHIDBAD KWL ROAD,MULTAN,01-OCT-12,C
1131,BOA00421, 000,NFC INSTITUTE OF ENGEERING AND TECHNOLOGY,"OPPOSITE PAKARAB FERTILIZERS PVT LIMITED, KHANEWAL ROAD, MULTAN",MULTAN,29-NOV-88,C
1132,BOA01011, 000,NOBEL RICE MILLS,19-KM RAWAN BY PASS KHANEWAL ROAD ,MULTAN,01-JAN-07,C
1133,BOA01272, 000,NOOR CNG STATION ,OPP GOVT WALATYAT H COLLEGE MASOOM SHAH ROAD ,MULTAN,01-JUL-08,C
1134,BOA02095, 000,NOUKHEZ PUBLIC SCHOOL BODLA TOWN,MAIN 60FEET ROAD BLOCK Z BODLA TOWN ,MULTAN,01-JAN-14,C
1135,BOA03087, 000,NOVELTY TRADERS,"NEAR SAHU CHOWK, KHANEWAL ROAD",MULTAN,01-NOV-19,C
1136,BOA03104, 000,OMER RAZZAQ ENTERPRISES PVT LTD,H.NO.10/AXX KAINAT VILLAS K BLOCK SHAH RUKAN-E-ALAM COLONY MULTAN,MULTAN,03-DEC-19,C
1137,BOA03664, 000,ONE TRUST OFFICE SUPPORT SERVICES,"HOUSE # 348, MOHALLA NEW NAZIMABAD, NEAR NEW GALLA MANDI, MULTAN.",MULTAN,01-SEP-23,C
1138,BOA03650, 000,OUTSHINE BUILDERS (SMC) PVT LTD (SNGPL),"RANA HOMES, H.NO.04, DASTI STREET NO.16, NEW SHALIMAR COLONY",MULTAN,01-JUN-23,C
1139,BOA00830, 000,P. S. O BLESS PETROLIUM NO. 26,EID GAH ROAD ,MULTAN,01-NOV-02,C
1140,BOA00038, 000,PAK DISTRIBUTORS,Ghause Azam road chungi no.4 near awan chowk multan.,MULTAN,01-JUL-76,C
1141,BOA00485, 000,PAK GASES PVT LTD.,OLD KHANEWAL ROAD MULTAN ,MULTAN,01-JAN-93,C
1142,BOA01669, 000,PAKARAB PUBLIC SCHOOL,PAKARAB FERTILIZER KHANEWAL ROAD MULTAN,MULTAN,08-JUN-11,C
1143,BOA01973, 000,PAKISTAN FABRICS,NEAR BILAL MOTORS KWL ROAD,ABBASPUR,01-DEC-12,C
1144,BOA00224, 000,PAKISTAN FRUIT JUICE CO LIMITED,KHANEWAL ROAD MULTAN. ,MULTAN,01-DEC-81,C
1145,AAB00140,BO010,PAKISTAN OXYGEN LIMITED,NEAR PAK ARAB FERTILIZER KHANEWAL ROAD,MULTAN,01-JUL-76,C
1146,BIA02162,BO008,PAKISTAN WAPDA FOUNDATION,KHANEWAL ROAD WAPDA COLONY ,MULTAN,05-JAN-88,C
1147,BIA50442,BO002,PAKISTAN fRUIT jUICE cO. (pVT) lTD iCd mULTAN ,KHANEWAL ROAD OPP MEPCO OFFICE,MULTAN,01-MAR-17,C
1148,BOA01778,BO001,PASBAN SECURITY SERVICES (PVT) LTD (MEPCO) ,"126/B, GULISTAN COLONY OLD BAHAWALPUR ROAD,",MULTAN,01-FEB-20,C
1149,BGA01204,BG001,PASBAN SECURITY SERVICES PVT LTD,H/23 T BLOCK NEW MULTAN,MULTAN,01-JUN-08,C
1150,BOA03840, 000,PASTORAL INSTITUE MULTAN,NAQSHBAN COLONY CHOWK RASHIDA MULTAN,MULTAN,01-JUL-23,C
1151,BOA01519, 000,PEER SONS MEDICAL STORE,CHOWK QADAFI EX CHOWK KUMHARANWALA,MULTAN,01-JAN-09,C
1152,BOA02892, 000,PEERZADA PHARMACY,"OPPOSIT AHSAN MEDICINE PHARMACY, CHOWK KUMHARANWALA, MULTAN",MULTAN,01-JUL-17,C
1153,BOA00257, 000,PHARMA DISTRIBUTORS,"XX-384/3, NAWAZ PLAZA, NEAR GULISTAN CHOWK, MASOOM SHAH ROAD, MULTAN",MULTAN,01-JAN-85,C
1154,FAA01479,BO008,PHOENIX  FOOD(DUNKIN DONUTS),BEHIEND SHELL PUMP KHANEWAL ROAD,MULTAN,01-JUL-16,C
1155,BOA02153, 000,PIET PAKISTAN INSTITUTE OF ENGINEERING ,SOUTHERN BY PASS OPP MMDC ,MULTAN,01-JAN-14,C
1156,BOA01241, 000,PIONEER MOTORS SUZUKI CAR SHOWROOM ,NEAR EDHI VILLAGE KWL ROAD ,MULTAN,01-JUL-08,C
1157,BOA03720, 000,PRIME ASSOCIATES (SNGPL),"OFFICE NO.04, MAZARI CENTRE FIRST FLOOR , PIRAN GHAOB ROAD",MULTAN,01-JAN-24,C
1158,BOA00684, 000,PUNJAB COLLEGE OF INFORMATION TECHNOLOGY,CHOWK RASHIDABAD KHANEWAL ROAD multan,MULTAN,01-FEB-01,C
1159,BOA00946, 000,PUNJAB COLLEGE OF SCIENCE ,CHOWK RASHEEDABAD multan,MULTAN,01-FEB-05,C
1160,BOA02483, 000,QADIR SHEER PETROLIUM SERVICES (PSO),NLC SOUTHERN BY PASS NEAR MMDC ,MULTAN,01-JUL-15,C
1161,BOA01702, 000,QUAID E AZAM INTERNATIONAL SCHOOL SYSTEM,NEAR GIRL HIGH SCHOOL QADIRPUR RANWAN,MULTAN,01-JAN-11,C
1162,BOA00132, 000,RAINBOW INDUSTRIES,KHANEWAL ROAD MULTAN ,MULTAN,01-JUL-76,C
1163,BOA02511, 000,RAJAAR FEEDS (OLD WAHID FEED),SUJAANPUR ROAD OFF KWL ROAD ,MULTAN,01-SEP-15,C
1164,BOA00272, 000,RANA GHULAM MUSTAFA & CO (PVT) LTD,C\O PAKARAB FERTILIZ ER LTD KHANEWAL ROAD ,MULTAN,01-DEC-82,C
1165,BOA01728, 000,RAO M.NAEEM TAHIR CONTRACTOR PFL,"H#145, ST.#3, MUHAMMADI MOHALLAH, SAMEEJABAD #01 Near norani masjid aik menar wali multan ",MULTAN,01-MAR-12,C
1166,BOA02488, 000,RAS PHARMACUTICAL PVT LTD ,27 KM KWL ROAD MULTAN ,MULTAN,01-APR-16,C
1167,BOA01918, 000,REHMAT REHMAN MEMORIAL HOSPITAL,HASANBAD GATE 1 KWL ROAD ,MULTAN,01-SEP-12,C
1168,BOA00483,BO001,RELIANCE WEAVING MILLS LIMITED,NEAR 500 KV WAPDA GRID STATION KHANEWAL ROAD MULTAN,MULTAN,01-JAN-93,C
1169,BOA00483,BO002,RELIANCE WEAVING MILLS LTD UNIT NO 2,FAZAL PUR KHANEWAL ROAD ,MULTAN,01-OCT-01,C
1170,BOA00483,BO003,RELIANCE WEAVING MILLS LTD UNIT-4,KHANEWAL ROAD ,MULTAN,01-OCT-05,C
1171,BOA02524, 000,REVELS BENQUET HALL,MAIN KHENAWAL ROAD OPP MULTAN PETROL IUM,MULTAN,01-JUN-16,C
1172,BOA01988, 000,REWARI MARBLE FACTORY,CHOWK RASHIDBAD KWL ROAD,MULTAN,01-OCT-12,C
1173,KCB00060,KC001,ROOMI ENTERPRISES (PVT) LTD. HEAD OFFICE,"MRHAR MAZIL O/S LAHRI GATE,",MULTAN,01-MAY-22,C
1174,BOA00807,BO001,ROOMI FABRICS LIMITED (HEAD OFFICE),05 OFFICERS COLONY KHANEWAL ROAD.,MULTAN,01-APR-12,C
1175,BOA00807,BO002,ROOMI FABRICS LIMITED (HOME TEXTILE UNIT),"14 KM, KHANEWAL ROAD,",MULTAN,01-MAR-22,C
1176,BOA00807,BO003,ROOMI FABRICS LIMITED (SPINNING UNIT),"14 KM, KHANEWAL ROAD",MULTAN,01-MAR-22,C
1177,BOA00807, 000,ROOMI FABRICS LIMITED (WEAVING UNIT),"14 km, khanewal road,",MULTAN,01-SEP-03,C
1178,BOA00235, 000,ROOMI INDUSTRIES PVT LTD,KHANEWAL ROAD MULTAN ,MULTAN,01-JUN-83,C
1179,BOA03426, 000,ROSHAN ASSOCIATES,"'Z' TWON NEAR STREET NO.4, MAIN RAJPOOT ROAD, PIRAN GHAIB ROAD,",MULTAN,15-MAY-22,C
1180,BOA02616, 000,ROSHAN INTERNATIONAL SCHOOL,"23-V, NEW MULTAN",MULTAN,01-APR-16,C
1181,BOA02463,BO001,RS & F DISTRIBUTION HOUSE,MEHMOODABAD COLONY OPP ROOMI COTTON FACTORY KHANEWAL ROAD,MULTAN,01-SEP-16,C
1182,BOA03432, 000,SABOOR CONTRACTORS (SNGPL),"HOUSE # 227-C, MUMTAZABAD",MULTAN,20-MAY-22,C
1183,BOA03828, 000,SAEED AHMAD (SNGPL),"MADNI LIGHT HOUSE, RAILWAY ROAD, KOT ADDU.",MULTAN,01-JUL-24,C
1184,BOA02443, 000,SAFESO INTERNATIONAL,HOUSE# 767/XXI BEHINDE MULTAN PETROLIUM SERVIS KWL ROAD ,MULTAN,01-JAN-13,C
1185,BOA01521,BO001,SAFETY & SECURITY SERVICES (PVT) LTD (SNGPL),"H # 42/T-1, SUPER PLAZA, CHOWK KUMHARAN WALA",MULTAN,02-DEC-20,C
1186,POA00015, 000,SALES CARE,891/A MAHMOODABAD COLONY KHANEWAL RD ,MULTAN,29-OCT-02,C
1187,BOA01725, 000,SAMAR SCHOOL SYSTEM,BODLA TOWN NEAR CHOWK KUMHARAN WALA ,MULTAN,01-JAN-11,C
1188,BOA03797, 000,SAMI ULLAH KHAN (SNGPL),MOHALLAH RAHIMABAD BAKKHAR,BHAKKAR,01-MAY-24,C
1189,BOA02106, 000,SARCO CHEMICAL INDUSTRIES,17 KM RAWAN KWL ROAD ,MULTAN,01-JAN-13,C
1190,BOA03416, 000,SARGANA & SOLANGI BROTHERS (SNGPL),"STREET NO. 17, SARGANA STRRET Z TOWN, PIRAN GHAIB ROAD, MULTAN",MULTAN,01-MAY-22,C
1191,BOA03135, 000,SASTA BAZAR,"CHOWK KUMHARAN WALA, KHANEWAL ROAD",MULTAN,01-MAR-20,C
1192,BOA03678, 000,SECURITY 2000 (SECURTITY SERVICES),"C/O SNGPL TRANSMISSION, PIRAN GHAIB ROAD, MULTAN.",MULTAN,01-NOV-23,C
1193,BOA02868,BO001,SECURITY 2000 PVT LTD (SUI GAS),HOUSE NO.9 ST#2 GULSHAN E MEHER COLONY NEAR CHUNGI # 6 BOSAN ROAD,MULTAN,03-DEC-19,C
1194,BIA00013,BO095,SERVIS SHOES STORE SB-178,"NEAR RASHEEDABAD CHOWK, CITY PLAZA, MULTAN",MULTAN,01-AUG-23,C
1195,BOA03790, 000,SHAH SHAHEEN SOLUTIONS SNGPL,"H-19, IMRAN RAZA COLONY MULTAN",MULTAN,01-MAY-24,C
1196,BOA02518, 000,SHAHAB LIBORATRY,KHENAWAL ROAD NEAR CHOWK RASHEEDABAD,MULTAN,01-JUL-16,C
1197,BOA01274, 000,SHAHEEN CNG FILLING ,QADIRPUR RAWAN BY PASS KWL ROAD ,MULTAN,01-JUL-08,C
1198,BOA03888, 000,SHAHI DARBAR ,OPPOSITE MULTAN SHELL PUMP KHANEWAL ROAD ,MULTAN,01-OCT-24,C
1199,BOA03437, 000,SHAHNAWAZ TRADERS (SNGPL) ,"STREET NO. 17' (Z) TOWN, PIRAN GHAIB ROAD, ",MULTAN,15-MAY-22,C
1200,BOA03188, 000,SHAHZADA EVA,"KACHI SARAY, NEAR SILVER KHAKHANA, MASOOM SHAH ROAD",MULTAN,01-JAN-20,C
1201,BOA01391, 000,SHAHZADA SECURITY ,"H#401, NAQSHBAND COLONY, KHANEWAL ROAD",MULTAN,01-JUL-08,C
1202,BOA02150, 000,SHAMSHAD FLOUR MILLS,40-FFET SMAJAABAD ROAD ,MULTAN,01-JUL-12,C
1203,BOA01747, 000,SHAN PETROL PUMP,QADIR PUR RAWAN BY PASS KWL ROAD ,MULTAN,01-SEP-11,C
1204,BOA01469, 000,SHANZE PUBLIC SCHOOL,21-A BLOCK W NEW MULTAN,MULTAN,01-NOV-10,C
1205,BOA01632, 000,SHARIF r & F INDUSTRIES pvt ltd,24-KM KHANEWAL ROAD BY PASS CHOWK QADIR PUR RAAN,MULTAN,01-APR-11,C
1206,BOA03501, 000,SHEIKH & COMPANY (SNGPL),"H.NO. 128-13, NEW SHAH SHAMAS COLONY, NEAR COCA COLA FACTORY, VEHARI ROAD",MULTAN,01-SEP-22,C
1207,BOA01391,BO004,SHEZADA SECURITY SERVICES (PVT) LTD,"H#401, NAQSHBAND COLONY, KHANEWAL ROAD,",MULTAN,01-MAR-24,C
1208,BOA01391,BO001,SHEZADA SECURITY SERVICES (PVT) LTD,H#401 NAQSHBAND COLONY,MULTAN,01-JAN-18,C
1209,BOA02176, 000,SHOES MALL,KWL ROAD ,MULTAN,01-JAN-13,C
1210,BOA00986, 000,SHUJABAD WEAVING MILLS LTD,SHUJABAD WEAVING MILLS LTD 19-KM QADIR PUR RAWAN BYPASS KHANEWAL ROAD MULTAN ,MULTAN,01-MAR-06,C
1211,BOA01010, 000,SIDDIQ FABRICS,15-KM ABBAS PUR KHANEWAL ROAD ,MULTAN,01-JAN-07,C
1212,BTB00786,BO001,SIGMA REFIGERATION LIMITED,16-ANEESA COMMERCIAL CENTER KWL ROAD,MULTAN,01-JUL-14,C
1213,BOA03844, 000,SIRAAT CAR RENTALS PVT LTD,760/E SHAH RUKNEALAM COLONY,MULTAN,01-JUL-24,C
1214,BOA01293, 000,SKANS SCHOOL OF ACCOUNTANCY,OPP DAEWOO BUS TERMINAL KWL ROAD MULTAN ,MULTAN,01-JUL-08,C
1215,BOA03852, 000,SOHAIL KHALIQ SONS C/O SNGPL,NOOR SONS G.T ROAD CHECHAWATNI,SAHIWAL,01-OCT-24,C
1216,BOA03853, 000,SOUTHERN MOTORS HAVAL,NLC BYPASS CHOWK KHANEWAL ROAD ,MULTAN,01-JUL-22,C
1217,BOA00987, 000,SPL MPS CNG,MULTAN PETROLEUM SERVICES KHANEWAL ROAD NEAR R.C. FACTORY,MULTAN,01-APR-06,C
1218,BOA02348, 000,SPUN YARN RESEARCH DEVELOPMENT CO PVT LTD,MAIN QADIR PUR RAWAN ,MULTAN,01-JAN-15,C
1219,BOA03334, 000,STAR YUMNAH ENGINEERING & OURSOURCING PVT LTD,"1ST FLOOR, 3/5 MAZARI CENTRE, PIRAN GHAIB ROAD, MULTAN",MULTAN,01-JAN-22,C
1220,BOA03830, 000,STYLO FRANCHISE RASHEEDABAD MULTAN,"OPPOSITE CHASE UP MALL, KHANEWAL ROAD, MULTAN",MULTAN,11-MAR-24,C
1221,BOA02497, 000,SUCCESS INDUSTRIES PVT LTD,ZAFFAR PLAZA NEAR DAEWOO BUS TERMINAL KWL ROAD ,MULTAN,01-JAN-16,C
1222,BIA00921,BO002,SUI NORTHERN GAS PIPELINES LTD,piran ghaib ROAD MULTAN DISTOFFICE ,MULTAN,01-JUL-76,C
1223,BOA01393, 000,SULTAN SECURITY SERVICES PVT LTD ,10-A CITY PLAZA KWL ROAD ,MULTAN,01-JUL-08,C
1224,BOA02291, 000,SURAYYA ASLAM PACKAGES PVT LTD ,OPP R M FABRICS ALLAH O AKBAR COLONY KWL ROAD ,MULTAN,01-MAR-15,C
1225,BOA01068, 000,SUZUKI FORT MOTORS,"OPPOSITE MEPCO HEAD OFFICE, KHANEWAL ROAD",MULTAN,01-JUL-08,C
1226,BOA00995, 000,SWIFCON CONTRACTOR,C/O PAK ARAB FERT. KHANEWAL ROAD ,MULTAN,01-AUG-06,C
1227,BOA02762, 000,SWISS N SCOTT,"1051/B-2, AL MUSTAFA COLONY, KHANEWAL ROAD, MULTAN",MULTAN,01-FEB-18,C
1228,BOA01145, 000,TAHIR & BROTHERS C/O BOC PAKISTAN LTD,adgesent to PAK ARAB FERTILIZER KHANEWAL ROAD,MULTAN,01-MAY-09,C
1229,BOA01965, 000,TALAL HOSPITAL,40 FUTI ROAD SAMIJABAD NO.1 POST OFFICE JAVED NAGAR,MULTAN,01-OCT-12,C
1230,BOA00829, 000,TALAL PETROLIUM SERVISE (PSO S/S NO.24),KHANEWAL ROAD NEAR EDHI CENTRE ,MULTAN,01-OCT-02,C
1231,BOA03107, 000,TALBEENA FOODS (SMC) PVT LTD,"BUNGLOW#01, ITTEFAQ TOWN, NEAR NLC BYPASS",MULTAN,01-JAN-20,C
1232,BOA03667, 000,TANVEER HUSSAIN COOKING AND CATERING SERVICES,"HOUSE # 348, MOHALLA NEW NAZIMABAD, NEW GHALLA MANDI, MULTAN.",MULTAN,01-SEP-23,C
1233,BOA00784, 000,TASTY PLUS,KHANEWAL ROAD ,MULTAN,01-APR-03,C
1234,BOA01350, 000,THE COUPLE MARRIAGE HALL ,GULISTAN CHOWK MASOOM SHAH ROAD MULTAN ,MULTAN,01-JUL-09,C
1235,BOA02367, 000,THE EDUCATIONAL TORCH BEARERS (PVT) LTD,137 SHAMASABAD COLONY ,MULTAN,01-MAY-15,C
1236,BOA02058, 000,THE EDUCATIONAL TORCH BEARERS (PVT) LTD,OPP NURSEY SHAMSABAD COLONY KHANEWAL RD MULTAN,MULTAN,01-JUL-12,C
1237,BOA02489, 000,THE EDUCATOR QADIR PUR RAWAN CAMPUS,MIAN G T ROAD NEAR SABZI MANDI QADIR PUR RAWAN ,MULTAN,01-JUL-14,C
1238,BOA01551, 000,THE EDUCATORS,41-V NEW MULTAN,MULTAN,01-JUL-10,C
1239,BOA02071, 000,THE EDUCATORS (PRE SCHOOL),41 V PRE SCHOOL NEW MULTAN PEER GHABIAN ROAD,MULTAN,02-JAN-12,C
1240,BOA03215, 000,THE EDUCATORS (TARIQ SHABBIR CAMPUS),"MADNI TOWN, PIRAN GHAIB ROAD,",MULTAN,01-JAN-19,C
1241,BOA02589, 000,THE EDUCATORS COLLEGE ( BOYS CAPPUS),1812- MAIN KHANEWAL ROAD SHAMSHABAD NEAR KIPS COLLEGE,MULTAN,01-JUL-16,C
1242,BOA02590, 000,THE EDUCATORS COLLEGE ( BOYS CAPPUS),1812- MAIN KHANEWAL ROAD SHAMSHABAD NEAR KIPS COLLEGE,MULTAN,01-JUL-16,C
1243,BOA00952, 000,THE EDUCATORS COMPREHENSIVE CAMPUS,905-B KHANEWAL ROAD ,MULTAN,01-MAR-05,C
1244,BOA02152, 000,THE EDUCATORS SOBAN CAMPUS,OPP BEST WAY CNG RAJA PUR KWL ROAD ,MULTAN,01-JAN-14,C
1245,BOA01980, 000,THE EDUCATORS-PREMIER CAMPUS 2,SHAMSABAD COLONY KHANEWAL ROAD ,MULTAN,01-DEC-12,C
1246,AAH00693,BO002,THE HUNAR FOUNDATION PAKARAB TECHNICAL TRAINING IN,NEAR PAKARAB FERTILIZER KHNEWAL ROAD,MULTAN,01-APR-16,C
1247,BOA01530, 000,THE INSTITUTE OF MANAGEMENT AND EMERGING SCIENCES.,KHANEWAL ROAD QADIRPUR RAAN BY PASS.,MULTAN,01-JUL-10,C
1248,BOA02812, 000,THE LAUREATE SCHOOL (ALI CAMPUS),"NEAR KHALIL MASJID, MASOOM SHAH ROAD MULTAN",MULTAN,01-MAR-18,C
1249,BOA02891, 000,THE LAUREATE SCHOOL (RASOOL CAMPUS),"NEAR SNPL OFFICE, PIRAN GHAIB ROAD, MULTAN",MULTAN,01-MAR-18,C
1250,BOA02813, 000,THE LAUREATES SCHOOL (UMAR CAMPUS),"NEAR MDA CO-OPERATIVE HOUSING SOCIETY, MA JINNAH ROAD MULTAN",MULTAN,01-MAR-18,C
1251,BOA01055, 000,THE MULTAN ALMA,3-KM PAK ARAB FERTILIZER FACTORY LAHORE ROAD ,MULTAN,01-APR-08,C
1252,BOA01292, 000,THE PIONEER SCHOOL SYSTEM ,CHOWK JAN MOHD MASOOM SHAH ROAD ,MULTAN,01-JUL-08,C
1253,BOA00073,BO002,THREE STAR HOSIERY MILLS PVT LTD,MASOOM SHAH ROAD ,MULTAN,01-JUL-00,C
1254,BOA01750, 000,TOHEED BHATTA COMPANY,QADIR PUR RAWAN,MULTAN,01-JAN-12,C
1255,AAE01322,BO033,UBER DOST REGISTRATION CENTER," NEAR COUPLE MARRAIGE HALL, MASOOM SHAH ROAD",MULTAN,01-OCT-19,C
1256,BOA00544, 000,UDL DISTRIBUTION PVT LTD,2 A LAWERS COLONY BOSAN ROAD NEAR CHUNGI NO 9 ,MULTAN,01-JUN-92,C
1257,BOA01724, 000,UMAR USMAN SONS,MASOOM SHAH ROAD RIGHTERS COLONY MULTAN,MULTAN,01-JUL-10,C
1258,AAF01613,BO006,UNITED BRANDS LIMITED,"PLOT# 590-591, JAHANGEER ABAD, NLC CHOWK, KHANEWAL ROAD",MULTAN,01-NOV-20,C
1259,AAB01945,BO004,UNITED DISTRIBUTORS PAK LTD,PLOT NO 548 JEHANGIR ABAD NLC CHOWK 6 KM KHANEWAL ROAD,MULTAN,01-SEP-87,C
1260,BOA03954, 000,UNIVERSAL BUSINESS SYSTEM,"851/A1, ST NO. 2, MEHMOODABAD COLONY NEAR MEPCO OFFICE, KHANEWAL ROAD",MULTAN,01-JAN-25,C
1261,BOA00603, 000,UNIVERSAL ELECTRONIC, QADIRPUR RAWAN BY PASS16 KM KHANEWAL ROAD ,MULTAN,01-JUL-97,C
1262,BOA02522, 000,VISION GRAMMAR SCHOOL,OPP NIAZ PETROLIUM NEAR CHOWK QAZAFI KHENAWAL ROAD MULTAN,MULTAN,01-AUG-16,C
1263,BOA03456, 000,WAHAB CONSTRUCTION (SNGPL),"66 - G, SHAH RUKN-E-ALAM COLONY,",MULTAN,15-MAY-22,C
1264,BOA03435, 000,WASEEM ASSOCIATE (SNGPL),"H. NO. 69, ST. NO. 01, 40 FUTI ROAD, ",MULTAN,15-MAY-22,C
1265,FAA01406,BO001,WATCHMAN SECURITY SYSTEM PVT LTD,"HOUSE NO. B-19, MANZOOR COLONY, BEHIND NIAZ PUMP WALI GALI, CHOW KUMHARANWALA",MULTAN,01-MAY-11,C
1266,BOA02954, 000,WELL WISHER SECURITY,"chowk kumharan peera gaib road, near noori masjid",MULTAN,01-JUL-17,C
1267,BOA02547, 000,WELLBEING DIAGNOSTIC CENTRE,OPPOSITE ALNOOR MARRIAGE HALL KHANEWAL ROAD,MULTAN,01-OCT-16,C
1268,BIA00959,BO005,Waves SINGER PAKISTAN LIMITED,"1538/1 lABAR sTREET, NESHEMAN COLONY, OPP. HBL BOSAN ROAD MULTAN",MULTAN,01-JAN-95,C
1269,BOA03040, 000,YOUNUS & sons DYING,NEAR UNION COUNCIL OFFICE SAMIJABAD AHMEDPURA,MULTAN,01-DEC-18,C
1270,BOA00690,BO002,ZAFAR NAWAZ CONSTRACTORS,"HOUSE # 1210, BUKHARI STREET, NASHEMAN COLONY, BOSAN ROAD, multan.",MULTAN,01-JUN-19,C
1271,BOA01751, 000,ZAHEER HOSSPITAL,QADIR PUR RAWAN,MULTAN,01-JAN-11,C
1272,BOA00559, 000,ZANABIA PUBLIC SCHOOL,opp bilal motors kwl road multan,MULTAN,01-MAR-95,C
1273,BOA03085, 000,ZEPHYRS,"HASSAN ABAD, GATE #02, NEAR USMAN GHANI CHOWK,  KHANEWAL ROAD",MULTAN,01-JAN-20,C
1274,BOA03245, 000,ZULFIQAR MEDICAL STORE,"OPP TALAL HOSPITAL, 40-FOOTI ROAD, SAMEEJABAD-01",MULTAN,01-JAN-21,C
1275,BOA00331, 000,bakhsh ellahi ENTERPRISES,MORE PIRAYWALA KHANEWAL ROAD MULTAN ,MULTAN,15-FEB-88,C
1276,BOA00287, 000,spinwell fibers pvt ltd (ex-SUNNY COTTON FACTORY),TATEPUR ROAD TATEPUR DISTT MULTAN ,MULTAN,25-NOV-86,C
1277,BOD00047, 000,14TH STREET PIZZA FOOTBALL CHOWK,GIRLS COLLEGE ROAD KHANEWAL,KHANEWAL,01-MAR-25,D
1278,KCA00225, 000,786 PAKWAN CENTER AND ATTARI FOOD SUPPLIERS,COLONY NO.1 NEAR MASJID CHOWK KHANEWAL,KHANEWAL,01-JAN-24,D
1279,KCA00041, 000,A A BROTHERS,HOUSE NO.12 BL.-02 NEAR LAL MASJID CHOWK ,KANEWAL,01-MAY-08,D
1280,KCB00052, 000,A M ASSOCIATES,450 MW ROUSCHE POWER PLANT ,KANEWAL,01-JAN-08,D
1281,KCA00073, 000,A ONE PETROLEUM SERVICES (ATTOCK),PURANA KHANEWAL,KHANEWAL,01-JUL-08,D
1282,BOA03578, 000,A RAHIM FOODS PVT LTD,OPPS SHAKOOR HOSPITAL BAKHTIARY GARDEN ,KHANEWAL,01-SEP-22,D
1283,BOD00040, 000,A. S. FLOUR TRADERS,H. O GRAIN MARKET JAHANIA,JAHANIAN,01-JUL-15,D
1284,KCA00206,BO001,AAS LAB & DIGNOSTIC CENTRE,OPPOSITE PETROL PUMP TULAMBAH ROAD MIAN CHANNU,KHANEWAL,01-FEB-23,D
1285,KCB00032, 000,ABDUL HAKEEM FLOUR MILLS,MULTAN ROAD ABDUL HAKEEM ,MULTAN,28-SEP-02,D
1286,KCA00017, 000,ABDUL MAJEED AND SONS SERVICE PROVIDER (PVT) LTD, MAKI CHONK COLONY #3 KHANEWAL,KHANEWAL,01-JAN-91,D
1287,KCA00125, 000,ABDUL QADEER KHAN COLLEGE,CIVIL LINE KHANEWAL,KHANEWAL,01-JAN-11,D
1288,KCB00043, 000,ABDUL QAYYUM sons,NESTLE KABIRWALA FACTORY ( near Dr Khalid Hospital khanewal,KANEWAL,01-APR-07,D
1289,KCA00170, 000,ABDUL WAHEED AND KHAN,JAHANIYAN ROAD PERVAIZ WALA KHANEWAL,KHANEWAL,01-OCT-17,D
1290,BOD00039, 000,ABDULLAH SARWAR INDUSTRIES COTTON GINNING,4 KM MAKHDOOM PUR ROAD,KABIRWALA,01-SEP-15,D
1291,KCC00011, 000,ABDULLAH TEXTILE MILLS PVT LTD,85/15 L MIANCHANNU ,MULTAN,01-SEP-93,D
1292,BIA03371,BC008,ACCESS SECURIITY SERVICES,28/2-W BLOCK PEOPLES COLONY,KHANEWAL,01-OCT-10,D
1293,AAF02989,KC002,ACCRESCENT ENGINEERS PVT LTD C/O NESTLE KABIRWALA,C/O NESTLE PAKISTAN PVT LTD KABIRWALA,KABIRWALA,01-FEB-14,D
1294,BOE00101, 000,AFREDI COLD STORAGE,FAISAL TOWN MIAN CHUNNU,KHANEWAL,01-JUL-12,D
1295,KCA00074, 000,AFRIDI PETROLEUM SERVICES (SHELL),PIROWAL,KHANEWAL,01-JUL-08,D
1296,BOE00082, 000,AFSHAN COTTON INDUSTRIES,JANIALE ROAD MIAN CHANNU ,MULTAN,01-NOV-91,D
1297,KCB00045, 000,AFZAL TRANSPORTER,NESTLE KABIRWALA FACTORY ,KANEWAL,01-APR-07,D
1298,BOA01835, 000,AHMAD AKMAL INDUSTRIES,ADA MEHAR SHAH JAHANIYA ROAD,KHANEWAL,01-SEP-12,D
1299,BOE00083, 000,AHMAD COTTON FACTORY EX SHAHZAD SALEEM,CHAK NO.80/10R G.T. ROAD PIROWAL KHANEWAL ,MULTAN,01-DEC-91,D
1300,KCA00133, 000,AHMAD INDUSTRIES,kOT hAQ nawaz Lahore mORE kHANEWAL,KHANEWAL,01-JUL-12,D
1301,KCA00153, 000,AHMED ABBASS OIL MILL,G.T. ROAD MIAN CHANNU,MULTAN,01-SEP-14,D
1302,BOE00096, 000,AHMED COLD STORAGE,CHAK 15 L LAHORE ROAD MIAN CHUNNU,KHANEWAL,01-JUL-12,D
1303,KCA00002, 000,AHMED FLOUR GENERAL MILLS PVT LTD,KABIRWALA ROAD ,KHANEWAL,01-FEB-92,D
1304,BOE00111, 000,AHMED OIL MILLS,CHAK NO.61/10 R G.M ROAD,KHANEWAL,01-OCT-16,D
1305,KCA00103, 000,AHSAN CHICKS,JAHANIA ROAD,KHANEWAL,01-JUL-10,D
1306,KCC00112, 000,AJW AGRO INDUSTRY,17 MORE MAKHDOOM PUR ROAD TULMBA,MIAN CHUNNU,01-JUL-12,D
1307,BOE00055, 000,AKHLAQ BROTHERS COTTON GINNING PRESSING & OIL MILL,CHACK SHAHANA ROAD KHANEWAL ,MULTAN,01-OCT-86,D
1308,KCB00059, 000,AL AMIN CNG,KHANEWAL ROAD KOHI WALA,KABIRWALA,,D
1309,KCA00093, 000,AL AZAN SEED SERVICES,BASTI DARKHANA WALI 8 KM PULL BAGAR,KHANEWAL,01-SEP-10,D
1310,KCC00095, 000,AL FAISAL CNG STATION,NEAR MUSA VIRK GT ROAD,MIAN CHUNNU,01-JUL-08,D
1311,KCB00091, 000,AL FAISAL PUBLIC SCHOOL,SARDAR PUR ROAD KABIRWALA,MULTAN,01-OCT-11,D
1312,BOA01830, 000,AL FAJAR RESTURANT,131/15 L MIAN CHANNU BY PASS,MIAN CHUNNU,09-SEP-12,D
1313,KCC00081, 000,AL GHANI CNG,BY PASS,MIAN CHUNNU,,D
1314,BOA03558, 000,AL GHANI PETROLEUM SERVICES,KHACHA KHOO ABDUL HAKEEM ROAD ,KHANEWAL,01-JUL-21,D
1315,KCC00113, 000,AL HAIDER MECHNICAL WORKS,GT ROAD MIAN CHANNU,MIAN CHUNNU,01-JUL-14,D
1316,KCA00075, 000,AL HAIDER PETROLEUM SERVICES,KACHA KHOH BY PASS,KHANEWAL,01-JUL-08,D
1317,KCB00003, 000,AL HAMD (SADAT)COTTON INDUSTRIES,   05 KM KABIRWALA ROAD PO CHAK NO.14 KABIRWALA DISTT KHANEWAL,KABIRWALA,20-NOV-91,D
1318,KCA00237, 000,AL HAMD FEED & GENERAL MILLS,SARDAR PUR ROAD NEAR SHAH HUSSAIN SHKKAR MILLS,KABIRWALA,01-JUL-24,D
1319,KCA00076, 000,AL HAQ PETROLEUM SERVICES,NIAZI CHOWK,KHANEWAL,01-JUL-08,D
1320,BOA01780, 000,AL HASAN PUBLIC SCHOOL,5- KASI KABIRWALA,MULTAN,10-JAN-11,D
1321,KCB00066, 000,AL HASEEB PETROLEUM SERVICES,NEAR NEW SABZI MANDI JHANG ROAD,KABIRWALA,01-APR-10,D
1322,KCB00063, 000,AL HILAL PETROLEUM SERVICES (SHELL),BASTI SYEDINA JHANG ROAD KABIRWALA,KABIRWALA,01-JUL-07,D
1323,BOA02047, 000,AL IBRAHIM CONSTRUCTION COMPANY,"IBRAHIM CITY LAHORE MULTAN ROAD, ADJACENT KHANEWAL PUBLIC SCHOOL, NEAR LAHORE MORE",KHANEWAL,01-JUL-07,D
1324,KCC00098, 000,AL KARIM COLD STORES,PULL GHARRAT TULAMBA ROAD,MIAN CHUNNU,01-JAN-11,D
1325,KCA00200, 000,AL KHAN CATTERING C/O UNILEVER TEA FACTORY,88/10 R KHANEWAL C/O UNILEVER TEA FACTORY KHANEWAL,KHANEWAL,01-MAR-17,D
1326,KCB00099, 000,AL KHAN CATeRING COMPANY,7 KM KHANEWAL ROAD,KABIRWALA,25-APR-13,D
1327,KCA00236, 000,AL MADINA AZAM FAREEDI HOTEL,80/10/R PIROWAL OPP TAJ PETROLEUM ,KHANEWAL,01-NOV-24,D
1328,KCA00211, 000,AL MAIDA RESTUARANT AND FUNCTIONAL HALL,HUSSAINI CHOWK KACHAKHU,KHANEWAL,01-JAN-20,D
1329,KCD00009, 000,AL MASHID FLOUR MILLS,RAHIM SHAH ROAD JHANIA ,KHANEWAL,01-DEC-96,D
1330,KCB00127, 000,AL MASOOM CENTRE,JHANG ROAD KABIRWALA,KABIRWALA,01-JAN-19,D
1331,KCA00063, 000,AL MEHBOOB PETROLEUM SERVICES (PSO),PERVAIZ WALA J ROAD,KHANEWAL,01-JAN-10,D
1332,KCA00088, 000,AL MEZAN PETROLEUM SREVICES (SHELL),JAHANIA ROAD,KHANEWAL,01-JUL-08,D
1333,BOA01836, 000,AL NASAR OIL MILL,KHANEWAL ROAD,MULTAN,01-SEP-12,D
1334,KCC00096, 000,AL REHMAN CNG,BY PASS MIAN CHANNU,MIAN CHUNNU,01-JUL-08,D
1335,KCA00094, 000,AL REHMAN CNG,JHANG ROAD PULL BAGAR,KHANEWAL,01-JUL-08,D
1336,BOA01457, 000,AL REHMAN CNG,PULL 114/10-R VEHARI ROAD TEHSIL JEHANIAN ,KHANEWAL,01-DEC-10,D
1337,BOA01784, 000,AL REHMAN MARBEL,FACTORY MULTAN ROAD (JAHANIA),MULTAN,01-JUL-08,D
1338,KCA00077, 000,AL REHMAN PETROLEUM ERVICES,KACHA KHOH BY PASS,KHANEWAL,01-JUL-08,D
1339,KCC00082, 000,AL REHMAT CNG,JHOK VIRK,MIAN CHUNNU,01-SEP-09,D
1340,KCB00082, 000,AL ROOHANI PETROL PUMP,JHANG ROAD MUST PUR,KHANEWAL,01-JUL-08,D
1341,KCB00057, 000,AL SABIR ELECTRICAL SERVICES,C/O NESTLE PAKISTAN LTD.,KABIRWALA,01-JUL-09,D
1342,KCD00017, 000,AL- MAKKAH FIBRE,CHAK NO 113/10R JAHNAIAN,KHANEWAL,01-JUL-04,D
1343,KCA00209, 000,AL-AIN PROTEIN FARM,JAIL ROAD MIANCHANNU,KHANEWAL,01-JAN-21,D
1344,KCA00129, 000,AL-ASAR FLOUR MILLS,PLOT#06 SMALL INDUSTRIAL ESTATE KHANEWAL,KHANEWAL,01-JUL-08,D
1345,BOA02002, 000,AL-FAJAR RESTAURANT,131/13 L MIAN CHANNU BY PASS,MIAN CHUNNU,01-SEP-12,D
1346,KCB00093, 000,AL-GHANI OIL MILLS,MULTAN ROAD KABIRWALA,KABIRWALA,01-SEP-12,D
1347,KCB00036, 000,AL-MADINA FLOUR MILLS,MAKHDOOM PUR ROAD KABIRWALA ,MULTAN,01-APR-04,D
1348,KCA00038, 000,AL-NASR COTTON INDUSTRIES OIL MILLS,KABIRWALA ROAD ,KANEWAL,01-SEP-06,D
1349,KCB00094, 000,AL-WAHAAB INDUSTRIES,SHAMKOT STATION TEH.KABIRWALA ,KABIRWALA,01-JUL-12,D
1350,KCA00042, 000,ALI BROTHERS ENTERPRISES,C/O UNILEVER TEA FACTORY ,KANEWAL,01-JUL-07,D
1351,KCA00198, 000,ALI PHARMA DISTRIBUTION,HOUSE NO 67 FAZAL TOWN LAHORE MORR KHANEWAL,KHANEWAL,01-FEB-19,D
1352,KCB00126, 000,ALI TOURS & RENT A CAR,OPP SAIM ABDULLAH PSO F/S KWL-KABIRWALA ROAD,KHANEWAL,01-JAN-19,D
1353,BOE00098, 000,ALLAH DITTA COLD STORAGE,FAISAL TOWN MIAN CHUNNU,KHANEWAL,01-JUL-12,D
1354,KCD00034, 000,ALLAMA IQBAL M.SCI. SCHOOL,JAHANIA CITY,KHANEWAL,01-JUL-08,D
1355,KCC00105, 000,ALLIED COTTON INDUSTRIES,105/15L-WANJARI,MIAN CHUNNU,01-SEP-11,D
1356,KCB00103, 000,ALLIED SCHOOL ,1 KM KHANEWAL ROAD KABIRWALA,KABIRWALA,01-MAR-13,D
1357,KCA00178, 000,ALLIED SCHOOL KHANEWAL CAMPUS,7/A CIVIL LINES KHANEWAL,KHANEWAL,01-AUG-17,D
1358,KCA00163, 000,ALLIED SCHOOLS KHANEWAL CAMPUS,53-X PEOPLES COLONY ,KHANEWAL,01-APR-16,D
1359,KCB00105, 000,ALM OUTSOURCING SERVICES ,C/O NESTLEY KABIRWALA DAIRY NR.DSP OFFICE KWL.RD. KABIRWALA,KABIRWALA,01-JAN-07,D
1360,KCA00205, 000,ALM OUTSOURCING SERVICES PVT LTD,N-5 VEER GARH TEHSIL KOLIS WALA,KHANEWAL,05-MAR-21,D
1361,KCD00045, 000,ALMAS GAS (PVT) LTD,"39-KM, MULTAN VEHARI ROAD, DIRKHAN WALA, NEAR PUL 14/10R",JAHANIAN,01-NOV-19,D
1362,KCA00181, 000,AMERICAN LYCEUM INTERNATIONAL SCHOOL,21/W BLOCK PEOPLES COLONY KHANEWAL,KHANEWAL,01-FEB-18,D
1363,KCA00197, 000,AMMAR INDUSTRIES COTTON GINNING  & OIL MILL,CHAK NO 65/10-R SHAHNA ROAD KHANEWAL C/O ALNOOR COMMISSION SHOP GALA MANDI KHANEWAL,KHANEWAL,01-SEP-18,D
1364,KCA00189, 000,ANAS & COMPANY,GODOWN NO2 COOPERATIVE BANK BUILDING NEAR SADAR THANA,KHANEWAL,01-JUL-17,D
1365,KCB00056, 000,ANJUMAN AHBAB E ISLAM,SARAI SIDHU,KABIRWALA,02-APR-07,D
1366,KCC00063, 000,ANJUMAN HOUSE,HEAD OFFICE ALLAMA IQBAL ROAD ,MIAN CHUNNU,01-OCT-90,D
1367,KCA00114, 000,ANWAR ASLAM PLASTIC FACTORY,SMALL INDUSTRIAL ESTATE KHANAWAL,KHANEWAL,01-JUL-08,D
1368,KCA00124, 000,ANWAR COTTON INDUSTRIES,92/10-R CHAK SHAHANA RD. KHANEWAL,KHANEWAL,01-SEP-12,D
1369,KCC00120, 000,ARABIAN PACKAGES PVT LTD,MUSA VIRK MAIN GT ROAD MAIN CHANNU,MIAN CHUNNU,01-SEP-18,D
1370,BOA02044, 000,ARCON CONST CO,C/O NESTLE PAKISTAN KABIRWALA,KABIRWALA,01-MAY-13,D
1371,BOA02825, 000,ARMY PUBLIC SCHOOL KHANEWAL,ARMY PUBLIC SCHOOL KHANEWAL,MULTAN,01-APR-18,D
1372,KCA00051, 000,ARSALAN CNG,G T ROAD MIAN CHANNU BY PASS,KHANEWAL,01-SEP-09,D
1373,KCA00032, 000,ARSHAD KULFA ICE CREAM AND SWEETS,KATCHERY BAZAR ,KANEWAL,01-JUN-02,D
1374,KCA00147, 000,ASAD ASHAR COTTON INDUSTRIES,CHAK NO.10-A/8-R NOORI SUHAG RD. TULAMBA,KHANEWAL,01-OCT-14,D
1375,KCA00221, 000,ASAPIRE COLLEGE KHANEWAL,NEAR AWAN CHOWK OPPOSITE NIHSAN-E-HAIDER PUMP,KHANEWAL,01-NOV-23,D
1376,KCB00132, 000,ASHAF FOOD,MULTAN ROAD 5 KASI NEAR SFA JUCE FACTORY KABIRWALA,KABIRWALA,01-NOV-25,D
1377,BOA00759,KC004,ASKARI GUARDS ( PVT ) LTD ,"H # 2, SHADMAN COLONY MULTAN C/O FUJI KABIRWALA CHOPPAR HATTA KABIRWALA",KABIRWALA,01-DEC-18,D
1378,KCC00043, 000,ASLAM SILK FACTORY,PLOT NO 14 B SMALL INDUSTRIAL ESTATE MUSA VIRK MIANCHANNU,MULTAN,01-JUL-97,D
1379,BOE00125, 000,ASPIRE COLLEGE KABIRWALA,ASPIRE COLLEGE KABIRWALA,KABIRWALA,01-JAN-22,D
1380,KCC00121, 000,ASPIRE COLLEGE MAIN CHANNU,130/15-L MAIN LAHORE ROAD MAIN CHANNU,MIAN CHUNNU,15-SEP-18,D
1381,BOA03231, 000,ASPIRE GROUP OF COLLEGES KACHA KHUH CAMPUS,1 KM FROM KACHA KHUH ON VEHARI ROAD 23/10 R,KHANEWAL,01-OCT-20,D
1382,BOA02534, 000,AURIGA COMMUNICATION ,01 MADNI PLAZA STADIUM ROAD ,KHANEWAL,01-AUG-16,D
1383,BOE00108, 000,AWAIS COLD STORAGE,BASTI ORDAN WALI MIAN CHUNNU,KHANEWAL,01-JUL-12,D
1384,KCC00060, 000,AWAIS USAMA PAPER MILLS,MUSA VIRK ,MULTAN,01-DEC-05,D
1385,BOD00014, 000,AWAMI ZARI INDUSTRIES,MIAN CHANNU TEHSIL KHANEWAL DISTT MULTAN. ...,MULTAN,01-MAR-82,D
1386,KCB00064, 000,AWAN MIAN WALI FILLING STATION,12-MEEL JHANG ROAD,KABIRWALA,01-JUL-08,D
1387,KCB00049, 000,AZAM NASIR INDUSTRIES PVT LIMITED,JHANG ROAD ,KANEWAL,01-SEP-05,D
1388,KCA00012, 000,AZIZ CADIT SCHOOL,BLOCK NO 12 ,MULTAN,01-MAR-95,D
1389,KCA00110, 000,AZIZ COTTON FACTORY,CHAK # 16 MAKHDOOM PUR ROAD,KHANEWAL,01-JUL-11,D
1390,BOD00018, 000,AZMAT OIL INDUSTRIES LIMITED,AZMATABAD KHANEWAL ROAD KABIRWALA KHANEWAL,MULTAN,01-OCT-83,D
1391,AAE05116,BO004,AZTEC SECURITY SOLUTIONS (PVT) LTD NPPMCL,NPPMCL 450 MW POWER PLANT ABDUL HAKEEM,MULTAN,16-FEB-25,D
1392,BOA03242, 000,Advanced disposal services pvt ltd c/o nestle,C/O NESTLE FACTORY KABIRWALA ROAD,KHANEWAL,07-DEC-19,D
1393,BOE00030, 000,Al.Talib Cotton Industries,CHAK NO.109/10-R JEHANIAN,KHANEWAL,15-DEC-86,D
1394,KCA00064, 000,BASHIR PETROLEUM SERVICE PSO,8-KASSI MOL CHAND NHA,KHANEWAL,01-JUL-07,D
1395,BOE00049, 000,BASSY COTTON GINNERS,KHANEWAL ROAD JAHANIA DISTT KHANEWAL ,MULTAN,01-SEP-87,D
1396,BOE00081, 000,BCGA PUNJAB (PVT.) LTD.,CIVIL LINES KHANEWAL ,MULTAN,01-FEB-91,D
1397,KCD00037, 000,BFC HOTEL,ALLAMA IQBAL MARKET BY PASS ROAD JAHANIA,KHANEWAL,01-JUL-08,D
1398,KCC00097, 000,BHATTI PLASTIC FACTORY,17 B/2 INDUSTRIAL ESTATE,MIAN CHUNNU,01-JAN-11,D
1399,BOD00010, 000,BHATTIINDUSTRIES,G T ROAD MIAN CHANNU TEHSIL-KHANEWAL ...,MULTAN,01-FEB-82,D
1400,KCA00191, 000,BILAL CONSULTING PVT LTD,261-A WAPADA TOWN C/O JK SUGAR MILLS,KHANEWAL,01-JUN-18,D
1401,KCA00100, 000,BILAWAL PUR TOLL PLAZA,JHANG ROAD BILAWAL PUR,KHANEWAL,01-JUL-10,D
1402,KCA00006, 000,BISMILLAH BAKERS AND PROVISIONAL STORE,OLD SABZI MANDI ,MULTAN,01-JAN-89,D
1403,KCA00158, 000,BISMILLAH FAMILY MART & BAKERS,SIR SYED ROAD KHANEWAL,KHANEWAL,01-JAN-15,D
1404,KCA00071, 000,BISMILLAH HIGHWAY RESTAURANT,G T ROAD PIROWAL,KHANEWAL,01-JUL-10,D
1405,KCA00118, 000,BISMILLAH HOTLE,3-BLOCK KWL,MULTAN,01-JUL-08,D
1406,KCA00028, 000,BISMILLAH OIL MILLS, ROAD CHAK NO 88 KHOKHARABAD ,MULTAN,01-OCT-00,D
1407,KCA00065, 000,BISMILLAH PETROLEUM SERVICES,JANGLE MARILA J R,KHANEWAL,01-JAN-10,D
1408,KCA00201, 000,BISMILLAH TRADING CO.,"3-Tariqabad, khanewal",KHANEWAL,01-JUL-18,D
1409,KCB00070, 000,BLOOMFIELD HALL SCHOOL ROUSCH,ROUSCH PAKISTAN POWER PLANT ABDUL HAKIM,ABDUL HAKIM,01-AUG-09,D
1410,BOA01829, 000,BLUE MOON HOTEL,S.T ROAD BY PASS MIAN CHANU,KHANEWAL,19-SEP-12,D
1411,BOE00074, 000,BOOTA FLOUR MILLS(GUNJ -E SHAKAR  FLOUR Mill),G.T. ROAD P.O. IQBAL NAGAR MIAN CHANNu,MIAN CHUNNU,15-DEC-89,D
1412,BIA01991,BO061,BORJAN PVT LTD,RAIL BAZAR MIAN CHANNU,MIAN CHUNNU,01-NOV-20,D
1413,BIA01991,BO060,BORJAN PVT LTD,JAMIA MASJID ROAD ,KHANEWAL,01-NOV-20,D
1414,BOE00114, 000,BOSS BAKERS,CHOWK ABAL-HADEES,KHANEWAL,01-JAN-16,D
1415,KCA00245, 000,BRICKS AND METALS ENGINEERING PVT LTD,CARE OF LIPTON PAKISTAN UNITED CHAK # 88 A/10 R KHANEWAL,KHANEWAL,01-NOV-25,D
1416,KCB00048, 000,BRIGHT STAR CADET MIDDLE SCHOOL,ADA 25 PUL ,KANEWAL,31-MAR-03,D
1417,KCA00177, 000,BRITISH INTERNATIONAL SCHOOL SYSTEM,22/3 CIVIL LINES KHANEWAL,KHANEWAL,01-JUL-16,D
1418,BOA02001, 000,BRITISH INTERNATIONAL SCHOOL SYSTEM,MULTAN ROAD NEAR KARAMWALA CNG,MIAN CHUNNU,01-DEC-12,D
1419,BOA01787, 000,BRITISH INTL SCHOOL SYS (AL-BASIT CAMPUS),9-10 IRSHAD COLONY KWL,KANEWAL,01-JUL-08,D
1420,KCA00212, 000,BROTHERS PROTECTION (PVT) LTD,T CHOWK MIANCHANNU DISTT.KHANEWAL,KHANEWAL,01-MAY-21,D
1421,BOA03562, 000,BTC UPVC PIPE ,78/B INDUSTRIAL ESTATE ,KHANEWAL,01-JUL-21,D
1422,KCA00246, 000,CAFE GHULAB HOTEL,OPPOSITE T.M.A KHANEWAL,KHANEWAL,01-JUL-25,D
1423,KCA00033, 000,CAFE GHULAB TASTY KARAHI ICE CREAM,OPPOSITE BALDIA OFFI ,KANEWAL,01-JAN-01,D
1424,KCB00121, 000,CGGC-GRC JV M4-IIIA,M 4 111 A MOTORWAY PROJECT 14 PULL VIA DARKHANA ROAD DARKHANA TEH KABIWALA,DAHRANWALA,01-FEB-17,D
1425,KCC00054, 000,CH MANZOOR ELAHI MODEL PUBLIC SCHOOL,PUNJAB SUGAR MILLS COLONY CHAK NO84\15L MIAN CHANNU ,MULTAN,01-APR-93,D
1426,BOA02042, 000,CHANAB RESTURANT,PULL BAGAR JHANG RD,KABIRWALA,01-MAR-13,D
1427,KCB00114, 000,CHAUDHARY OIL MILLS,KWL ROAD KABIR WALA,KABIRWALA,01-JUL-16,D
1428,KCC00049, 000,CHAUDHARY RICE MILLS,SMALL INDUSTRIAL ESTATE ,MULTAN,01-OCT-00,D
1429,KCC00088, 000,CHAUDHRY PETROLEUM SREVICES (ATTOCK),MIAN CHANNU BY PASS,MIAN CHUNNU,01-JUL-08,D
1430,BOE00102, 000,CHEEMA COLD STORAGE,CHAK 30 FAISAL TOWN MIAN CHUNNU,KHANEWAL,01-JUL-12,D
1431,KCA00078, 000,CHEEMA PETROLEUM SERVICRES,PIROWAL,KHANEWAL,01-JUL-08,D
1432,KCA00219, 000,CHEEZIOUS,MIAN CHANNU ROAD ,MIAN CHUNNU,01-OCT-23,D
1433,KCB00120, 000,CHEM COATS,C/O NESTLE KABIRWALA KHANEWAL ROAD,KABIRWALA,01-MAR-18,D
1434,KCA00045, 000,CITY CNG STATION,AWAN CHOWK ,KANEWAL,01-JUN-08,D
1435,BOE00085, 000,CITY CNG STATION,AWAN CHOWK ,KANEWAL,01-JUN-08,D
1436,KCA00013, 000,CITY PUBLIC SCHOOL,GIRLS COLLEGE ROAD BLOCK NO 12 ,MULTAN,01-APR-93,D
1437,KCD00040, 000,CITY TOP RESTAURANT,GHALLA MANDI JAHANIA,KHANEWAL,01-JUL-08,D
1438,KCA00196, 000,CLINIX+ BUKHTIYARI PHARMACY,AMNA PLAZA GIRLS COLLEGE ROAD BLOCK 16 KHANEWAL,KHANEWAL,17-SEP-17,D
1439,KCB00054, 000,CNG MASTER PVT,JHANG ROAD PUL BAGAR ,KANEWAL,01-JUL-08,D
1440,KCC00075, 000,CNG MASTER PVT LTD.,NEAR CANAL 15/L ,KANEWAL,01-JUL-08,D
1441,BOE00080, 000,COLONY COOPERATIVE FARMING UNION LTD,CIVIL LINES ,MULTAN,01-JUL-76,D
1442,KCA00227, 000,CONSOLE ENTERPRISES,THQ HOSPITAL JAHENIA,JAHANIAN,01-MAR-24,D
1443,KCA00228, 000,CONSOLE ENTERPRISES PVT LTD,THQ HOSPITAL MIAN CHANNU,MIAN CHUNNU,01-MAR-24,D
1444,KCA00229, 000,CONSOLE ENTERPRISES PVT LTD,THQ HOSPITAL KABIRWALA,KABIRWALA,01-MAR-24,D
1445,KCA00226, 000,CONSOLE ENTERPRISES PVT LTD,DHQ HOSPITAL KHANEWAL,KHANEWAL,01-MAR-24,D
1446,KCA00126, 000,CRESCENT TOF TYLES, PLOT#05 SMALL INDUSTRIAL ESTATE KHANEWAL,KHANEWAL,01-JAN-10,D
1447,BIA02557,BO026,DAEWOO PAKISTAN & PRESS BUS SERVICE LTD (KHANEWAL),LAHORE MORD KABIRWALA ROAD KHANEWAL,KHANEWAL,01-FEB-24,D
1448,KCA00184, 000,DAR E ARQAM SCHOOL,15-A CIVIL LINES KHANEWAL,KANEWAL,01-JAN-18,D
1449,KCA00007, 000,DATA AGRO LTD,KABIRWALA ROAD ,KHANEWAL,15-APR-94,D
1450,BOA03611, 000,DAWOOD FAZAL TEXTILE PVT LTD,CHAK # 132/16L TULAMBA ROAD MIAN CHANNU,MIAN CHUNNU,01-JAN-23,D
1451,KCD00020, 000,DAWOOD JAHANIA SEEDS CO,6-MORE KHANEWAL ROAD JAHANIAN,KHANEWAL,01-JUL-07,D
1452,BOA01178, 000,DESCON ENGINEERING LTD,450MW  ROUSCH POWER PLANT ABDUL HAKIM-58180,ABDUL HAKIM,01-JAN-10,D
1453,BIA02395,BI003,DESCON POWER SOLUTION PRIVATE LIMITED,450-MW ROUSCH POWER PLANT,ABDUL HAKIM,01-DEC-11,D
1454,BOA03229, 000,DISTRICT BAR ASSOCIATION KHANEWAL,DISTRICT COURTS KHANEWAL,KHANEWAL,01-NOV-20,D
1455,KCD00018, 000,DIVISIONAL PUBLIC SCHOOL COLLEGE,Qaid-e-azam road JAHANIAN,JAHANIAN,01-APR-00,D
1456,KCC00117, 000,DOGAR AGRO INDUSTRIES,NEAR RAILWAY PHATAK BUREWALA ROAD MIAN CHANNU,MIAN CHUNNU,01-JAN-15,D
1457,KCC00116, 000,DOGAR ZARI INDUSTRY,BUREWALA ROAD ,MIAN CHUNNU,01-JAN-15,D
1458,KCA00131, 000,DR.CAPT. KASHIF JAVED OHS MEDICAL SERVICE,SAEED SURGICAL HOSPITAL BLOCK-5 KHANEWAL,KHANEWAL,01-JUL-08,D
1459,AAF00872,KC002,EAGLE SECURITY GUARDS PVT LTD,RPPL ABDUL HAKIM ,MULTAN,01-JUL-08,D
1460,KCA00176, 000,EDMATRIX SCHOOL,20-CIVIL LINES KHANEWAL,KHANEWAL,01-FEB-18,D
1461,KCA00214, 000,EJAZ SHABBIR TEXTILE MILLS,28 K.M. MULTAN ROAD PULL RANGO KHANEWAL,KHANEWAL,01-JAN-22,D
1462,BOA03503, 000,EM4 FUELS,600 METER SHORT OF SHAMKOT INTERCHANGE,KHANEWAL,01-MAY-22,D
1463,KCB00060, 000,ENERGY PACK CNG STATION KABIRWALA,3-KASSI MULTAN ROAD,KABIRWALA,01-DEC-09,D
1464,BSA00705,KC001,EVENTIS CATERING,C/O UNILEVER TEA FACTORY KHANEWAL,KHANEWAL,15-JUL-19,D
1465,BOA01782, 000,EXCELENCE SCHOOL,NEAR EIDGAH KABIRWALA,MULTAN,01-OCT-11,D
1466,KCC00118, 000,F C FEEDS ,12 -KM MAKHDOOM PUR ROAD,KABIRWALA,01-JAN-17,D
1467,KCB00118, 000,F.B. FOODS AND FEEDS PVT LTD,5 KASSI MULTAN ROAD KABIRWALA,KABIRWALA,01-FEB-18,D
1468,BOD00046, 000,FAISAL CASTING SERVICES (BIN QASIM STEEL WORKS),MOLA PUR 8 KASI ROAD TEHSIL KABEERWALA,KHANEWAL,01-FEB-25,D
1469,BOD00036, 000,FAIZ PAPER INDUSTRIES,KABIRWALA ROAD ,MULTAN,06-JUN-93,D
1470,BOE00067, 000,FARM GINNERS,BURKAT ALI KHAN MIAN CHANNU ,MULTAN,01-OCT-88,D
1471,KCA00109, 000,FARM LAND PVT LTD,khanewal,KABIRWALA,01-JAN-10,D
1472,KCA00107, 000,FARYAAL FILLING STATION,T. CHOWK,KHANEWAL,01-JUL-10,D
1473,KCA00046, 000,FAST DRIVE CNG FILLING STATION,LAHORE-MULTAN RD. NEAR PEROWAL ,KANEWAL,01-JUL-08,D
1474,KCB00083, 000,FATIMA JINNAH GIRLS HIGH SCHOOL,PURANA JHANG ROAD,KABIRWALA,01-JUL-08,D
1475,KCA00036, 000,FAUJI FOUNDATION HOSPITAL,18-CIVIL LINES CHAKAHANA ROAD  KHANEWAL,MULTAN,01-OCT-04,D
1476,KCA00215, 000,FAUJI FOUNDATION SCHOOL KHANEWAL,77 A-1 CIVIL LINES KHANEWAL,KHANEWAL,01-MAR-19,D
1477,BBA00775,BC001,FAUJI KABIRWALA POWER CO. LTD. SITE OFFICE,17-KM JHANG ROAD,KABIRWALA,01-JAN-00,D
1478,KCA00240, 000,FFJ HOSPITAL (SMC-PRIVATE) LIMITED,"CHAK NO. 135/16-L STUNTZABAD MIAN CHANNU, ",KHANEWAL,01-JAN-25,D
1479,FAA01452,KC013,FIST SECURITY (Nestle Kabirwala),Nestle Kabirwala City,KABIRWALA,01-JAN-14,D
1480,KCA00111, 000,FIVE STAR COTTON GINNING PRESSING & OIL MILLS,61/10-R GARAH MORE ROAD,KHANEWAL,01-SEP-11,D
1481,KCA00157, 000,FOOD FESTIVAL,JAMIA MASJID CHOWK KHANEWAL,KHANEWAL,01-JUL-14,D
1482,BOE00113, 000,FORT BAKERS (786),PURANI SABZI MANDI,KHANEWAL,01-JAN-16,D
1483,KCB00074, 000,FORT GRAMMAR ENGLISH SCHOOL,KOT ISLAM,KABIRWALA,01-JUL-10,D
1484,KCA00052, 000,FORT RESTUARANT,NIAZI CHOWK,KHANEWAL,01-FEB-10,D
1485,KCB00124, 000,FRESCO FOODS,JHANG ROAD NEAR MAKHDOOM PUR CHOUNGI,KABIRWALA,01-AUG-18,D
1486,KCB00075, 000,FRIEND BIZ CNG,JHANG ROAD,KABIRWALA,01-JUL-08,D
1487,BOA03560, 000,FRIENDS PETROLEUM SVCS,NEAR PUL RANGO MULTAN ROAD ,KHANEWAL,01-JAN-20,D
1488,KCA00079, 000,FRONTIER BALUCHISTAN GASOLINE,MAHANI SIAL BY PASS,KHANEWAL,01-JUL-08,D
1489,AAF04662,KC064,FS KHANEWAL,"BUILDING SITUATED AT SIR SYED ROAD, ADJACENT TO DINERS NEARS FAYSAL BANK KHANEWAL",KHANEWAL,30-OCT-21,D
1490,KCB00096, 000,G.M RICE MILL,JAIL ROAD MUSA VIRK MAIN CHANNU,MIAN CHUNNU,01-SEP-12,D
1491,KCC00109, 000,G.M. RICE MILLS,JAIL ROAD MUSA VIRK,MIAN CHUNNU,01-SEP-12,D
1492,BIA02566,KC046,GAM CORP. (PVT) LIMITED,"BY PASS ROAD, AL-REHMAN CNG MIAN CHANNU",MIAN CHUNNU,24-SEP-18,D
1493,KCB00102, 000,GARRISON SCHOOL SYSTEM,NEAR NADRA OFF JHANG ROAD KABIRWALA,KABIRWALA,01-JAN-13,D
1494,KCA00055, 000,GAS PORT CNG,9-LAKHI WALA MULTAN ROAD,KHANEWAL,01-APR-09,D
1495,KCC00073, 000,GAS PORT CNG,133/16L GT ROAD ,KANEWAL,01-JUL-08,D
1496,KCA00066, 000,GHOUSIA FILLING STATION,PERVAIZ WALA,KHANEWAL,01-JAN-10,D
1497,AAB00036,BC019,GORAYA TRADERS (CONTRACTOR ECPL),GRAIN MARKET JAHANIAN,KHANEWAL,01-FEB-09,D
1498,BOA02024,KC001,GOURMET BAKERS & SWEETS KHANEWAL,STAR PLAZA SIR SYED ROAD NEAR GAPPI WALA CHOWK KHANEWAL,KHANEWAL,01-APR-19,D
1499,KCA00203, 000,GREEN PHARMACIES,CHAK SAHANA ROAD,KHANEWAL,01-APR-20,D
1500,KCA00050, 000,GUJAR COTTON FACTORY PVT LTD,KABIR WALA ROAD SALAR WAHAN,KHANEWAL,01-OCT-09,D
1501,KCB00067, 000,GUJRANWALA NATIONAL PETROLEUM SERVICES,PULL NIKASO JHANG ROAD,KABIRWALA,01-MAY-10,D
1502,AAC02002,KC089,GULAHMED SHOP KHANEWAL,SIR SYED ROAD GAPPIWALA KHANEWAL,KHANEWAL,01-JUN-18,D
1503,KCC00050, 000,GULSHAN COLD STORAGE AND OIL MILLS,CHAK NO 129/15-L TULUMBA ROAD PULL GARRAT ,MULTAN,01-OCT-00,D
1504,KCB00041, 000,GULSHAN IQBAL PVT LTD,KHANEWAL ROAD KABIRWALA,MULTAN,30-JAN-06,D
1505,KCB00081, 000,GULSHAN REHMAT INDUSTRIES,JHANG ROAD NEAR TOLL PLAZA BALAWAL PUR,KABIRWALA,01-OCT-11,D
1506,KCB00055, 000,GULSHAN-E-IQBAL MILLS PVt ltd(XGULSHAN E IQBALRICE,KHANEWAL ROAD,KABIRWALA,01-JAN-09,D
1507,KCA00018, 000,GULZAR AHMED AND SONS,CHAK NO 88-A/10-R ,MULTAN,01-JAN-91,D
1508,KCA00132, 000,H S SIKANDAR OIL MILLS ,3 KILO METAR VEHARI ROAD ,KHANEWAL,01-JAN-13,D
1509,KCB00097, 000,H S SKINDER OIL MILLS,3 KG VEHARI ROAD KACHA KHOO KHANAWAL      HO,KHANEWAL,01-JAN-13,D
1510,KCA00233, 000,HABIB COLLEGE OF HEALTH SCIENCES,GT ROAD NEAR SUPERIOR COLLEGE MIAN CHANNU,MIAN CHUNNU,01-FEB-21,D
1511,BOD00025, 000,HABIB COTTON GINNING PRESSING FACTORY,KABIR WALA ROAD MAKHDOOM PUR PAHORAN TEH KABIRWALA KHANEWAL,MULTAN,15-OCT-84,D
1512,BOE00042, 000,HABIB COTTON INDUSTRIES,CHACK#35 MOHSIN WAL MIAN CHNUU,MULTAN,01-SEP-86,D
1513,KCC00126, 000,HABIB EDUCATION SERVICES (SUPERIOR COLLEGE),G.T ROAD NEAR NEW NADRA OFFICE MIAN CHANNU,MIAN CHUNNU,01-AUG-19,D
1514,KCD00004, 000,HABIB OIL MILLS,SUPER HIGHWAY KHANEWAL ROAD JAHANIA ,MULTAN,01-NOV-95,D
1515,KCC00052, 000,HAFIZ COLD STORAGE,PULL GHARAAT TULAMBA ROAD ,MULTAN,01-MAR-01,D
1516,KCA00135, 000,HAIDER COTTON INDUSTRIES,MAKHDOOM PUR ROAD,KHANEWAL,01-AUG-13,D
1517,BKA00471,BO001,HAIJI MUHAMMAD YASEEN AND SONS C/O NESTLE KABIRWAL,C/O NESTLE KABIR WALA DAIRY KHANAWAL ROAD KABIRWALA,KHANEWAL,01-MAR-17,D
1518,BOA02000, 000,HAJI WALI MUHAMMAD COTTON FACTORY,CHAK 121/15 L JANDIALI ROAD,MIAN CHUNNU,01-OCT-12,D
1519,KCC00089, 000,HAMID RASHID PETROLEUM SREVICES (PSO),MIAN CHANNU CITY,MIAN CHUNNU,01-JUL-08,D
1520,BOA01834, 000,HAQ FARID COTTON GINNING PRESSING,MULTAN ROAD ABDUL HAKIM,MULTAN,01-SEP-12,D
1521,KCA00193, 000,HARIS PHARMA,118-B CIVIL LINES CIRCUIT HOUSE ROAD KHANEWAL,KHANEWAL,01-NOV-18,D
1522,KCC00090, 000,HAROON FILLING STATION,CHAK 144-15 L,MIAN CHUNNU,01-JUL-08,D
1523,KCC00091, 000,HASEEB JAVAID PETROLEUM SREVICES,MUSA VIRK G T ROAD,MIAN CHUNNU,01-JUL-08,D
1524,BOE00088, 000,HASHMI COLD STORAGE,16/15-L ARAIN WALI MIAN CHUNNU,KHANEWAL,01-JUL-12,D
1525,KCA00080, 000,HASNAIN PETROLEUM SERVICES,JAHANIAN BY PASS,KHANEWAL,01-JUL-08,D
1526,PCA00001, 000,HASSAN INDUSTRIES,CHAK NO 168/10-R JAHANIA ROAD ,KANEWAL,27-SEP-02,D
1527,KCB00010, 000,HAYAT COTTON INDUSTRIES PVT LTD,SARDARPUR ROAD KABIRWALA ,MULTAN,01-OCT-91,D
1528,KCB00030, 000,HAYAT SWEETS AND RESTAURANT,CHOWK PULL BAGHAR KABIRWALA ,KANEWAL,01-JUL-02,D
1529,KCB00079, 000,HEAD SIDHNAI TOLL PLAZA,PEER MAHAL ROAD HEAD SIDHNAI,KABIRWALA,01-JUL-10,D
1530,KCA00242, 000,HIDAYA AL-NOOR DYNAMIC SCHOOL,"GROUND FLOOR, PLOT # CM-01 IBRAHIM CITY KHANEWAL",KHANEWAL,01-MAY-25,D
1531,KCC00074, 000,HIGHWAY FUEL CNG,BY PASS ,KANEWAL,01-JUL-08,D
1532,KCB00002, 000,HIRAJ COTTON GINNING AND OILL MILLS,KABIRWALA ROAD MAKHDOOMPUR PAHORAN TEH KABIRWALA DISTT KHANEWAL,KANEWAL,06-NOV-91,D
1533,KCA00003, 000,HN SCIENCE SCHOOL KHANEWAL,SCIENCE SCHOOL  CIVIL LINE  KHANEWAL,MULTAN,01-JUL-92,D
1534,BPA00474,BO032,HR UNION ENTERPRISES PVT. LTD (GAS & OIL PAKISTAN),T CHOCK ,KHANEWAL,01-MAR-22,D
1535,AAD01111,BO022,HRSG OUTSOURCING PVT LTD,HRSG OUTSOURCING PVT LTD MULTAN / KBF,MULTAN,01-JAN-98,D
1536,KCA00188, 000,HUMAYOUN & SHOIAB F/S,"PURANA KHANEWAL, NEAR SUPERIOR COLLEGE. ",KHANEWAL,01-JUL-16,D
1537,KCA00021, 000,HUSSAIN MOHAMMAD AND SONS,CHAK NO 88-A/10-R ,MULTAN,01-JAN-91,D
1538,KCD00012, 000,HUSSAIN OIL MILLS,KHANEWAL ROAD JAHANIA ,MULTAN,18-OCT-98,D
1539,KCB00038, 000,HUSSAIN TEXTILE MILLS ,16.5 KM KHANEWAL KABIRWALA BY-PASS MOUZA KOHIWALA ,KABIRWALA,01-MAY-05,D
1540,AAE00130,KC051,IBL OPERATIONS (PVT) LTD,"H#03, ST.#03, RUKN UD DIN COLONY, TULAMBA",MIAN CHUNNU,20-NOV-19,D
1541,AAE00130,KC057,IBL OPERATIONS PVT LTD,HOUSE NO.4 ALLAMA IQBAL TOWN KHANEWAL,KANEWAL,01-JUN-23,D
1542,BOA03230, 000,IJAZ ASSOCIATES (PROJECT JK SUGAR MILLS),"OFFICE#02, 2ND FLOOR SUGHRA CENTRE OUTSIDE BOHAR GATE",MULTAN,01-APR-18,D
1543,KCB00104, 000,IKAN ENGINEERING SERVICES Put ltd,C/O NESTLEY KABIRWALA DAIRY KWL.RD.KABIRWALA,KABIRWALA,26-MAY-14,D
1544,KCC00119, 000,IMAM DIN TAMEER E MILLAT SCHOOL (BOYS& GIRLS),129 / 15- L MAIN G T ROAD MIAN CHANNU .,MIAN CHUNNU,01-JAN-10,D
1545,KCB00027, 000,IMRAN COTTON INDUSTRIES,JHANG ROAD BAGHAR TEHSIL KABIRWALA ,MULTAN,20-NOV-98,D
1546,BOA01781, 000,IMRAN KINOO PROCESSING PLANT,PAL CHAWAN KABIRWALA,MULTAN,01-OCT-11,D
1547,BKA01559,KC001,IMRAN RAFIQUE CONSTRUCTION COMPANY ,IN FRONT OF NESTLE GATE NO.4,KHANEWAL,23-APR-24,D
1548,KCC00028, 000,INDUSTRIAL TRAINING CENTRE FOR WOMEN,MUSAVIRK MIANCHANNU ,MULTAN,01-JAN-91,D
1549,KCA00067, 000,INSAF PETROLEUM SERVICES PSO,MOUZA INAYAT PUR PULL RANGO,KHANEWAL,01-JUL-08,D
1550,BOE00112, 000,INSHALLAH BAKERS,LIAQAT BAZAR,KHANEWAL,01-JAN-16,D
1551,KCA00183, 000,INTERNATIONAL MONTESSORI SCHOOL,47-X PEOPLES COLONY KHANEWAL,KHANEWAL,01-APR-17,D
1552,BOD00029, 000,IQBAL COTTON&OIL MILLS PVT LTD(XIQBALCOTONFACTORY),KHANEWAL ROAD KABIRWALA KHANEWAL ...,KABIRWALA,26-NOV-86,D
1553,BOA01825, 000,IQBAL ROLLER FLOUR MILL ,PLOT 55 56 57.SMALL INDUS ESTATE KWL,MULTAN,01-OCT-12,D
1554,FAA02073,KC030,ISLAMABAD DIAGNOSTIC CENTRE (PVT) LTD,IDC TALAMBA ROAD ,MIAN CHUNNU,01-DEC-23,D
1555,KCC00066, 000,ISLAMIA DEGREE COLLEGEW,EDUCATION COMPLEX G.T.ROAD ,MULTAN,01-FEB-92,D
1556,KCC00065, 000,ISLAMIA GIRLS HIGH SCHOOL,EDUCATION COMPLEX G.T.ROAD ,MULTAN,01-JUL-86,D
1557,KCC00110, 000,ITIFAQ RICE MILL ,SMALL INDS ESTATE ,MIAN CHUNNU,01-JAN-13,D
1558,BOE00103, 000,ITTEFAQ COLD STORAGE,TULAMBA ROAD MIAN CHUNNU,KHANEWAL,01-JUL-12,D
1559,KCD00010, 000,ITTEFAQ FLOUR & GENERAL MILLS,SUPER HIGHWAY JHANIA ,MULTAN,01-JAN-97,D
1560,BIA01500,BO005,IZHAR CONCRETE PVT,35 KM MULTAN VEHARI ROAD MOUZA BHRKY DIN PUR STOP,KANEWAL,01-JUN-12,D
1561,BOA03336, 000,IZHAR PAVERS PVT LTD,CHAK NO 142/LR NEARBHARKI JAHANIAN,MULTAN,01-JUL-21,D
1562,FAA00235,KC002,JADEED BREEDER FARM ,NIAZI CHOWK CHAK NO 66 10 R KHANEWAL,KHANEWAL,01-OCT-18,D
1563,KCA00207, 000,JADEED FARM,CHAK NO.104-10R KHANEWAL,KHANEWAL,01-JUL-21,D
1564,BOA03255, 000,JADEED FARM,CHAK # 85 KHANEWAL,KHANEWAL,01-JAN-21,D
1565,KCA00142, 000,JADEED FARM PVT.LTD,ADDA PEEROWAL NO.2 KHANEWAL,KHANEWAL,01-MAR-14,D
1566,BOD00045, 000,JADEED FARM UNIT-2,CHAK # 42 KHANEWAL,KHANEWAL,01-JAN-21,D
1567,KCB00108, 000,JADEED FARMS (PVT) LIMITED,ADDA SHAMKOT; MULTAN ROAD,KHANEWAL,01-JAN-15,D
1568,KCD00030, 000,JADEED FARMS PVT LTD,PIROWAAL,KHANEWAL,01-JUL-11,D
1569,KCA00108, 000,JADEED FARMS PVT LTD,JUNGLE MARYALA,KHANEWAL,01-JUL-11,D
1570,KCA00097, 000,JADEED FEED INDUSTRIES PVT LTD,06-KM KABIR WALA ROAD,KHANEWAL,01-OCT-10,D
1571,KCA00145, 000,JADEED GP FARM PVT LTD,CHAK NO. 77/10-R JAHANIAN DIST KHANAWAL,KHANEWAL,01-JUL-14,D
1572,KCA00139, 000,JADEED GP FARM PVT LTD,28-ADDA KACHA LAHORE ROAD MIANCHNUU,KHANEWAL,01-JUL-14,D
1573,KCA00140, 000,JADEED GP FARM PVT LTD,CHAK NO.77/10-R KHANEWAL,KHANEWAL,01-JUL-14,D
1574,FAA00235,KC001,JADEED HATCHERY,KABIRWALA ROAD ,MULTAN,01-MAR-96,D
1575,FAA00235,KC004,JADEED OIL EXTRACTION PVT LTD,6- KM KABIR WALA ROAD KHANEWAL,KHANEWAL,26-SEP-18,D
1576,FAA00235,KC003,JADEED REST HOUSE,ADDA 3 KASSI MULTAN ROAD KHANEWAL,KHANEWAL,13-JAN-19,D
1577,KCD00021, 000,JAHANIA PETROLEUM SERVICES (PSO),KHANEWAL LODHRAN ROAD JAHANIAN,KHANEWAL,01-JAN-10,D
1578,KCC00078, 000,JAMAL CNG STATION,G.T. ROAD,MIAN CHUNNU,01-MAR-08,D
1579,BOE00105, 000,JAMAL COLD STORAGE,SMALL INDUSTRIAL ESTATE MIAN CHUNNU,KHANEWAL,01-JUL-12,D
1580,BOE00071, 000,JAMAL COTTON INDUSTRIES,MULTAN ROAD ,MULTAN,10-OCT-88,D
1581,BOA00197, 000,JAMAL INDUSTRIES,MIAN CHANNU KHANEWAL ,MIAN CHUNNU,01-NOV-79,D
1582,BOA01827, 000,JAMAL OIL MILL,MAKHDOOM PUR ROAD,MULTAN,01-SEP-08,D
1583,BOA01840, 000,JAMAL OIL MILL,MAKHDOOM PUR ROAD,KHANEWAL,03-SEP-08,D
1584,KCC00046, 000,JAMAL PAPERS PVT LTD, MUSA VIRK MIANCHANNU ,MIAN CHUNNU,30-JUL-98,D
1585,KCA00068, 000,JAMAL PETROLEUM SERVICES (PSO),ADA REHMAN ABAD J ROAD,KHANEWAL,01-JAN-10,D
1586,BOE00025, 000,JAMHOOR TEXTILE MILLS LTD,MONNOO GARH G T ROAD MIAN CHANNU TEHSIL KHANEWAL,MIAN CHUNNU,01-FEB-82,D
1587,KCB00040, 000,JANNAT INDUSTRIES,PUL BAGAR TEH. KABIRWALA ,KANEWAL,01-NOV-05,D
1588,KCA00089, 000,JAVAID PETROLEUM SREVICES (PSO),MOHSIN WAL G T ROAD,KHANEWAL,01-JUL-08,D
1589,BOE00100, 000,JAVED COLD STORAGE,PAKKA MAJEED TULAMBA ROAD MIAN CHUNNU,KHANEWAL,01-JUL-12,D
1590,KCD00015, 000,JAVED-UR-REHMAN COTTON GINNERS (NASCO),MULTAN ROAD JAHANIAN,KHANEWAL,01-AUG-03,D
1591,FAA04644,KC001,JELLY BEANS CHILDCARE SMC PVT LIMITED,DAY CARE CENTER NESTLE FACTORY KABIRWALA 10-KM KHANEWAL,KHANEWAL,01-JUL-22,D
1592,KCD00025, 000,JHOLAY LAL PETROLEUM SERVICES,CHAK 158 A /10-R NEAR PERVAIZ WALA JAHANIAN,KHANEWAL,01-SEP-09,D
1593,KCB00090, 000,JINNAH COLLEGE,INSTITUTION KABIRWALA,MULTAN,01-JAN-11,D
1594,KCC00064, 000,JINNAH JUNIOR MODEL SCHOOL,FAISAL TOWN 130/15L ,MULTAN,01-SEP-96,D
1595,BOE00059, 000,JK SUGAR MILLS (PVT) LTD(COLONY SUGAR MILLS LTD),CHACK 84/15 L TEHSIL MIAN CHANNU DISTT KHANEWAL ,MIAN CHUNNU,01-SEP-88,D
1596,BOE00064, 000,JOYIA INDUSTRIES OIL MILLS,G T ROAD MIAN CHANNU ,MULTAN,01-NOV-87,D
1597,AAE00520,KC010,K & N' S POULTRY FORMS,80/10-R NEAR TOLL PLAZA KHANEWAL LAHORE MULTAN ROAD KHANEWAL,KHANEWAL,01-JAN-19,D
1598,KCA00010, 000,K.K. COTTON INDS(PRIME COTTON INDS),CHAK NO. 91/10-R CHAK SHAHNA ROAD KHANEWAL. ,MULTAN,01-OCT-94,D
1599,KCC00122, 000,K.S.A FOUNDRY,27-28 PUNJAB SMALL INDUSTRIAL ESTATE MIAN CHANNU,MIAN CHUNNU,01-NOV-18,D
1600,KCB00092, 000,KABIR FLOUR MILLS,KHANEWAL ROAD KABIRWALA,KHANEWAL,01-SEP-12,D
1601,KCB00012, 000,KABIR POLY TEXTILE MILLS LTD,3 KASSI MULTAN ROAD KABIRWALA ,MULTAN,18-SEP-95,D
1602,KCA00121, 000,KAFE SHAFIQ,T CHOWK KWL,MULTAN,01-JUL-08,D
1603,BOE00138, 000,KARACHI HOT N SPICY BAR B Q,MULTAN ROAD NEAR DAHA CHOWK KHANEWAL (0306-8455559),KHANEWAL,01-DEC-24,D
1604,BOE00092, 000,KARMAN WALY COLD STORAGE,G.T ROAD MIAN CHUNNU,KHANEWAL,01-JUL-12,D
1605,BOE00019, 000,KARMANWALAY AGRICULTURAL IMPLEMENTS,SHAHRAH-E-AZAM MIAN CHANNU DISTT. KHANEWAL ...,MULTAN,01-DEC-78,D
1606,KCC00076, 000,KARMANWALAY CNG,G.T ROAD ,KANEWAL,01-JUL-08,D
1607,KCC00018, 000,KARMANWALEY PVT LTD COTTON GINNING & OIL MILL,G.T.ROAD MIANCHANNU ,MULTAN,01-NOV-93,D
1608,BOE00010, 000,KASHMIR COTTON FACTORY (CTC),JAHANIA DISTT KHANEWAL ,MULTAN,01-DEC-76,D
1609,BOE00110, 000,KASSIM TEXTILE PVT LTD(OLD STANDARD GINNING),92/10-R NASIRABAD CHOWK GARAH MOR ROAD KHANEWAL,KHANEWAL,01-SEP-15,D
1610,AAA02612,KC059,KHAADI, NEAR MEPCO GRID STATION KHANEWAL,KHANEWAL,01-MAR-19,D
1611,KCB00084, 000,KHALID BIN WALEED PUBLIC SCHOOL,CANAL ROAD kabirwala,KABIRWALA,01-JUL-08,D
1612,KCB00005, 000,KHALID BROTHERS COTTON GINNERS (SALEEM AFZAL),P.O. CHAK NO.14/L VIA KABIRWALA PUNJAB ,MULTAN,01-NOV-92,D
1613,BOA02037,BO001,KHALID RAUF AND COMPANY,53-SHADMAN 11 LAHORE (SHAMKOT KWL),KHANEWAL,01-JAN-13,D
1614,KCA00057, 000,KHAN BROTHERS PETROLEUM SERVICES,KACHA KHOH ROAD ABDUL HAKIM,KHANEWAL,01-SEP-09,D
1615,BOE00027, 000,KHAN INDUSTRIES,VEHARI ROAD KACHA KHOOH TEH KHANEWAL KHANEWAL,MULTAN,15-OCT-84,D
1616,KCA00190, 000,KHAN INDUSTRIES ICE UNIT,CHAK NO 23/10R ,KHANEWAL,01-JUL-18,D
1617,KCA00069, 000,KHANEWAL FILLING STATION,PEOPLES COLONY KHANEWAL,KHANEWAL,01-JUL-08,D
1618,BOE00084, 000,KHANEWAL PUBLIC SCHOOL College khanewa,KABIRWALA MORE LAHORE ROAD  KHANEWAL ,MULTAN,11-JUL-90,D
1619,KCA00101, 000,KHANEWAL TOLL PLAZA,DERA TAJ LAHORE ROAD,KHANEWAL,01-JUL-10,D
1620,KCA00053, 000,KHATTAK CNG,LAHORE MULTAN ROAD,KHANEWAL,,D
1621,BOE00063, 000,KHIZAR INDUSTRIES JAHANIA,HIGH WAY ROAD JAHANIA DISTT KHANEWAL ,MULTAN,01-NOV-88,D
1622,BOA03212, 000,KHOSHI SWEETS,T CHOWK MIAN CHANNU,MIAN CHUNNU,01-JUL-20,D
1623,KCC00067, 000,KISAN DOST ZARAI INDUSTRY,G.T. ROAD ,MULTAN,01-MAR-06,D
1624,KCA00238, 000,KUNHAR TRAVEL,88/10-R UNILEVER FACTORY ,KHANEWAL,01-SEP-24,D
1625,KCC00031, 000,LALLA JEE OIL MILLS,P.O.MOHSINWAL MULTAN ROAD KOT SAJJAN SINGH MIANCHANNU,MULTAN,01-OCT-91,D
1626,KCC00087, 000,LATIF PETROLEUM SERVICES (CALTEX),LARI ADDA,MIAN CHUNNU,01-JUL-08,D
1627,BOA03206, 000,LAUREATE HIGH SCHOOL MUHAMMAD CAMPUS,QASR E ABBAS DAHA CHOWK MULTAN ROAD,KHANEWAL,01-OCT-20,D
1628,KCD00039, 000,LAWRAL SCIENCE SCHOOL,BLOCK-G JAHANIA,KHANEWAL,01-JUL-08,D
1629,BOA00636,KC001,LAYTON REHMATULLAH BENEVOLENT TRUST,1-CIVIL LINES ,MULTAN,01-JAN-06,D
1630,KCA00199, 000,LEADS GROUP OF COLLEGES KWL,MULTAN ROAD PURANA KHANEWAL,KHANEWAL,01-MAR-19,D
1631,BOA01786, 000,LEADS UNIVERSAL COLLEGE,29 CEVIL LINE KWL,MULTAN,01-JAN-11,D
1632,AAB02154,BO016,LEOPARDS COURIER SERVICE,74-B ST.NO.4 BLOCK-8 ,KANEWAL,08-OCT-02,D
1633,KCC00025, 000,LEOPARDS COURIER SERVICE,G.T.ROAD MIANCHANNU ,KANEWAL,01-APR-94,D
1634,AAB02154,BO017,LEOPARDS COURIER SERVICE,G T ROAD MIANCHANNU ,KANEWAL,01-APR-94,D
1635,BOA03248,BO000,LGS ILM PVT. LIMITED,7-a abu bakar block madina town harbanspura canal bank lahore,ABDUL HAKIM,01-APR-15,D
1636,AAE05188,BO001,LIPTON PAKISTAN LIMITED,CHAK NO 88/10R KHANEWAL,KHANEWAL,01-JUL-22,D
1637,KCA00040, 000,LITTLE FLOWER PUBLIC GIRLS MIDDLE SCHOOL,CHAK-96A/10R ,KANEWAL,01-SEP-04,D
1638,BOA02040, 000,LUCKY STAR FILLING STATION KABIRWALA,4-KM MULTAN RD KABIRWALA,KABIRWALA,21-MAY-13,D
1639,KCA00235, 000,LUMEN ENERGIA (PVT),NESTLE FACTORY GATE NO.5 KABIRWALA,KABIRWALA,01-JUL-24,D
1640,BKA00516,KC001,M RAFIQ & CO C/O NESTLE CONTRACTOR,C/O NESTLE KABIR WALA DIARY KWL ROAD ,KABIRWALA,10-OCT-16,D
1641,KCA00241, 000,M/S JV-SSAB KHANEWAL,STREET # 1 GULBERG KHANEWAL,KHANEWAL,13-MAR-25,D
1642,KCB00131, 000,M/S. AL -REHMAN LOGISTICS (C/O NASTLE),BUILDING NO 1 KABIRWALA ROAD KHANEWAL,KHANEWAL,01-SEP-25,D
1643,BOA02046, 000,MAAN JEE BUILDERS,ADHIWALA KWL RD KABIRWALA,KABIRWALA,01-JUL-08,D
1644,KCA00195, 000,MAAZ PHARMA,AFZAL TOWN NEAR NADRA OFFICE KHANEWAL,KHANEWAL,01-DEC-18,D
1645,BOE00087, 000,MADINA COLD STORAGE,LAHORE ROAD MIAN CHUNNU,KHANEWAL,01-JUL-12,D
1646,BOE00115, 000,MADINA COTTON FACTORY (JALANDHAR),INDUSTRIAL ESTATE,KHANEWAL,01-JUL-16,D
1647,KCA00151, 000,MADINA OIL MILL,ADDA VIGIANWALA DISTT. KHANEWAL,KHANEWAL,01-JUL-14,D
1648,KCD00008, 000,MADINA PACKAGES,NEAR RAILWAY STATION JAHANIA ,MULTAN,01-JUL-95,D
1649,KCA00047, 000,MAHAR COTTON INDUSTRIES ,2-KM CHAK SHAHANA 91/A-10R,KHANEWAL,01-SEP-09,D
1650,BOA02043, 000,MAHAR RICE MILLS,CHAK SHAHNA ROAD KWL,KABIRWALA,01-OCT-12,D
1651,BOA02538, 000,MAHAR TELECOM,MAIN KATCHERY BAZAR KHANAWAL,KHANEWAL,01-AUG-16,D
1652,KCB00080, 000,MAHBOOB FILLING STATION,TULAMBA ABDUL HAKIM ROAD ARIF ABAD,ABDUL HAKIM,01-JAN-11,D
1653,BOE00094, 000,MAKKAH COLD STORAGE,G.T ROAD MIAN CHUNNU,KHANEWAL,01-JUL-12,D
1654,KCC00070, 000,MALIK FLOUR MILLS GENERAL MILLS,KHANEWAL ROAD ,KANEWAL,01-OCT-07,D
1655,KCA00162, 000,MALIK OIL MILLS,JAHANIA BY PASS,JAHANIAN,01-APR-16,D
1656,KCA00044, 000,MANZOOR CNG STATION,BAGAR ROAD ,MULTAN,01-JUL-08,D
1657,BKA00446,KC002,MAQSOOD BARLAS AND SONS PVT LTD,8.KM MULTAN KHANEWAL ROAD KABIRWALA,KABIRWALA,01-SEP-17,D
1658,KCB00037, 000,MARINE PUBLIC SCHOOL,P. O. BAGAR SARGAANA KABIRWALA ,MULTAN,01-APR-04,D
1659,BOA03232,KC001,MARK GRAMMAR SCHOOL,CHAK NO.84/10R KHANEWAK,KHANEWAL,01-MAR-24,D
1660,BOA03232, 000,MARK GRAMMAR SCHOOL,CHAK 84/10-R 03006890684,KHANEWAL,01-NOV-20,D
1661,KCC00068, 000,MARYAM FLOUR MILLS,INDUSTRIAL ESTATE G.T. ROAD ,MIAN CHUNNU,01-DEC-06,D
1662,BOA01831, 000,MARYAM RICE MILL,CHOWK 133 GT ROAD MIAN CHANNU,MIAN CHUNNU,01-OCT-12,D
1663,KCA00154, 000,MASHALLAH CASH CARRY,KHANEWAL ROAD KABIRWALA,KHANEWAL,01-JUL-14,D
1664,KCB00028, 000,MASOOD FABRICS LIMITED (WEAVING UNIT),"3  - KASSI, MULTAN ROAD, ",MULTAN,01-OCT-99,D
1665,KCA00048, 000,MASOOD SONS ROLLER FLOUR MILLS,JAHNIAN ROAD KHANAWAL,KHANEWAL,01-OCT-09,D
1666,KCB00029, 000,MASOOD SPINNING MILLS LTD,4TH KM MULTAN ROAD 3 KASSI KABIRWALA ,MULTAN,01-OCT-01,D
1667,BOA01832, 000,MATLA COTTON INDUSTRY,KHANEWAL ROAD KABIRWALA,KABIRWALA,01-SEP-12,D
1668,BKA00747,BO002,MAXIM AGRI PVT LTD,"80/10-R, NEAR AHMED COTTON FACTORY,PEROWAL",KHANEWAL,29-SEP-20,D
1669,BIB03303,KC045,MAYPOLE PVT LTD. LIMELIGHT,JAMIA ANAYTIA ROAD KHANEWAL,KHANEWAL,01-MAY-25,D
1670,KCA00058, 000,MAZHAR PETROL PUMP (SHELL),QASIM BAGH SHAM KOT,KHANEWAL,01-JUL-08,D
1671,BIC01184,KC004,MBM SERVICES PVT LTD,C/O UNILEVER TEA FACTORY CHAK NO 88/10 R KHANEWAL,KHANEWAL,01-AUG-19,D
1672,KCB00113, 000,MBM SOURCING PVT LTD,c/o neSTLE KABIR WALA KWL ROAD KABIRWALA ,KABIRWALA,01-APR-16,D
1673,AAE00428,AA060,MCR PAKISTAN PVT LIMITED(BK-MULTAN),"GULGUSHAT COLONY GOL BAGH, MULTAN",MULTAN,01-NOV-14,D
1674,KCA00222, 000,MEET & EAT ,NEAR WATER FILLTER PLANT PEOPLES,KHANEWAL,01-SEP-23,D
1675,BOA03630, 000,MEGA TEA COMPANY,MASHALLAH TOWN MIAN CHANNU,MULTAN,01-MAR-23,D
1676,KCA00081, 000,MEHRAN PETROLEUM SERVICES,PIROWAL,KHANEWAL,01-JUL-08,D
1677,KCA00099, 000,MERHABA RESTUARANT,ABDUL HAKIM ROAD PUL BAGAR,ABDUL HAKIM,01-JUL-09,D
1678,BBA02295,BO028,METRO SHOES,METRO SHOES JAMIA MASJID AHL E HADEES CHOWK ,MULTAN,15-JUL-22,D
1679,BOA02039, 000,MG AGRI FOODS PRIVATE LIMITED KABIRWALA,4-KM MULTAN RD KABIRWALA,KABIRWALA,01-MAY-13,D
1680,KCC00083, 000,MIAN CHANNU CNG,MIAN CHANNU BY PASS,MIAN CHUNNU,04-MAR-09,D
1681,KCC00085, 000,MIAN CHANNU PETROLEUM SERVICES (PSO),Mian Channu Petroleum,MIAN CHUNNU,01-MAY-10,D
1682,KCC00100, 000,MIAN CHANNU PLASTIC FACTORY,INDUSTRIAL ESTATE,MIAN CHUNNU,01-JAN-11,D
1683,KCC00071, 000,MIAN CHANNU PUBLIC SCHOOL COLLEGE BOYS,FAISAL TOWN MIAN CHANNU,MIAN CHUNNU,01-APR-01,D
1684,KCC00072, 000,MIAN CHANNU PUBLIC SCHOOL COLLEGE GIRLS,FAISAL TOWN ,KANEWAL,01-APR-03,D
1685,KCC00099, 000,MIAN CHANNU TOLL PLAZA,BY PASS MIAN CHANNU,KHANEWAL,01-JUL-10,D
1686,BOE00104, 000,MIAN CHUNNU COLD STORAGE,BY PASS ROAD MIAN CHUNNU,KHANEWAL,01-JUL-12,D
1687,KCC00035, 000,MIANCHANNU DAL MILLS,SMALL INDUSTRIAL ESTATE ,MIAN CHUNNU,01-JUN-96,D
1688,KCC00053, 000,MIANCHANNU RICE MILLS,CHAK NO 133/16-L TEHSIL MIANCHANNU ,MULTAN,31-DEC-01,D
1689,KCA00150, 000,MICROTECH ENGINEERING FABRICATION SERVICES,ALLAHABAD KHANEWAL ROAD KABIRWALA,KHANEWAL,01-JAN-15,D
1690,KCC00086, 000,MID WAY FILLING STATION (SHELL),133-15-L G.T. ROAD,MIAN CHUNNU,01-JUL-08,D
1691,KCD00044, 000,MILLAT PUBLIC SCIENCE GIRLS HIGH SCHOOL,GHARIBABAD BLOCK NO 6  JAHANIA,JAHANIAN,01-OCT-18,D
1692,BKA00631,KC001,MIRCO TECH ENGINEERING SERVICES C/O NESTLE KABIRWA,C/O NESTLE PAK PVT LTD KABIRWALA,KABIRWALA,03-FEB-14,D
1693,KCB00047, 000,MISALI MASHAL MIDDLE SCHOOL,5-KASSI ,KANEWAL,08-OCT-03,D
1694,KCD00041, 000,MISALI ZAKARIA CADET SCHOOL,JAHANIA,KHANEWAL,01-JUL-08,D
1695,KCA00156, 000,MKH ENGINEERING & CONSTRUCTIONS,B-148 ST.NO.3 GULZAR-E-IBRAHIM KHANEWAL,KHANEWAL,01-JAN-15,D
1696,KCA00019, 000,MOHAMMAD RAMZAN AND SONS,CHAK NO 88-A/10-R ,KHANEWAL,01-JAN-91,D
1697,KCC00104, 000,MOIZ NAWAB PAPER MILL,JAIL ROAD MOSA VIRK MIAN CHANNU,MIAN CHUNNU,01-SEP-11,D
1698,KCA00206, 000,MOLANA TARIQ JAMIL FOUNDATION,NEAR MADINA NURSERY MAKHDOOMPUR ROAD TULAMBA,KHANEWAL,01-JUL-20,D
1699,BIA06188,BI002,MOMENTUM LOGISTICS (KHANEWAL),"N-5, MULTAN, KHANEWAL ROAD, VEER GARH",MULTAN,01-OCT-22,D
1700,BOE00073, 000,MONNOOWAL TEXTILE MILLS LTD,MONNOOWAL MIAN CHANNU,MIAN CHUNNU,01-NOV-89,D
1701,KCD00026, 000,MOON STAR PETROLEUM SERVICES (PSO),CHAK 105/10-R JAHANIAN,KHANEWAL,01-JAN-10,D
1702,KCD00031, 000,MOON TRADERS,TULAMBA ROAD,ABDUL HAKIM,,D
1703,KCC00106, 000,MOTI MEHAL RESTURENT,MOHSIN WAL (MIAN CHANNU),MULTAN,01-JAN-11,D
1704,BOC00066, 000,MUBARIK INTERPRISES COT GIN & PRESS FACT,TULAMBA ROAD MAIN CHANNU ,MULTAN,01-DEC-88,D
1705,KCA00070, 000,MUBASHIR AND MASROOR PETROLEUM SERVICES (PSO),NEW 8-KASSI,KHANEWAL,,D
1706,BOA01833, 000,MUBEEN ATIF COTTON GINNING PROSSING FACTORY,166/10 R ADA MEHER SHAH J.R ,KHANEWAL,01-SEP-12,D
1707,KCA00192, 000,MUGHAL BROTHERS ENGINEERING COMPANY,BISMILLAH TRADERS ZAHOOR PLAZA NOORI GATE C/O JK SUGAR MILLS,KHANEWAL,01-JUN-18,D
1708,KCA00186, 000,MUHAMAMD AKHTAR OF NISAR ENGGINEERING,CHAK NO 88-A 10 -R C/O UNILEVER PAKISTAN LTD,KHANEWAL,01-JAN-17,D
1709,KCA00185, 000,MUHAMMAD FIAYYAZ SERVICE PROVIDER,X BLOCK PEOPLES COLONY NEAR ALLIED SCHOOL C/O UNILEVER PAKISTAN LTD,KHANEWAL,01-JUL-17,D
1710,BSA00567,KC001,MUHAMMAD SADIQ SERVICE PROVIDER,CHAK NO 88/10R C/O UNILEVER ,KHANEWAL,01-JAN-18,D
1711,BOA03519, 000,MUHAMMAD SHABIR AND SONS CONTRACTOR,CHAK NO 88-A 10/R KHANEWAL ,KHANEWAL,01-JUL-22,D
1712,KCA00043, 000,MUKHTAR COTTON FACTORY,KABIRWALA ROAD ,MULTAN,01-OCT-08,D
1713,AAB00137,KC062,MULLER & PHIPPS PAKISTAN PVT LTD,MADINA PLAZA HAIBIT KOT NEAR RAILWAY PHATAK ,KHANEWAL,01-JUL-15,D
1714,BOA03214, 000,MULTAN CONSTRUCTION SERVICES PVT LTD,"OFFICE NO 30-A, 1ST FLOOR COMMERCIAL MARKET,WAPDA TOWN PHASE 1",MULTAN,01-MAY-19,D
1715,KCB00039, 000,MULTAN FEEDS,23-KM KWL-MTN ROAD NEAR PUL RANGO KABIRWALA ,KANEWAL,01-FEB-06,D
1716,KCA00130, 000,MUMTAZ SONS INDUSTRIES (X PRIME FIBRE GINING OIL ),5-K.M. KABIRWALA ROAD NEAR ADHIWALA KHANEWAL,KHANEWAL,06-NOV-12,D
1717,KCB00130, 000,MUNAWAR FOOD INDUSTRIES,KABIRWALA ROAD 5. KASI NEAR HIGH SCHOOL BOYS ,KABIRWALA,01-DEC-24,D
1718,KCA00231, 000,MUNICIPAL COMMITTEE MIAN CHANNU,MIAN CHANNU DISTRICT KHANEWAL,MIAN CHUNNU,07-MAY-23,D
1719,KCA00082, 000,MUSHTARKA NIAZI PETROLEUM SERVICES (PSO),ADDA MEHER SHAH JAHANIA ROAD,KHANEWAL,01-JUL-08,D
1720,BOA01785, 000,MUSLIM COLLEGE OF COMERCE,CIVIL LINE KWL,MULTAN,01-JAN-11,D
1721,KCA00054, 000,N N CNG,NIAZI CHOWK LAHORE MULTAN ROAD,KHANEWAL,01-JUL-09,D
1722,KCB00068, 000,NADIR FILLING STATION,MARI SAHU JHANG ROAD,KABIRWALA,01-JUL-08,D
1723,KCA00120, 000,NAMAT KADA HOTLE,PARANI SABZI MANDI KHANEWAL,MULTAN,01-JUL-08,D
1724,BOE00004, 000,NASCO INDUSTRIES-2 EX RANDHAWA INDUSTRIES LTD,JAHANIA DISTT KHANEWAL ,MULTAN,01-DEC-76,D
1725,KCA00083, 000,NASIM PETROLEUM SERVICES,CHAK 79/10 R PIRO WAL,KHANEWAL,01-JUL-08,D
1726,KCB00078, 000,NASIR FILLING STATION,JHANG ROAD HAJI DAWANA KOT ISLAM,KABIRWALA,01-SEP-10,D
1727,KCA00143, 000,NAVEED CONSTRUCTION CO.,CONTRACTOR C/O NESTLEY KWL.ROAD KHANEWAL,KHANEWAL,01-JUL-11,D
1728,KCC00077, 000,NAWAB CNG,GT ROAD ,KANEWAL,01-JUL-08,D
1729,KCA00020, 000,NAWAB DIN AND SONS service provider,CHAK NO 88-A/10-R ,MULTAN,01-JAN-91,D
1730,KCD00019, 000,NEMAT FLOUR MILLS,112/10R MULTAN ROAD JAHANIAN,KHANEWAL,01-JUL-09,D
1731,BIA01347,KC027,NESTLE AGRICULTURAL SERVICES KABIRWALA,MILK COLLECTION NESTLE AGRICUTRUL SERVICES KABIRWALA DISTRICT KHANEWAL,KHANEWAL,01-FEB-19,D
1732,KCC00114, 000,NEW JOYA OIL MILLS,GT ROAD MIAN CHANNU,MIAN CHUNNU,01-JUL-14,D
1733,KCA00090, 000,NEW NIAZI PETROLEUM SREVICES,JAHANIA ROAD,KHANEWAL,01-JUL-08,D
1734,KCB00109, 000,NEW SALEEM ZARI INDUSTRIES,LAHORE ROAD MIAN CHANNU,MIAN CHUNNU,02-MAR-15,D
1735,KCA00091, 000,NEW SHAWAL PETROLEUM SREVICES,LAHORE ROAD PIROWAL ,KHANEWAL,01-JUL-08,D
1736,KCA00102, 000,NEW VIRDAG FILLING STATION,BASTI BAHAWALPUR JHANG ROAD,KHANEWAL,01-JUL-08,D
1737,BOE00099, 000,NIAZ COLD STORAGE,CHAK 15/8-B MIAN CHUNNU,KHANEWAL,01-JUL-12,D
1738,KCA00092, 000,NIAZI PETROLEUM SREVICES,PIROWAL,KHANEWAL,01-JUL-08,D
1739,KCC00084, 000,NIGHT BRIDGE HOTEL,BY PASS MIAN CHANNU,MIAN CHUNNU,01-SEP-09,D
1740,BKA01753,KC001,NIMIR CHEMCOATS LIMITED ,C/O NESTLE KABIRWLA,KANEWAL,01-JUL-23,D
1741,BOA02899, 000,NISAR PETROLEUM SERVICE,"NEAR PUL RANGO,QADIRPUR RAWAN BY PASS, 25- KM KHANEWAL ROAD, MULTAN",MULTAN,01-JUL-17,D
1742,KCA00059, 000,NISHAN E HAIDER PETROLEUM SERVICES,CHAK 88/10-R JAHANIAN BY PASS,KHANEWAL,01-JAN-10,D
1743,BOE00050, 000,NISHAT COTTON GINNING & PESSING & OIL MILLS,NEAR CHAH NIAZIWALA SHAMKOT ROAD KHANEWAL ,MULTAN,01-SEP-87,D
1744,KCA00035, 000,NISHAT FLOUR MILLS,SHAM KOT ROAD ,MULTAN,01-JUL-04,D
1745,KCA00210, 000,NOOR MEHAL RESTUARANT,MUSA VIRK MIANCHANNU,KHANEWAL,01-AUG-20,D
1746,BOD00021, 000,Nestle Kabirwala Factory,KHANEWAL ROAD ,KABIRWALA,01-JAN-84,D
1747,BKA00220,KC001,OLYMPIA POULTRY BREEDERS PVT LTD,NEAR MAHSOOD PET PIROWAL DIST KWL  ,MULTAN,01-JAN-96,D
1748,KCB00107, 000,ORION COTTON AND OIL MILLS,KHANEWAL ROAD KABIRWALA,KABIRWALA,01-JUL-14,D
1749,KCC00012, 000,OSWAH WOOLLEN PVT LTD,G.T. ROAD MIANCHANNU ,MULTAN,01-NOV-93,D
1750,KCB00128, 000,OWAIS FOODS,PUL RANGO KUKKUR HATTA ROAD NEAR SABIR HATCHERY PUL RANGO TEH KABIR WALA,KABIRWALA,01-JUN-19,D
1751,KCA00119, 000,PAK CHINA HOTLE,GAPPY CHOWK KHANEWAL,MULTAN,01-JUL-08,D
1752,KCB00123, 000,PAK EMIRATES INTERNATIONAL,C/O FAUJI KABIRWALA POWER CHEPERHATTA,KABIRWALA,01-AUG-18,D
1753,KCA00062, 000,PAK HAZARA VERDUG PETROLEUM SERVICES,JAHANIAN ROAD ADDA MEHER SHAH,KHANEWAL,01-JAN-10,D
1754,KCB00076, 000,PAKISTAN PETROLEUM SERVICES (KABIRWALA P/S),MULTAN ROAD,KABIRWALA,01-JUL-08,D
1755,KCA00243, 000,PASHA RESTAURANT & BAR B Q,NEAR SHAM KOT 8 KASI MULTAN ROAD ,KHANEWAL,01-APR-25,D
1756,KCA00216, 000,PIFFERS SECURITY SERVICES PVT LTD,"OFFICE #03, 2ND FLOOR CITY TOWER CHUNGI NO.9 LARIES COLONY BOSAN ROAD MULTAN C/O NESTLE",KABIRWALA,01-MAY-23,D
1757,KCB00025, 000,PIR KABIR FLOUR MILLS,MOLLA PUR MULTAN ROAD KABIRWALA ,MULTAN,01-JAN-98,D
1758,BOA03577, 000,PIROWAL TRUCKING STATION,PIROWAL KHANEWAL,KHANEWAL,01-JAN-22,D
1759,KCA00152, 000,POLCRETE SPUN LIMITED,89-15/L TEHSIL MIAN CHANNU,KHANEWAL,01-SEP-12,D
1760,KCC00062, 000,POLYTECHNIC TRAINING INSTITUTE W,MUSA VIRK G.T.ROAD ,MULTAN,01-JAN-95,D
1761,KCC00079, 000,PREMIUM ENGINEERING WORKS,5-KM LAHORE ROAD,MIAN CHUNNU,01-JUN-09,D
1762,KCB00125, 000,PUBLIC FUELS ( PVT ) LTD,KHA;LIQABAD ROAD SIKANDARABAD MAKHDOOM PUR KHANEWAL,KHANEWAL,01-JAN-19,D
1763,KCA00113, 000,PUNJAB COLLEGE,LAHORE MORE KHANMEWAL,KHANEWAL,01-DEC-10,D
1764,KCD00042, 000,PUNJAB COLLEGE ,1-K M CANAL ROAD JAHANIAN,KHANEWAL,01-SEP-14,D
1765,KCB00117, 000,PUNJAB COLLEGE ABDUL HAKIM,1KM KACHA KHO ROAD ABDUL HAKIM,ABDUL HAKIM,01-APR-17,D
1766,KCC00111, 000,PUNJAB COLLEGE MIAN CHANNU ( BOYS& GIRLS),NEAR NEW BODLA HOUSE GT ROAD MULTAN,MIAN CHUNNU,01-AUG-12,D
1767,KCB00116, 000,PUNJAB GROUP OF COLLEGES KABIRWALA,CHUNGI#05 JHANG ROAD KABIRWALA,KABIRWALA,01-AUG-17,D
1768,KCA00173, 000,PUNJAB INSTITUTE OF BUSINESS EDUCATION,13-W PEOPLES COLONY,KHANEWAL,01-JUL-17,D
1769,KCD00005, 000,PUNJAB OIL MILLS,SUPER JHANIA DISTT KHANEWAL ,MULTAN,01-OCT-93,D
1770,KCA00060, 000,PUNJAB PETROLEUM SERVICES,TEHSIL CHOWK,KHANEWAL,01-JAN-10,D
1771,BIB01134,KC011,PUNJAB RURAL SUPPORT PROGRAMME,H.NO.21 Z-BLOCK PEOPLES COLONY ,KANEWAL,01-APR-04,D
1772,KCA00026, 000,Presto distribution,ADJACENT TO UNILEVER TEA FACTORY CHAK 88-A/10-R ,KHANEWAL,11-FEB-00,D
1773,KCA00005, 000,QADEER BAKERY AND PROVISIONAL STORE,SIRSYED ROAD BLOCK NO 11 ,MULTAN,01-NOV-93,D
1774,KCA00084, 000,QAISER FILLING STATION (PSO),NIAZI CHOWK,KHANEWAL,01-JUL-08,D
1775,KCA00085, 000,QALANDER KIBRIYA HOTEL,LAHORE ROAD PIRO WAL KHANAWAL,KHANEWAL,01-OCT-10,D
1776,BOE00116, 000,QASER E LATIF (RESTURENT AND MARRIAGE HALL),NEAR QURESHI TEXTILE MILLS G T ROAD MIAN CHANUU,MIAN CHUNNU,01-JUL-16,D
1777,KCC00007, 000,QASUR TEXTILE MILLS PVT LIMITED,MIAN CHANNU MULTAN ,MULTAN,01-JAN-93,D
1778,KCA00098, 000,QUAID E AZAM INSTITUTE OF TECHNOLOGY,PLAZA CHOWK SANGLAN WALA,KHANEWAL,01-SEP-10,D
1779,KCD00035, 000,QUEEN MARRY HIGH SCHOOL,JAHANIA,KHANEWAL,01-JUL-08,D
1780,KCA00244, 000,QUETTA SHUNWARI HOTEL & RESTAURANT ,NEAR TOLL PLAZA PIROWAL LAHORE ROAD KHANEWAL,KHANEWAL,01-AUG-25,D
1781,BOE00011, 000,QURESHI COTTON FACTORY CTC,LAHORE ROAD MIAN CHANNU KHANEWAL ...,MULTAN,01-DEC-76,D
1782,BIA00981,BO001,QURESHI TEXTILE MILLS LTD,MULTAN ROAD MIAN CHANNO ,MULTAN,01-NOV-80,D
1783,BOE00002, 000,R.C.A LTD HO KHANEWAL  ,CIVIL LINES KHANEWAL ... ...,MULTAN,01-JUL-76,D
1784,BOA01828, 000,RAB NAWAZ OIL MILL,MAKHDOOM PUR ROAD KABIR WALA,KABIRWALA,01-OCT-12,D
1785,BOD00016, 000,RABBANIA COTTON GINNING PRESSING FACT.,SARAI SIDHU ROAD BAGHAR SARGANA TEHSIL KABIRWALA. ,MULTAN,01-NOV-82,D
1786,BOA03504, 000,RAFI ABDULLAH FLOUR MILL,3-KM KACHA KHUH ABDUL HAKEEM ROAD KHANEWAL,KHANEWAL,08-FEB-22,D
1787,BIA01991,KC095,"RAFUM RETAIL PVT LTD. (BORJAN SHOE STORE)	",RAIL BAZAR MIAN CHANNU,MIAN CHUNNU,01-APR-25,D
1788,BOD00037, 000,RAMZAN AND SONS PVT LTD,CAMP OFFICE TULAMBA ROAD ABDUL HAKEEM,KHANEWAL,01-OCT-15,D
1789,BOE00090, 000,RAMZAN COLD STORAGE,16/15-L ARAIN WALI MIAN CHUNNU,KHANEWAL,01-JUL-12,D
1790,KCC00032, 000,RAMZAN FLOUR MILLS,MUSAVIRK MIANCHANNU ,MULTAN,01-JUL-92,D
1791,KCC00069, 000,RANA BROTHERS COTTON & OIL MILLS, 133/16-L G T ROAD MIAN CHANUU,KANEWAL,01-APR-06,D
1792,KCA00160, 000,RANA ELECTRIC AND COOLING CENENTER,C/O NESTLE PAKISTAN,MULTAN,01-SEP-15,D
1793,KCB00110, 000,RANA ELECTRIC COOLING CENTER,C/O NESTLE KABIRWALA,KHANEWAL,01-SEP-15,D
1794,BOE00070, 000,RANA MUHAMMAD KHAN AND CO,MIAN G T ROAD   MOHSINWALA ,MIAN CHUNNU,01-OCT-88,D
1795,BOE00095, 000,RANA USMAN COLD STORAGE,LAHORE ROAD MIAN CHUNNU,KHANEWAL,01-JUL-12,D
1796,KCD00027, 000,RANDHAWA SUMANDERI FAISAL ABAD FILLING STATION,BY PASS NEAR ZAFFAR ULLAH CHOWK KWL RD. JAHANIAN,KHANEWAL,01-SEP-09,D
1797,KCB00100, 000,RAO BROTHER COTTON G/P OIL MILL,MAKHDOMPUR ROAD KABIRWALA,KABIRWALA,01-OCT-13,D
1798,KCB00051, 000,RASHID BROTHERS ENGINEERING SERVICES,450MW ROUSCH POWER PLANT ABDUL HAKIM-58180,ABDUL HAKIM,01-JAN-08,D
1799,BOA03559, 000,RASHID FLOUR MILLS,INDUSTRIAL ESTATE JAHANIAN ROAG ,KHANEWAL,01-JUL-21,D
1800,KCB00095, 000,RASHID OIL MILLS,KHANEWAL ROAD KABIRWALA,KABIRWALA,01-OCT-12,D
1801,KCB00089, 000,RATHORE LOGISTICS,6-KM KHANEWAL PETROLEUM NEAR AL-JADEED HATCHERY,KABIRWALA,01-JAN-12,D
1802,KCB00072, 000,RAVI RESTUARANT,JHANG ROAD HAJI DEWAN,KABIRWALA,01-OCT-10,D
1803,KCD00032, 000,RAVI RICE MILLS,JHANG ROAD PUL-14,KABIRWALA,,D
1804,BOD00032, 000,RAZA RICE AND GENERAL MILLS (PVT) LTD,MULTAN ROAD 5 kassi KABIRWALA ,KABIRWALA,01-NOV-88,D
1805,BOE00069, 000,REHMAN COTTON FACTORY AND OL MILLS(pEARLCOTTON),JHANIA ROAD ,MULTAN,01-OCT-88,D
1806,BOD00026, 000,REHMAN COTTON GINNING PRESSING FACTORY,JANGLE DERAWALA TULUMBA DISTT KHANEWAL ...,MULTAN,01-OCT-87,D
1807,KCD00014, 000,REHMAN FIBRE,OPP. RAILWAY STATION JAHANIA ,MULTAN,01-APR-03,D
1808,BOE00091, 000,REHMAT COLD STORAGE,30 CHAK FAISAL TOWN MIAN CHUNNU,KHANEWAL,01-JUL-12,D
1809,KCB00046, 000,REHMAT FLOUR and general MILLS (PVT) Ltd,5-KASSI  KABIR WALA ROADIRWALA,KABIRWALA,01-JUL-07,D
1810,KCC00115, 000,REHMATULLAH DOGAR,BORYWALA ROAD,MIAN CHUNNU,01-JAN-15,D
1811,KCA00149, 000,RESHAM COTTON G.P. FACTORY,CHAK NO. 4/8-AR TEHSIL MIANCHANNU,KHANEWAL,01-JUL-14,D
1812,KCA00016, 000,RIAZ AHMED AND BROTHERS SERVICE PROVIDER,CHAK NO 88-A/10-R ,KHANEWAL,01-JAN-91,D
1813,BOA02045, 000,RIAZ BUILDIND PAINTS,BASTI ALLAHABAD KABIRWALA,KABIRWALA,07-JUL-08,D
1814,BOE00002,BO001,ROBERTS COTTON ASSOCIATES LTD,OIL MILLS KHANEWAL ,KHANEWAL,01-JUL-76,D
1815,BOE00002,BO002,ROBERTS COTTON ASSOCIATES LTD,GINNING AND PRESSING FACTORY KHANEWAL DISTT MULTAN ,MULTAN,01-JUL-76,D
1816,BOA03204, 000,ROOMI POULTRY PVT LTD,4 KM MULTAN ROAD MASOOD NAGAR ,KABIRWALA,01-OCT-20,D
1817,KCB00022, 000,ROUSCH PAKISTAN POWER LIMITED,412 MW ROUSCH POWER PLANT ABDUL HAKIM ,MULTAN,01-SEP-96,D
1818,KCA00134, 000,RUSTAM COTTON GINNING PRESSING FACTORY,CHAK 4/8 AR,KHANEWAL,01-JUN-13,D
1819,KCB00033, 000,S ZIA-UL-HAQ SONS (Pvt) ltd c/o ROUSCH POWER,C/O ROUSH POWER PLANT ABDUL HAKEEM ,MULTAN,01-JUL-01,D
1820,BIA01921,KC020,S.A.EDUCATIONAL INSTITUTE,SHANTINAGAR ,MULTAN,01-FEB-99,D
1821,KCA00220, 000,SAAD INTERNATIONAL SCHOOL SYSTEM,NEAR 5 KASSI MULTAN ROAD PUL CHAVAN KABIRWAL,KABIRWALA,01-OCT-23,D
1822,BOD00031, 000,SABA INDUST COT GIN PRE OIL MILLS,MOUZA VEERGARH 6 KASSI TEH KABIRWALA KHANEWAL,KABIRWALA,01-NOV-88,D
1823,BOD00038, 000,SABIR OIL MILL UNIT NO. 2,BYE PASS ROAD OPPOSITE AL GHANI CNG,KHANEWAL,04-NOV-15,D
1824,KCC00102, 000,SABIR OIL MILLS,LAHORE ROAD,MIAN CHUNNU,01-JUL-08,D
1825,KCB00101, 000,SABIR'S POULTRY BREEDING FARMS,HAJIPUR KUKARHATTA ROAD MULTAN,KABIRWALA,01-SEP-13,D
1826,KCA00104, 000,SABIRS POULTRY FARM (BREEDING FARM),VILL. 107/10 R JAHANIAN ROAD,KHANEWAL,01-MAR-11,D
1827,BIB02334,KC006,SABIRS POULTRY FARM NO 4 ( PVT ) LTD,CHAK NO 27/10-R VEHARI ROAD,KHANEWAL,01-JUN-18,D
1828,KCA00155, 000,SABIRS POULTRY S.S.BLOCK,SABIRS POULTRY BREEDING FARM VILLAGE 21/10-R KACHA KHOO,KHANEWAL,01-SEP-14,D
1829,KCB00050, 000,SABIRS' POULTRY HATCHARY, KUKRA HUTA ROAD NEAR PUL RANGOO ,MULTAN,01-MAY-08,D
1830,KCC00107, 000,SADIQ COTTON IND (MUZAMAL FIBER),1/2 KILOMETER MUSA VERK MIAN CHANNU,MIAN CHUNNU,01-NOV-12,D
1831,KCC00101, 000,SADIQ FILLING STATION,TULAMBA,MIAN CHUNNU,01-JAN-11,D
1832,BOA02048, 000,SADIQ SONS COLD STORAGE,TULAMBA RD MIAN CHANU,KHANEWAL,01-JAN-13,D
1833,BOE00097, 000,SADdique NAYAB COLD STORAGE,15-L LAHORE ROAD MIAN CHUNNU,KHANEWAL,01-JUL-12,D
1834,KCA00146, 000,SAEED COTTON GINNERS,7-K.M. GARAH MORE ROAD KHANEWAL,KHANEWAL,01-JUL-14,D
1835,BOE00062, 000,SAEED OIL MILLS,SUPER HIGH WAY KHANEWAL ROAD JAHANIA DISTT KHANEWAL,MULTAN,01-NOV-88,D
1836,KCD00022, 000,SAEED PETROLEUM SERVICES,JAHANIAN BY PASS JAHANIAN,KHANEWAL,01-JAN-10,D
1837,KCA00086, 000,SAFDAR PETROLEUM SERVICES,PIROWAL,KHANEWAL,01-JUL-08,D
1838,KCA00105, 000,SAGHIR PETROLEUM SERVICE,23/10 R KACHA KHOH,KHANEWAL,01-JAN-11,D
1839,KCB00044, 000,SAJJAD ALI AND SONS,NESTLE KABIRWALA FACTORY ,KANEWAL,01-MAR-07,D
1840,BOE00089, 000,SAKHI COLD STORAGE,TABLEEGHI MARKAZ BY PASS MIAN CHUNNU,KHANEWAL,01-JUL-12,D
1841,KCA00106, 000,SALAM INN HOTEL,BY PASS MIAN CHANNU,KHANEWAL,01-APR-11,D
1842,KCC00125, 000,SAMI STEEL WORKS ,LUKAN WALA ROAD G.T ROAD MIAN CHANNU,MIAN CHUNNU,01-MAR-19,D
1843,KCB00062, 000,SANGA PETROLEUM SERVICES,MULTAN ROAD,KABIRWALA,01-JAN-10,D
1844,BOE00107, 000,SARDAR COLD STORAGE,SMALL INDUSTRIAL ESTATE MIAN CHUNNU,KHANEWAL,01-JUL-12,D
1845,KCA00025, 000,SEED PROCESSING PLANT,CHAK NO 80/10-R PEEROWAL ,KHANEWAL,01-OCT-78,D
1846,KCC00051, 000,SEHAR BOARDS PVT LTD, MUSA VIRK OFF G T ROAD MIAN CHANUU,MULTAN,20-JUN-01,D
1847,KCC00092, 000,SEVEN STAR PETROLEUM SREVICES PSO,CHAK 135-16-L,MIAN CHUNNU,01-JUL-08,D
1848,KCD00013, 000,SEYAL OIL MILLS,MAILSI ROAD ,MULTAN,20-SEP-00,D
1849,KCB00053, 000,SFA INDUSTRIES PVT LTD,5-KASSI MULTAN RD. ,KANEWAL,01-AUG-07,D
1850,BOE00106, 000,SH. ZAHOOR AKBAR COLD STORAGE ( MUSTAFA COLD),SMALL INDUSTRIAL ESTATE MIAN CHUNNU,MIAN CHUNNU,01-JUL-12,D
1851,BOE00123, 000,SHABBIR PROTEIN FARM UNIT#2,MOUZA BANGALWALA SHARQI NEAR PULL RANG KABIRWALA KHANEWAL,KANEWAL,01-SEP-21,D
1852,BOE00124, 000,SHABBIR PROTEIN FARM UNIT#3,KOHIWALA AQIB HUSSAIN MILL KHANEWAL,KANEWAL,01-OCT-21,D
1853,KCA00164, 000,SHAH TAJ RICE MILLS(LAESE Heaven rice INDUSTRY)  ,8- KASSI CHOWK KWL ROAD ,KABIRWALA,01-JUL-16,D
1854,KCD00028, 000,SHAHBAZ PETROLEUM SERVICES ,CHAK 109/10-R JAHANIAN,KHANEWAL,01-SEP-09,D
1855,BOA01783, 000,SHAHBAZ QALANDERI,FAMILY HALL (JAHANIA),MULTAN,01-JUL-08,D
1856,KCD00038, 000,SHAHEEN MODEL SCI. SCHOOL,JAHANIA CITY,KHANEWAL,01-JUL-08,D
1857,KCA00049, 000,SHAHID COTTON GINNING PRESSING FACTORY,3-KM KABIR WALA ROAD,KHANEWAL,01-SEP-09,D
1858,BGA01008,KC004,SHAKARGANJ FOOD PRODUCTS LTD,G T ROAD MAINCHANNU C/O 4 KM LAHORE ROAD JARANWALA,KHANEWAL,01-MAY-18,D
1859,KCA00116, 000,SHALIMAR PIPE FACTORY,JHANAIAN ROAD,KHANEWAL,01-JUL-08,D
1860,KCA00061, 000,SHAN E AWAN (PSO),CHAK 166/10-R MEHER SHAH,KHANEWAL,01-JAN-10,D
1861,KCA00232, 000,SHAN REAL ESTATE,NEAR LAHORE MOR SHAMKOT,KHANEWAL,01-JUL-23,D
1862,KCA00034, 000,SHANGRILA BAKERS,BLOCK NO.7 JAMIA INAYATIA ROAD ,KANEWAL,15-JUL-02,D
1863,KCC00005, 000,SHARIF COTTON INDUSTRIES,MULTAN ROAD MUSA WARK MIAN CHANNU ,MULTAN,03-DEC-92,D
1864,KCC00006, 000,SHARIF FABRICS (PVT) LTD.,MULTAN ROAD MIANCHANNU ,MULTAN,01-JAN-93,D
1865,BOD00043, 000,SHEIKH ABDUR RAZZAQ & COMPANY(SARCO),NIAZI CHOWK ,KHANEWAL,01-SEP-17,D
1866,KCB00065, 000,SHEIKH KHALID MEHMOOD SONS,OLD LARI ADDA MULTAN ROAD,KABIRWALA,01-JUL-08,D
1867,KCB00073, 000,SHELL AL MEHMOOD FILLING STATION,NEW GENERAL BUS STAND JHANG ROAD,KABIRWALA,01-JAN-11,D
1868,KCD00029, 000,SHELL JAHANIAN FILLING STATION,BY PASS JAHANIAN MANDI,KHANEWAL,01-SEP-09,D
1869,KCC00056, 000,SHER BAKHT SODA WATER,PLOT 14-A BLOCK-4 S. I. ESTATE MOUZA VIRK ,MULTAN,01-MAY-04,D
1870,BOE00053, 000,SHIEKH INDUS COTTON GINNING & PRESSING FACTRY,TULUMBA CHANNU ROAD PULL GHRAT TEH MIAN CHANNU DISTT KHANEWAL,MULTAN,01-OCT-87,D
1871,KCB00085, 000,SHOUKAT HUSSAIN HIGH SCHOOL,KOKAR HATTA,KABIRWALA,01-JUL-08,D
1872,KCA00169, 000,SIDHU TRAVELS SERVICES PVT LTD,"C/O NESTLE KABIRWALA, KABIRWALA",KABIRWALA,01-SEP-17,D
1873,BOD00041, 000,SILVER FIBER COTTON,177/10-R ,KHANEWAL,01-JUL-17,D
1874,KCA00182, 000,SIMS PHARMA,269-GULBERG KHANEWAL,KHANEWAL,01-SEP-17,D
1875,KCD00033, 000,SINGER PAK.LTD.,MULTAN ROAD JAHANIA,KHANEWAL,01-JUL-08,D
1876,KCA00072, 000,SITARA E HILAL FILLING STATION TOTAL,CHAK 79/10 R PIRO WAL,KHANEWAL,01-MAY-10,D
1877,KCA00004, 000,SOHAIL AAMIR INDUSTRIES PVT LTD.,KABIRWALA ROAD KHANEWAL ,MULTAN,15-NOV-92,D
1878,BOA02041, 000,SOHAIL SHEZAD RICE MILLS,GT RD MIAN CHANUU,KHANEWAL,01-SEP-12,D
1879,KCC00057, 000,SPINTEX ENTERPRISES (UNIT-II),G.T ROAD ,MULTAN,01-JUN-03,D
1880,KCA00230, 000,ST JOSEPH CONVENT GIRLS HIGH SACHOOL,CHAK NO 133/16.L AMRAT NAGAR MIAN CHANNU,MIAN CHUNNU,01-MAY-24,D
1881,BOA03561, 000,STAR PROTEIN FARMS,QASIM BAGH NEAR SHAMKOT INTERCHANGE ,KHANEWAL,01-OCT-22,D
1882,KCA00171, 000,STYLO FRANCHISE Khanewal,JAMIA MASJID ROAD HUSSAIN PLAZA NEAR BANK ALHABIB KHANEWAL,KANEWAL,01-JUL-16,D
1883,KCC00123, 000,STYLO FRANCHISE MIAN CHANNU,FATIMA ENTERPRISES G.T ROAD THANA CHOWK MOTI BAZAR MIAN CHANNU,MIAN CHUNNU,01-JUL-16,D
1884,KCA00239, 000,STYLO FRANCHISE-COLLEGE ROAD KHANEAL,KHANEWAL,KHANEWAL,03-OCT-24,D
1885,BOA03553, 000,STYLO FRANCHISE-MIANCHANNU,NISHTAR ROAD PLOT 11 BLOCK 6 ,MIAN CHUNNU,01-OCT-22,D
1886,BOE00038, 000,SUHAIL SHAHZAD OIL MILLS,LAHORE ROAD MIAN CHANNU DISTT KHANEWAL ,MULTAN,01-NOV-86,D
1887,KCA00087, 000,SUPER SARHAD PETROLEUM SERVICES,NEAR UNI LEVER,KHANEWAL,01-JUL-08,D
1888,BOA03547, 000,SUPERIOR COLLEGE ABDUL HAKIM,08 KM PULL BAGAR ROAD ABDUL KAEEM KHANEWAL,MULTAN,01-OCT-22,D
1889,BOA03502, 000,SUPERIOR COLLEGE JAHANIAN,CANAL ROAD JAHANIAN DISTT KHANEWAL,KHANEWAL,01-JAN-22,D
1890,KCA00234, 000,SUPERIOR COLLEGE KABIRWALA,OPPOSITE THQ HOSPITAL KABIRWALA,KABIRWALA,01-JUL-22,D
1891,KCA00194, 000,SUPERIOR COLLEGE KHANEWAL,OLD KHANEWAL ROAD OPPOSITE ATTOCK PETROL,KHANEWAL,01-AUG-18,D
1892,KCB00086, 000,SUPERIOR COLLEGE OF TECHNOLOGY,MULTAN ROAD,KABIRWALA,01-JUL-08,D
1893,KCA00128, 000,SUPERIOR SCIENCE SCHOOL & C,CIVIL LINES KHANEWAL,KHANEWAL,01-JAN-11,D
1894,BOD00042, 000,SUZUKI KHANEWAL MOTORS,ABDUL GHAFOOR KHAN DAKA ROAD,KHANEWAL,01-OCT-15,D
1895,KCC00124, 000,SUZUKI MIAN CHANNU MOTORS,OPPOSITE REHMAN CITY BYPASS MIAN CHANNU,MIAN CHUNNU,01-JUL-18,D
1896,AAC01131,BO015,T C S OFFICE PHOTOGRAPHER ROAD,T C H OFFICE PHOTOGRAPHER ROAD OPP TOWN HALL KHANEWAL,MULTAN,01-SEP-86,D
1897,KCC00061, 000,TAHIR OIL MILLS,JANDIALI ROAD ,MULTAN,30-SEP-05,D
1898,KCC00038, 000,TAHIR OIL MILLS,COLLEGE ROAD MIANCHANNU ,MULTAN,01-NOV-96,D
1899,BOA03211, 000,TAJ RICE MILLS,ITEFAQ RICE TRADERS GHALA MANDI MIANCHANNU,MIAN CHUNNU,01-JUL-20,D
1900,KCA00218, 000,TAJ-73 MOHSINWAL,GT ROAD MOHSINWAL,MIAN CHUNNU,01-APR-23,D
1901,KCB00112, 000,TAMEER CONSTRUCTION COMAPNY,157 GULBERG KHANEWAL,KANEWAL,01-JAN-16,D
1902,BOE00093, 000,TARIQ COLD STORAGE,G.T ROAD MIAN CHUNNU,KHANEWAL,01-JUL-12,D
1903,BOA03237, 000,TCC CONSTRUCTION C/O JK SUGAR MILLS PVT LTD,JK SUGAR MILLS PVT LTD CHACK 84/15 L ,MIAN CHUNNU,08-APR-18,D
1904,AAC01131,BO016,TCS  (PVT) LTD,G.T. ROAD NEAR HBL BANK  MIAN CHANNU. ,MIAN CHUNNU,01-SEP-86,D
1905,BOA02529, 000,TELENOR FRANCHISE JAHANIAN,A R WAHALA TRUST BUILDING MULTAN ROAD ,JAHANIAN,01-AUG-16,D
1906,KCA00024, 000,THAKAR OIL MILLS,SEED CORPORATION ROAD PEEROWAL ,MULTAN,01-OCT-96,D
1907,AAF01466,BO039,THE CITIZEN FOUNDATION SCHOOLS (KHANEWAL),KHANEWAL,MULTAN,01-JUL-15,D
1908,AAC01467,KC026,THE CITY SCHOOL PVT LTD,1A/1B IRSHAD COLONY NEAR PEOPLE COLONY ,KHANEWAL,01-OCT-99,D
1909,KCD00036, 000,THE EDUCATOR SCHOOL,RAILWAY ROAD JAHANIA,KHANEWAL,01-JUL-08,D
1910,KCB00087, 000,THE EDUCATORS,CITY GATE,KABIRWALA,01-JUL-08,D
1911,KCA00179, 000,THE EDUCATORS GROUP OF COLLEGES,6/2 CIVIL LINES KHANEWAL,KHANEWAL,01-JUL-16,D
1912,BIB02181,BO002,THE ERECTOR ESTABLISHMENT,pLOT 99 Sundar Industrial Estate Riawind Road Lahore,LAHORE,01-JUL-12,D
1913,KCA00180, 000,THE FALCON CAMBRIDGE SCHOOL EHSAN CAMPUS,9/B BLOCK-Z PEOPLES COLONY KHANEWAL,KHANEWAL,14-AUG-16,D
1914,KCA00168, 000,THE GARDERNERS,OFFICE NO. 1724. 1ST FLOOR MADINA MARKET NEAR AZIZ HOTEL SHER SHAH ROAD,MULTAN,01-JUN-17,D
1915,KCA00174, 000,THE HAWK HIGHER SECONDARY SCHOOL,42-W PEOPLES COLONY KHANEWAL,KHANEWAL,01-JUL-15,D
1916,AAE00130,BO015,THE IBL NET WORK,HOUSE NO 42 STREET NO 1 BLOCK Z PEOPLES COLONY ,MULTAN,01-JUL-00,D
1917,KCA00172, 000,THE MESSAGE GRAMMER SCHOOL,27-W PEOPLES COLONY KHANEWAL,KHANEWAL,01-MAR-18,D
1918,BIA01921,KC021,THE S. A. TIBBA COACHING CENTRE,TIBBA COLONY 72/10-R SHANTINAGAR ,MULTAN,01-JUL-01,D
1919,BIA01921,KC018,THE SALVATION ARMY B.H.U.,CHAK SHAHANA ROAD CIVIL LINES ,MULTAN,01-FEB-99,D
1920,BOA01779, 000,THE SCHOLAR SCHOOL,NEAR EIDGAH KABIRWALA,MULTAN,01-JAN-11,D
1921,KCA00213, 000,THE SOURCING SPHERE (PVT) LTD,"MULTAN BY PASS ROAD 6 KASI STOP NEAR MAHANI SEYAL, KHANEWAL",KHANEWAL,01-JAN-22,D
1922,KCA00175, 000,THE SPIRIT SCHOOL,AWAN BUILDING AWAN CHOWK KHANEWAL,KHANEWAL,01-JUL-15,D
1923,BOA02049, 000,THREE BROTHERS COLD STORAGE,133/16-L MAIN GT RD MOHSINWALA,ABBASPUR,01-JUN-12,D
1924,KCB00119, 000,TWT ENGINEERING ROUSCH POWE PLANT ABDUL HAKEEM,C/O ROUSCH POWER PLANT ABDUL HAKEEM KABIR WALA,ABDUL HAKIM,01-APR-18,D
1925,KCA00165, 000,U K BABA HOTEL AND RESTURENT,08- KASSI MIAN KWL ROAD KABIRWALA ,KABIRWALA,01-JUL-16,D
1926,BOE00109, 000,UMAIR ARSHAD COLD STORAGE,G T RAOD MIAN CHUNNU,KHANEWAL,01-JUL-12,D
1927,KCC00108, 000,UMAIR SHARIF COTTON INDUSTRIES,MUSA VIRK MIAN CHANNU,MIAN CHUNNU,01-DEC-12,D
1928,KCB00122, 000,UMER FAROOQ SWEETS BAKERS &RESTAURANT,CITY PLAZA MULTAN ROAD KABIRWALA,KABIRWALA,01-JUN-18,D
1929,KCA00208, 000,UNIQUE CHICKS AND HATCHERY,CHAK NO.137/16L KACHA KHU BY PASS,KHANEWAL,01-JAN-21,D
1930,BOE00117, 000,UNIQUE FEEDS PVT LTD ,MIAN G T ROAD KUCHA KAHOO,KHANEWAL,01-JAN-17,D
1931,KCB00111, 000,UNIQUE PAINT SERVICES,NEW BASTI ALLAH ABAD KABIRWALA ROAD ,KABIRWALA,01-JAN-16,D
1932,BBA00597,KC039,UNITED HUMAN RESOURCE SERVICES PVT LTD,KHANEWAL SERVICE AREA SOUTH BOUND COMPANY OPERATED TOWARDS MULTAN M-4 KM-38 ,KHANEWAL,05-MAR-24,D
1933,KCA00141, 000,UNITED LINKERS PVT.LTD,C/O NESTLEY KABIRWALA DAIRY KWL RD. KABIRWALA,KABIRWALA,01-MAR-13,D
1934,KCC00103, 000,UNIVERSAL CNG,MIAN CHANNU BY PASS,MIAN CHUNNU,01-JAN-10,D
1935,KCB00115, 000,UNIVERSITY COLLEGE OF MANAGEMENT & SCIENCES,1KM KABIRWALA ROAD KHANEWAL,KANEWAL,14-NOV-17,D
1936,KCC00093, 000,USAMA PETROLEUM SREVICES,G T ROAD MOHSIN WAL,MIAN CHUNNU,01-JUL-08,D
1937,KCA00187, 000,USMAN BROTHES,BLOCK NO 9 SABZI MANDI ROAD C/O UNILEVER PAKISTAN LTD,KHANEWAL,01-JAN-17,D
1938,BOE00026, 000,USMAN INDUSTRIES LTD,MUSA VIRK G.T.ROAD MIAN CHANNU TEHSIL KHANEWAL,MULTAN,01-NOV-84,D
1939,KCC00036, 000,USMAN INDUSTRY,GIRLS COLLEGE ROAD MIANCHANNU ,MULTAN,01-SEP-96,D
1940,KCD00023, 000,USMAN PETROLEUM SERVICES,CHAK 115/10 R JAHANIAN,KHANEWAL,01-JAN-10,D
1941,KCC00094, 000,USMAN PETROLEUM SREVICES,CHAK 144-15 L,MIAN CHUNNU,01-JUL-08,D
1942,FAA00087,BC046,UTILITY STORE CORPORATION,PUNJAB SMALL INDUSTRIAL ESTATE JAHANIAN ROAD KHANEWAL,KANEWAL,26-AUG-08,D
1943,BKA00335,BO003,UZAM TRADERS,"MAXIM AGRI PVT LTD 80/10-R, NEAR AHMED COTTON FACTORY,PEROWAL",KHANEWAL,01-OCT-20,D
1944,AAA00020,BO004,Unilever pakistan limited,Unilever tea factory CHAK NO 88 A 10R KHANEWAL,KHANEWAL,01-JUL-76,D
1945,KCB00077, 000,VENUS TRUCKING STATION,JHANG ROAD,KABIRWALA,01-JUL-08,D
1946,KCA00137, 000,VITAL SEED CORPORATION,VEHARI ROAD KACHA KHOH,KHANEWAL,01-JUL-13,D
1947,KCD00043, 000,WAJID FLOUR MILL,JANGLE MARIALA JAHANIAN ROAD,KHANEWAL,01-MAR-16,D
1948,KCB00129, 000,WASTE TECH SERICES JV (KABIRWALA),46 OFFICERS COLONY KABIR WALA,KABIRWALA,01-MAR-25,D
1949,KCA00224, 000,WRACKLER.PVT.LTD C/O NESTLE KABIRWALA,"B-14 BUKHARI TOWN, BLOCK 10A GULSHAN-E-IQBAL KARACHI",KHANEWAL,01-MAR-24,D
1950,KCA00166, 000,XINJIANG BEIXIN ROAD & BRIDGE GROUP CO LTD,"10 KM KABIRWALA -MAKHDOMPUR ROAD ALI PUR, KABIRWALA",KABIRWALA,01-FEB-17,D
1951,KCA00030, 000,YAMIN GOLDEN NIMKO,COLONY NO 1 CHOWK FAROOQ AZAM  OPPOSITE SPECIAL FOUNDATION SCHOOL,KANEWAL,01-JAN-02,D
1952,KCA00117, 000,YELLOW SOAP FACTORY,JAHANIA RD KWL,MULTAN,01-JUL-08,D
1953,KCA00011, 000,YOUNG SCHOLARS PUBLIC SCHOOL,5-Z PEOPLES COLONY ,MULTAN,01-JAN-94,D
1954,KCC00059, 000,YOUSAF COTTON FACTORY,G. T. ROAD MUSA VIRK ,MULTAN,05-SEP-04,D
1955,KCD00024, 000,YOUSUF PETROLEUM SERVICES,BY PASS ROAD JAHANIAN,KHANEWAL,01-JAN-10,D
1956,KCA00022, 000,ZAFFAR BROTHERS COTTON GINNIG AND OIL MILLS,KHANAWAL ROAD KABIR WALA ,MULTAN,01-SEP-95,D
1957,BOE00066, 000,ZAHID SADIQ COTTON IND(MUBARAK ENTER),TULAMBA ROAD ,MIAN CHUNNU,01-DEC-88,D
1958,BOA03505, 000,ZAIB HOTEL & MARRIAGE HALL,BY PASS MIAN CHANNU,KHANEWAL,01-NOV-21,D
1959,KCB00088, 000,ZAKARIA PUBLIC SCHOOL,KUKAR HATTA ROAD,KABIRWALA,01-JUL-08,D
1960,KCA00202, 000,ZERO WASTE (PVT) LTD,NEAR NAVEED MUSHTAQ PETROLEUM,KHANEWAL,01-APR-19,D
1961,AAF00451,KC034,ZIMS SECURITY ( PVT ) LTD,"ZIMS Security office, Multan",KHANEWAL,15-NOV-18,D
1962,BOE00072, 000,Zulifqaf Industries (ex tofail industries),MEHAR SHAH JAHANIA ROAD DISTT: KHANEWAL. ,JAHANIAN,01-NOV-84,D
1963,KCC00037, 000,al-BARKAT COTTON INDUSTRIES &OIL MILLS,CHAK NO 14/8 AR tulamba road mian channu,MIAN CHUNNU,01-OCT-91,D
1964,BOE00024, 000,d foundries leeser of jahania industries,KHANEWAL ROAD JAHANIA KHANEWAL ,MULTAN,28-OCT-81,D
1965,KCD00003, 000,iQBAL COTtON INDUSTRIES,CHAK NO 105/10 R JAHANIA ROAD ,MULTAN,01-DEC-94,D
1966,KCA00112, 000,mADINA INDUSTRIES GINNING & OIL MILL(EX Imran Isha,CHAK SHAHANA ROAD KHANAWAL,KHANEWAL,01-JUL-11,D
1967,KCD00007, 000,sardar oil mills ( ex Mustafa oil mill),SUPER HIGHWAY JHANIA DISST KHANEWAL ,MULTAN,01-OCT-95,D
1968,BOE00002,BO003,sohail cotton factory(es R.C.A),NEAR MAINI SEYAL  MULTAN ROAD KABIRWALA ROAD,KANEWAL,01-JUL-76,D
1969,KCB00007, 000,sonEy FOOD INDUSTry,KHANEWAL ROAD KABI RWALA. ,KABIRWALA,01-NOV-94,D
1970,BUA00279, 000, BALOCH ENTERPRISES,154/3 BLOCK G NEAR CHUNGI NO.5 VEHARI,MULTAN,01-JAN-25,E
1971,BUA00261, 000,A REHIM FOOD (PVT) LTE BUREWALA BRANCH,CHAK NO.435 MAIN TOWN ST NO.2 NEAR YAQOOBABAD PULL BUREWALA,BUREWALA,01-JUL-22,E
1972,BUC00085, 000,A S COTTON GINNING PRESSING & OIL MILLS,MULTAN ROAD GARAH MORE,VEHARI,01-OCT-08,E
1973,BUA00272, 000,AAJ ENTERPRISES (HEELS SHOES),OPPSITE PTCL EXCHANGE MULTAN ROAD BUREWALA,BUREWALA,01-MAR-25,E
1974,BUB00274, 000,AAJ ENTERPRISES(HEELS SHOES-BUREWALA,OPP PTCL EXCHANGE MULTAN ROAD BUREWALA,BUREWALA,01-MAR-25,E
1975,BUA00267, 000,ABDUL GHAFFAR GOVT CONTRACTOR (SAND CONTRACTOR),CHAK 451/EB LOT BHATTIAN BUREWALA,BUREWALA,01-SEP-24,E
1976,BUA00089, 000,ABDUL STAR ASGHAR ALI LUCKY FLOUR MILLS,BUREWALA ROAD VEHARI ,MULTAN,24-JAN-89,E
1977,BUB00241, 000,ABDULLAH PETROLEUM SERVICE,"PURANA ADDA TIBA SULTAN PUR,MAAILSI",MULTAN,01-JAN-16,E
1978,BUA00260, 000,AFAQ HIGHER SECONDARY SCHOOL,WAHADAT COLONY ROAD NEAR KHAYABAN-E-ISMAIL VEHARI,MULTAN,01-SEP-21,E
1979,BUA00250, 000,AFAQ SCHOOL,154-G VEHARI,MULTAN,01-JAN-15,E
1980,BIB03721,BO001,AGAHE PAKISTAN,"DANEWAL TOWN, VEHARI",BUREWALA,01-JUL-16,E
1981,BUC00083, 000,AHMAD AND COMPANY COTTON FACTORY,KARAM PUR ROAD ,MULTAN,15-JUL-05,E
1982,BUA00262, 000,AHMAD KAMAL PAPER INDUSTRIES PVT. LTD.,"PLOT#90, 91, INDUSTRIAL ESTATE, VEHARI",MULTAN,01-SEP-23,E
1983,BUA00108, 000,AHMED DIN FLOUR MILLS,KHANEWAL ROAD ,MULTAN,01-JAN-00,E
1984,BUA00264, 000,AIMS AG (SMC-PRIVATE) LTD,PLOT NO. 53 INDUSTERIAL ESTATE VEHARI,ABBASPUR,01-APR-24,E
1985,BUB00234, 000,AKHTAR SILAI MACHINE,DHARAM PURA MAILSI,MAILSI,01-JAN-15,E
1986,BUC00146, 000,AL - RAHIM COOPERATION,"VEHARI ROAD , ALLAH ABAD, MAILSI",MAILSI,01-NOV-20,E
1987,BUB00260, 000,AL AMAN SERURICTY SERVICES (PVT) LTD,C/O  BUREWALA TEXTILE MILLS BUREWALA,BUREWALA,01-JUL-21,E
1988,BUB00175, 000,AL AMIN RICE MILLS,CHAK-519/EB ,MULTAN,21-SEP-07,E
1989,BUC00096, 000,AL FAHAD BAR B Q,MULTAN ROAD GHRA MOR TEHSIL MAILSI DIST VEHARI,VEHARI,01-JAN-12,E
1990,BUB00223, 000,AL HABIB SUPER MALL,CANAL ROAD BUREWALA,BUREWALA,01-JUL-15,E
1991,BUB00224, 000,AL HABIB SUPER STORE,CITY CENTER NEAR GOVT DEGREE COLLEGE ,BUREWALA,01-JAN-15,E
1992,BUA00113, 000,AL HAIDER MODEL COTTON GINNING AND PRESSING,LUDDAN ROAD ,MULTAN,01-OCT-01,E
1993,BUA00145, 000,AL KARIM HOSPITAL,12-H JINNAH ROAD VEHARI,VEHARI,01-MAR-13,E
1994,BUA00078, 000,AL MADINA AND COMPANY (ZESHAN COTTON),11 MILES KHANEWAL ROAD vEHARI,MULTAN,01-DEC-87,E
1995,BUA00273, 000,AL MADINA COLD STORAGE,1.5 KM KHANEWAL ROAD VEHARI,MULTAN,01-MAY-25,E
1996,BUB00184, 000,AL MADINA GAS FILLING STATION,MULTAN ROAD MARZI PURA,BUREWALA,01-SEP-07,E
1997,BUB00252, 000,"AL MAJEED COTTON GINNING, PRESSING & OIL MILLS",CHAK NO 201-EB BUREWALA,BUREWALA,01-JUL-18,E
1998,BUA00252, 000,AL MAJEED ENTERPRISES,HOUSE NO 52-M MADINA COLONY VEHARI,ABBASPUR,01-MAR-19,E
1999,BUB00253, 000,AL MAJEED RICE MILLS,CHAL NO 201-EB BUREWALA,BUREWALA,01-JUL-18,E
2000,BUB00201, 000,AL MAKKAH CNG,LAHORE ROAD BUREWALA,VEHARI,01-JAN-13,E
2001,BUA00128, 000,AL MAKKAH FLOUR MILLS,MULTAN ROAD ,MULTAN,01-MAY-08,E
2002,BUB00181, 000,AL MAKKAH MODEL COTTON FACTORY,LUDAN ROAD ,MULTAN,01-OCT-08,E
2003,BUC00126, 000,AL MUMTAZ SECONDARY SCHOOL,MULTAN ROAD TIBBA SULTAN PUR,VEHARI,01-JUL-11,E
2004,BUA00122, 000,AL MUSTAFA COTTON INDUSTRIES,KARAM PUR LUDDAN ROAD ,MULTAN,10-SEP-06,E
2005,BUB00265, 000,AL REHIM DAL FACTORY,"KARAMPUR ROAD MAILSI, DISTT. VEHARI",MULTAN,01-JAN-22,E
2006,BUC00061, 000,AL REHMAN COTTON GIN & PRES FACTORY,DUNYAPUR ROAD MAILSI DISTT VEHARI ,MULTAN,01-DEC-88,E
2007,BUC00108, 000,AL REHMAN FOUNDATION SCHOOL,CHAK NO 88/WB TEHSIL MAILSI DIST VEHARI,VEHARI,01-JAN-13,E
2008,BUA00071, 000,AL SADIQ OIL MILLS,LUDDON ROAD VEHARI. ,MULTAN,15-JUL-87,E
2009,BUA00185, 000,AL SHAFA HOSPITAL,H BLOCK VEHARI,VEHARI,01-JAN-13,E
2010,BUC00122, 000,AL SHEIKH ZAIQA SHOP,COLONY ROAD MAILSI,VEHARI,01-JUL-11,E
2011,BUC00120, 000,AL TAHIR PUBLIC SCHOOL,ADDA DOKOTTA MAILSI,VEHARI,01-JAN-11,E
2012,BUA00217, 000,AL WASAY COTTON FACTORY,CHAK NO. 91/WB NEAR CHETTY PULLY MULTAN ROAD,MAILSI,01-JUL-13,E
2013,BUB00055, 000,AL-AMIN COTTON FACTORY,CHAK NO.257/E B MANA MORE BUREWALA MULTAN,MULTAN,01-NOV-88,E
2014,BUA00242, 000,AL-MADINA PETROLEUM,"MOUZA SIKANDARABAD,TIBA SULTANPUR,MAILSI",MAILSI,01-JUL-15,E
2015,BUB00231, 000,AL-MUZAMIL,"2 K.M. KAMAD ROAD, BUREWALA",BUREWALA,01-SEP-14,E
2016,BUC00099, 000,AL-SHAMAS SECONDARY SCHOOL OF SCIENCE,TIBBA SULTAN PUR TEHSIL MAILSI DIST VEHARI,VEHARI,01-MAR-13,E
2017,BUB00146, 000,ALFAREED COTTON FACTORY,LUDDEN ROAD SAHOOKA TEHSIL BUREWALA ,MULTAN,01-OCT-02,E
2018,BUA00046, 000,ALI BROTHERS COTTON FACTORY,MACHHIANWALA TEHSIL VEHARI DISTRICT VEHARI. ,MULTAN,01-NOV-82,E
2019,BUA00110, 000,ALI COTTON INDUSTRY,93/MB PIR MURAD MULTAN ROAD ,MULTAN,01-OCT-00,E
2020,BUC00112, 000,ALI POLI CLINIC,MULTAN ROAD GHRA MORE,VEHARI,01-JAN-13,E
2021,BUA00102, 000,ALLAH YAR COTTON GINNING & PRESSING,155/W.B.MULTAN ROAD ,MULTAN,01-NOV-93,E
2022,BUB00150, 000,ALLAMA IQBAL EDUCATIONAL COMPLEX,GAGGO TEH BUREWALA ,MULTAN,01-JAN-03,E
2023,BUB00197, 000,ALLIED PUBLIC SCHOOL BUREWALA,COLLAGE ROAD BUREWALA,VEHARI,01-JAN-13,E
2024,BUA00240, 000,ALLIED SCHOOL,"NEAR PUNJAB CILLEGE,CANAL ROAD BUREWALA",BUREWALA,01-JAN-12,E
2025,BUA00241, 000,ALLIED SCHOOL,"OPP; PUNJAB COLLEGE, MULTAN ROAD,MAILSI",MAILSI,01-APR-14,E
2026,BUA00245, 000,ALLIED SCHOOL (AKBAR CAMPUR),"NEAR UNIVERSITY OF EDUCATION LINK LUDDEN ROAD, VEHARI",MULTAN,02-JAN-17,E
2027,BUA00012, 000,ALMAROOF COTTON FACTORY GAGGO UNIT NO 22,GAGGO UNIT NO 22 DISTRICT VEHARI ,MULTAN,01-JUL-76,E
2028,BUB00191, 000,ALVI BROTHERS COTTON INDUSTRIES,CHAK NO. 455/E.B,BUREWALA,01-OCT-11,E
2029,BUA00137, 000,AMIN CNG STATION,BUREWALA ROAD GAGOO,VEHARI,01-MAR-08,E
2030,BUA00058, 000,AMIR UMAR INDUSTRIES (PVT) LTD,33-B BAGH ARAIAN LUDDEN ROAD VEHARI.,MULTAN,03-NOV-86,E
2031,BUA00144, 000,ARBI MODAL COTTON INDUSTRIES,MULTAN ROAD 91/W.B CHTI PULI VEHARI,ABBASPUR,01-JUL-12,E
2032,BUC00128, 000,AREST CREAT PUBLIC HIGH SCHOOL,MULTAN ROAD TIBBA SULTAN OUR,VEHARI,01-JUL-11,E
2033,BUC00147, 000,ARMY PUBLIC SCHOOL & COLLEGE MAILSI,ARMY PUBLIC SCHOOL & COLLEGE MAILSI GARRISON SYPHON ROAD MAILSI,MAILSI,01-SEP-24,E
2034,BUB00232, 000,AROMA RESTAURANT,"BLOCK-C COLLEGE ROAD,BUREWALA",BUREWALA,01-JUL-05,E
2035,BUB00121, 000,ASHRAF FOOD INDUSTRIES AND FLOOR MILLS,MIANCHANNU ROAD BUREWALA ,MULTAN,01-JAN-95,E
2036,BUA00214, 000,ASIF TRADING CORPORATION,CLUB ROAD VEHARI,VEHARI,01-JAN-13,E
2037,BUB00199, 000,ASKRI LAW COLLAGE BUREWALA,NEAR 5 NO CHUNGI BUREWALA,VEHARI,01-JAN-13,E
2038,BUA00259, 000,ASPIRE COLLEGE,CHAK NO.88/W.B. GARHA MORE VEHARI,MULTAN,15-AUG-21,E
2039,BUB00267, 000,ASPIRE COLLEGE,SAIFEN ROAD NEAR MAILSI CANTT MAILSI,MAILSI,01-JAN-22,E
2040,BUB00233, 000,ASPIRE COLLEGE,"MACHIWAL,BUREWALA",BUREWALA,01-SEP-17,E
2041,BUB00228, 000,ASPIRE COLLEGE,"445 ZADABAD,BUREWALA",BUREWALA,01-AUG-17,E
2042,BUB00277, 000,ASPIRE COLLEGE BUREWALA (LUDDEN RD CAMPUS),LUDDEN RD BUEWALA,BUREWALA,01-JUL-25,E
2043,BOE00120, 000,ASPIRE PROGRESSIVE LEARNING (PVT) LTD,5 KM MULTAN ROAD 93/W.B,MULTAN,01-SEP-16,E
2044,BUC00075, 000,ATTA REHMAN COTTON INDUSTRIES,KARAM PUR ,MULTAN,01-NOV-97,E
2045,BUA00236, 000,ATTA SEEDS,LUDDAN ROAD VEHARI,MULTAN,01-JAN-17,E
2046,BUB00101, 000,AVAIS COTTON GINNING AND PRESSING FACTORY,LUDDAN ROAD 461/E.B TEHSIL BUREWALA ,MULTAN,01-SEP-93,E
2047,BUB00226, 000,AWAIS COTTON INDUSTRY UNIT#2,CHICHAWATNI ROAD,BUREWALA,01-JUL-15,E
2048,BUA00228, 000,AWAMI BHATTA KHASHT,KOT GHULAM QADIR LUDDEN ROAD VEHARI,ABBASPUR,01-MAY-14,E
2049,BUB00250, 000,AWAMI GAS (PVT) LTD,"48 K. M. PULL-14 MULTAN ROAD, NEAR CHOWK MAITLA,VEHARI",MULTAN,01-JUL-17,E
2050,BUB00078, 000,AWAN COTTON GINNING FACTORY,455/E-B RATTA TIBA ROAD BUREAWALA VEHARI ,MULTAN,01-NOV-91,E
2051,BUC00116, 000,AYESHA PUBLIC SCHOOL,NEAR MOR RB RAKAHA MULTAN ROAD VEHARI,VEHARI,01-MAR-13,E
2052,BUA00265, 000,AZAN PAPER MILL,INDUSTRIAL ESTATE VEHARI,BUREWALA,01-MAY-23,E
2053,BUB00207, 000,AZIZ MUHAMMAD DIN HOSPITAL,LAHORE ROAD BUREWALA,VEHARI,01-JUL-11,E
2054,BUA00182, 000,BABA DHOLEN HOTEL,MULTAN ROAD VEHARI,VEHARI,01-JAN-13,E
2055,BUB00246, 000,BABA FAREED FILLING STATION,ADA CHAKRALA TEH. & DISTT.VEHARI,MULTAN,01-JUL-16,E
2056,BUA00254, 000,BABA FAREED SEED CORPORATION,Near gol chok,MAILSI,15-JUN-17,E
2057,BUB00114, 000,BABAR OIL MILLS,MASOOM SHAH ROAD BUREWALA ,MULTAN,01-OCT-96,E
2058,BUB00262, 000,BARANI INSTITUTE OF SCIENCE,CHICHAWATNI ROAD BUREWALA,BUREWALA,01-JUL-21,E
2059,BUB00100, 000,BASRA BROTHERS COTTON GINNING FACTORY,DEWAN SAHAB ROAD CHAK 329/E.B TEHSIL BUREWALA ,MULTAN,11-OCT-93,E
2060,BUA00255, 000,BEST FUEL LPG 9PVT0 LTD,"KOT SARO MORE , MAILSI ROAD, VEHARI",MAILSI,01-SEP-20,E
2061,BUC00035, 000,BILAL COTTON,GARHA MORE MAILSI ,MULTAN,20-OCT-85,E
2062,BUA00130, 000,BILAL OIL INDUSTRIES,CHAK 25/WB 7 KM BUREWALA RD. ,MULTAN,17-JUN-08,E
2063,BUA00114, 000,BILAL SCHOOL,SEEDS FORMS ROAD NEAR MOSANI BAGH ,MULTAN,11-SEP-02,E
2064,BLA01709,BU004,BIN TAYYAB BUREWALA,EMPIRE MALL CANAL ROAD BUREWALA,BUREWALA,07-OCT-25,E
2065,BUB00034, 000,BISMILLAH COTTON GINNING PRESSING OIL MILLS,BUREWALA ROAD GAGBO TEHSIL BUREWALA DISTT VEHARI,MULTAN,01-OCT-78,E
2066,BUB00179, 000,BISMILLAH FLOUR & GENERAL MILLS,7-KM CHICHAWATNI ROAD ,MULTAN,01-MAY-08,E
2067,BUA00045, 000,BISSMILLAH OIL MILLS,KHANEWAL ROAD POST OFFICE VEHARI TEHSIEL & DISTT. VEHARI,MULTAN,06-NOV-82,E
2068,BUC00130, 000,BLOOM FIELD HIGH SCHOOL,TIBBA SULTAN PUR,VEHARI,01-JUL-11,E
2069,BUC00143, 000,BLOUCH BHATTA KHESHT,CHAK NO 84/WB PIPLI ROAD MAILSI,MAILSI,01-JAN-13,E
2070,BUA00244, 000,BRITAIN INTERNATIONAL SCHOOL SYSTEM,"MULTAN ROAD,MAILSI",MULTAN,02-JAN-17,E
2071,BUB00272, 000,BRITISH INTERNATIONAL SCHOOL SYSTEM,NEAR FINE CITY HOUSING SCHAME MAIN CANAL ROAD BUREWALA,BUREWALA,01-JAN-24,E
2072,BUB00190, 000,BUREWALA PRESS CLUB,COLLEGE ROAD,BUREWALA,01-APR-10,E
2073,BOA00005, 000,BUREWALA TEXTILE MILLS LTD,DAWOODABAD BUREWALA ,MULTAN,01-JUL-76,E
2074,BUA00077, 000,BUTT BROTHERS IJAZ INDUSTREIS PVT LTD,33/WB LUDDON ROAD VEHARI ,MULTAN,08-NOV-87,E
2075,BUB00173, 000,CH BROTHERS COTTON INDUSTRIES,LUDDAN ROAD ,MULTAN,01-NOV-06,E
2076,BUC00046, 000,CH RAHIM BAKSH & CO,CHAK NO-158/W B TIBBA SULTANPUR TEHSIL MAILSI DISTT VEHARI,MULTAN,01-DEC-86,E
2077,BUC00009, 000,CH REHAIM BUKSH COTTON FACTORY UNIT NO 26,UNIT NO 26 MAILSI DISTRICT VEHARI ,MULTAN,01-JUL-76,E
2078,BUA00093, 000,CH.NAZIR & SONS,LUDDEN ROAD ,MULTAN,01-NOV-90,E
2079,BUB00259, 000,"CHAHAT FOOD INDUSTRIES LTD,","2 K.M. LAHORE OAD,GAGOO MANDI BUREWALA",BUREWALA,01-JAN-20,E
2080,BUA00268, 000,CHATTHA SEED,36-H CLUB ROAD VEHARI,BUREWALA,01-NOV-24,E
2081,BUB00193, 000,CHAUDHARY BROTHERS COTTON INDUSTRIES,LUDDAN ROAD ADA 7 MIEL BUREWALA,BUREWALA,01-JUL-12,E
2082,BUB00194, 000,CHAUDHARY COTTON INDUSTRIES,LUDDAN ROAD ADDA KACHI PAKI BUREWALA,BUREWALA,01-JUL-12,E
2083,BUA00138, 000,CHAUDHRY CNG STATION,PURANA LARI ADDA MULTAN ROAD,VEHARI,01-FEB-08,E
2084,BUB00086, 000,CHEEMA COTTON GINNING PRESSING,329/E.B LUDDAN ROAD BUREWALA MULTAN ,MULTAN,15-NOV-91,E
2085,BUB00183, 000,CHUADHRY PETROLEUM SERVICE,CLATEX DEALERS CHAK#259/EB NEAR WANA MORE,BUREWALA,01-MAR-09,E
2086,BUB00243, 000,CITY COLD STORAGE AND ICE FACTORY,"DANEWAL TOWN,VEHARI",MULTAN,01-JAN-15,E
2087,BUB00244, 000,CITY MART,"TEHSIL BAZAR,VEHARI",MULTAN,01-JAN-17,E
2088,BUB00058, 000,CITY PUBLIC SCHOOL,BUREWALA DISTT: VEHARI ,MULTAN,02-SEP-39,E
2089,BUC00132, 000,CITY PUBLIC SCHOOL,MAILSI,UTHAL,01-JUL-11,E
2090,BUA00105, 000,CITY TOP HOTEL,TEHSIL BAZAR OPPOSIT M.B.HIGH SCHOOL ,MULTAN,01-JUL-81,E
2091,BUA00234, 000,CLINIX PLUS,VEHARI BAZAR BUREWALA,MULTAN,01-JAN-17,E
2092,BUB00166, 000,CRESCENT MODEL HIGH SCHOOL,153-SETELLITE TOWN ,MULTAN,01-APR-01,E
2093,BUA00194, 000,DAHA BROTHERS TRANSPORT SERVICE,NEW LARI ADDA VEHARI,VEHARI,01-JAN-13,E
2094,BUA00251, 000,DAILY DAR UL KHABAR,103 CLUB ROAD VEHARI,ABBASPUR,01-MAR-19,E
2095,BUA00253, 000,DAILY MUSAFAH VEHARI PAKISTAN,MADINA COLONY NEAR MASJID REHMANIA,ABBASPUR,01-DEC-19,E
2096,BUA00219, 000,DAILY SANGRAM VEHARI,103 CLUB ROAD VEHARI,MULTAN,01-SEP-14,E
2097,BUA00195, 000,DANEWAL COACHES SERVICES,NEW LARI ADDA VEHARI,ABBASPUR,01-JAN-13,E
2098,BUA00154, 000,DAR E ARQAM SCHOOL,G BLOCK OPPOSIT SHERQI COLONY VEHARI,VEHARI,01-JAN-11,E
2099,BUA00060, 000,DATA COTTON INDUSTRIES (PVT) LTD,KOT GHULAM QUADIR VEHARI. ,MULTAN,01-NOV-86,E
2100,BUB00169, 000,DAWN PRE-CADIT HIGH SCHOOL,8-V HOUSING SCHEME ,MULTAN,01-APR-02,E
2101,BUC00133, 000,DAWN PUBLIC HIGH SCHOOL,MAILSI,VEHARI,01-JUL-11,E
2102,BUB00176, 000,DHILLON P.V.C PIPE FACTORY,MASOOM SHAH ROAD ,MULTAN,31-JAN-08,E
2103,BUA00276, 000,DISTRICT COUNCIL,DISTICT COUNCIL VEHARI,ABBASPUR,01-MAR-23,E
2104,BUA00129, 000,DIVISIONAL PUBLIC SCHOOL,SEED FARM ROAD ,MULTAN,01-APR-01,E
2105,BUB00177, 000,DIVISIONAL PUBLIC SCHOOL,COLLEGE ROAD ,MULTAN,01-APR-01,E
2106,BUB00017, 000,DOABA COTTON FACTORY CTC(MUDASSAR COTTON),UNIT NO 16 BUREWALA DISTRICT VEHARI ,MULTAN,01-JUL-76,E
2107,BUA00186, 000,DOCTORS HOSPITAL,H BLOCK VEHARI,VEHARI,01-JAN-13,E
2108,BUA00201, 000,DR.NAHEED HOSPITAL,H BLOCK VEHARI,VEHARI,01-JAN-13,E
2109,BUB00254, 000,EDEN APPARELS PVT LTD,NEAR FAYSAL BANK MULTAN ROAD ,BUREWALA,01-JUL-18,E
2110,AAD05229,BU002,EDENROBE VEHARI,JINNAH ROAD VEHARI,ABBASPUR,01-MAR-25,E
2111,BUB00255, 000,EFFJAY APPAREL,NEAR FAYSAL BANK MULTAN ROAD,BUREWALA,01-JUL-18,E
2112,BIA02683,BU054,EHSAN CHAPPAL STORE ECS,95 C MULTAN ROAD BUREWALA,BUREWALA,13-SEP-19,E
2113,BOE00121, 000,ELEGANT INTERNATIONAL COSMETICS,MARSHAL TWON LAHORE ROAD ,BUREWALA,01-JAN-19,E
2114,BUA00257, 000,ELEGANT INTERNATIONAL COSMETICS,MARSHAL TOWN LAHORE ROAD BUREWALA,BUREWALA,01-JAN-19,E
2115,BUA00256, 000,EMPIRE SEED COOPERATION,"11 K.M. HASILPUR ROAD, VEHARI",MAILSI,01-NOV-20,E
2116,BOE00122, 000,FAIR SEEDS,7 K.M. MULTAN ROAD VEHARI,MULTAN,01-JUL-19,E
2117,BUA00033, 000,FAISAL FLOUR MILLS,BUREWALA ROAD VEHARI TEHSIL VEHARI DISTT VEHARI ,MULTAN,01-AUG-80,E
2118,BUB00138, 000,FARHAN OIL MILLS,CHAK NO 451/E.B. MULTAN ROAD BUREWALA ,MULTAN,15-NOV-00,E
2119,BUB00048, 000,FARIDIA COTTON FACTORY G&P,NEAR CHAK NO.215/E.B LAHORE ROAD GAGOO BUREWALA,MULTAN,15-OCT-87,E
2120,BUC00117, 000,FASIH PETROLIUM ,CHAK 114/WB MULTAN ROAD,VEHARI,01-MAY-13,E
2121,BUB00130, 000,FASIL BROTHER OIL MILLS,MASOOM SHAH ROAD BUREWALA ,MULTAN,16-NOV-98,E
2122,BUB00208, 000,FATIMA HOSPITAL,LAHORE ROAD BUREWALA,VEHARI,01-JUL-11,E
2123,BUA00150, 000,FATIMA HOSPITAL,JINNAH ROAD VEHARI,VEHARI,01-MAR-13,E
2124,BUB00126, 000,FATIMA JINNAH GIRLS HIGH SCHOOL,MULTAN ROAD BUREWALA ,MULTAN,01-APR-93,E
2125,BOA03730, 000,FAUJI EDUCATION SYSTEM VEHARI CAMPUS,NEAR WILDLIFE PARK CANAL VIEW COLONY VEHARI,MULTAN,01-AUG-23,E
2126,BBA00175,BU013,FAUJI FERTILIZER COMPANY,house no. 48 Tariq Bin zyad colony vehari,MULTAN,01-SEP-04,E
2127,BUB00142, 000,FAUJI FOUNDATION DISPENSARY AZIMABAD,"Street No 3, Bismillah Colony, Tehsil Haroonabad Distt bahawalnagar",HAROON ABAD,04-JUN-01,E
2128,BUC00148, 000,FAUJI FOUNDATION HOSPITAL MAILSI,FAUJI FOUNDATION HOSPITAL C/O CMH MAILSI,MAILSI,01-OCT-24,E
2129,BBA00782,BU028,FAUJI SECURITY SERVICES PVT LTD MTN,CB-288 AL-REHMAN STREET NEAR MGM SUPER STORE GARDEN TOWN SHER SHAH ROAD MULTAN,MULTAN,01-MAR-19,E
2130,BUA00076, 000,FAZAL & CO OIL MILLS,BUREWALLA ROAD TEH & DISTT VEHARI ,MULTAN,21-NOV-87,E
2131,BUB00132, 000,FAZAL OIL MILLS,MULTAN ROAD ,MULTAN,01-OCT-99,E
2132,BUA00216, 000,FINE COOTON GINNERS,5-B GRAIN MARKET VEHARI,VEHARI,01-JUL-13,E
2133,BUB00220, 000,FLAME AND COAL HOTEL,VEHARI ROAD BUREWALA,BUREWALA,01-JUL-15,E
2134,BIB00325,BU006,FMC UNITED PVT LTD,153 BLOCK-G SHARQI COLONY ,MULTAN,01-JAN-95,E
2135,BUA00007, 000,GAGGO COTTON FACTORY UNIT NO 21,UNIT NO 21 GAGGO DISTRICT VEHARI ,BUREWALA,01-JUL-76,E
2136,BUA00143, 000,GANJ SHAKAR INDUSTRIES (PVT) LTD,LAHORE ROAD GAGOO MANDI,ABBASPUR,01-MAY-10,E
2137,BUA00146, 000,GAS & GO CNG,BUREWALA ROAD VEHARI,VEHARI,01-JAN-13,E
2138,BUA00269, 000,GAS & OIL PAKISTAN LTD,VEHARI DEPO MUZA FAIZWAH NEAR ADDA RATTA TIBBA 15 KM HASILPUR ROAD VEHARI,MULTAN,05-MAR-25,E
2139,BUA00278, 000,GB SECURITY SERVICES (PVT) LTD,GB SECURITY SERVICES PVT LTD 3 MARALA SCHEEME VEHARI,MULTAN,01-JUL-25,E
2140,BUC00104, 000,GHANI MEDICAL COMPLEX,MULTAN ROAD GHRAMORE,VEHARI,01-MAR-13,E
2141,BUC00089, 000,GO GAS RE FILLING STATION,BAHAWALPUR ROAD CHOWK MAITLA,MAILSI,01-DEC-07,E
2142,BUB00140, 000,GOLD FLOWER COTTON FACTORY,CHAK NO 331/E/B LUDDON ROAD BUREWALA ,MULTAN,01-OCT-00,E
2143,BOA02024,BU002,GOURMET BAKERS AND SWEETS VEHARI,CLUB ROAD VEHARI,MULTAN,01-MAR-19,E
2144,BUA00121, 000,GREEN CROP (PVT) LIMITED,105 GCL CENTRE L P ROAD ,MULTAN,01-JUL-06,E
2145,BUC00093, 000,GREEN MILES CNG,MULTAN ROAD,MAILSI,01-FEB-09,E
2146,PUB00003, 000,GREEN VALLEY PUBLIC MIDDLE SCHOOL,4/C AL YAQEEN BUREWALA ,MULTAN,31-OCT-02,E
2147,BUC00087, 000,GULSHAN CNG STATION,MULTAN-VEHARI ROAD CHOWK MAITALA,MAILSI,21-FEB-07,E
2148,BUA00095, 000,GULSHAN OIL MILLS,NEAR ADDA KASAM SAR BUREWALA ROAD VEHARI ,MULTAN,01-DEC-91,E
2149,BUA00211, 000,GULZAR HOSPITAL,MADINA COLONY VEHARI,VEHARI,01-JAN-13,E
2150,BUA00179, 000,HAFEEZ CHILDERN COMPLEX,HOSPITAL ROAD JINNAH ROAD VEHARI,VEHARI,01-JAN-13,E
2151,BUC00110, 000,HAFIZ MOTORS HONDA SHOP,MULTAN ROAD MAILSI,VEHARI,01-JAN-13,E
2152,BUB00221, 000,HAFIZ REWARI SWEETS,COLLEGE RAOD BUREWALA,BUREWALA,01-JAN-14,E
2153,BUA00133, 000,HAFIZ TRADERS CONTRACTOR ENGRO,FADDA CHOWK ,MAILSI,,E
2154,BUB00076, 000,HAJI ABDUL GHAFOOR COTTON FACTORY,VEHARI ROAD BUREWALA ,MULTAN,01-NOV-91,E
2155,BUB00080, 000,HAJI BROTHERS OIL MILLS,505/E-B ROAD BUREWALA ,MULTAN,15-NOV-91,E
2156,BUB00107, 000,HAJI FAQIR MUHAMMAD FLOUR MILLS,LAHORE ROAD BUREWALA ,BUREWALA,01-JAN-95,E
2157,BUB00133, 000,HAJI FAQIR MUHAMMAD GHEE INDUSTRIES,CHAK NO 519/E.B. MULTAN ROAD ,BUREWALA,02-SEP-00,E
2158,BUA00037, 000,HAJI JALAL DIN & SONS(HAJI M. ALAM C\FAC),LUDDAN ROAD VEHARI POST OFFICE VEHARI TEHSIL AND DISTT VEHARI,MULTAN,01-OCT-80,E
2159,BUB00218, 000,HAJI LAL DIN BRICKS COMPANY,257/EB TEHSIL BUREWALA,BUREWALA,01-JUN-14,E
2160,BUA00034, 000,HAJI QASIM-UD-DIN & SONS(TOOR COTTON FAC),LODDON ROAD VEHARI ,MULTAN,01-NOV-80,E
2161,BUB00122, 000,HAJVERY COTTON FACTORY,21-K.M.LUDDEN ROAD BUREWALA ,MULTAN,01-OCT-97,E
2162,BUA00203, 000,HAKEEM PETROLIUM SERVICE,BEGGI PULLI MULTAN ROAD VEHARI,VEHARI,01-MAY-13,E
2163,BUA00180, 000,HAMDARAD BAKERY,JINNAH ROAD VEHARI,VEHARI,01-JAN-13,E
2164,BUA00193, 000,HANEEF MEDICAL COMPLEX,SHERQI COLONY VEHARI,VEHARI,01-JAN-13,E
2165,BUB00093, 000,HAQ COTTON MILLS (PVT) LTD,CHAK NO.461/E.D. BUREWALA ,MULTAN,01-SEP-92,E
2166,BUB00214, 000,HASSAN SHAHBAZ INDUSTRIES,CHAK NO 417 EB CHICHA WATNI ROAD BURE WALA,BUREWALA,01-JUL-14,E
2167,BUC00140, 000,HAWKS PUBLIC SCHOOL,MAILSI,VEHARI,01-JUL-10,E
2168,BOE00127, 000,HEXAMIND LIFE SCIENCE,PLOT NO.89 INDUSTRIAL ESTATE MULTAN,ABBASPUR,01-JAN-22,E
2169,BUA00210, 000,HIJAZI HOSPITAL,D BLOCK VEHARI,VEHARI,01-JAN-13,E
2170,BUA00165, 000,HIRRA PUBLIC SCHOOL,FAISAL COLONY VEHARI,VEHARI,01-JAN-11,E
2171,BUB00222, 000,HOTEL FLAME AND COAL,LAHORE ROAD BUREWALA NEAR SAIF CNG,BUREWALA,01-JUL-15,E
2172,BPA00474,BU057,HR UNION ENTERPRISES PVT.LTD,GAS & PAKISTAN LTD HASILPUR ROAD IN VEHARI,MULTAN,01-FEB-25,E
2173,BIB00501,BU066,HUSH PUPPIES FC-BUREWALA,THE EMPIRE MALL CANAL ROAD BUREWALA,BUREWALA,01-APR-25,E
2174,BUB00237, 000,IBL OPERATION (PVT) LIMITED,HAMEED BLOCK ST. NO.2 NEAR LAARI ADDA BUREWALA,BUREWALA,01-MAR-18,E
2175,BUB00258, 000,IBRAHIM OIL MILLS,"417-EB-CHICHAWATNI ROAD, BUREWALA",BUREWALA,01-JUL-20,E
2176,BUA00081, 000,IFTIKHAR COTTON FACTORY,CHACK NO.WB/94 GARHA MORE VEHARI ,MULTAN,21-OCT-87,E
2177,BUC00121, 000,ILAHI PUBLIC SCHOOL,ADDA DOKOTTA MAILSI,VEHARI,01-JAN-11,E
2178,BUA00198, 000,IMDAD TRADERS,CLUB ROAD VEHARI,VEHARI,01-JAN-13,E
2179,BUB00185, 000,IMRAN CNG STATION,MULTAN ROAD,BUREWALA,01-DEC-09,E
2180,BUC00074, 000,IMRAN COTTON FACTORY,SUPPER HIGHWAY ROAD CHAK NO 160/W.B MAITLA BAHAWALPUR ROAD MAILSI,MULTAN,01-OCT-96,E
2181,BOE00136, 000,IMTIAZ GROUP (SMC) PVT.LTD.,MAIN LUDDEN ROAD VEHARI,MULTAN,01-JUL-22,E
2182,BUC00123, 000,IN SHA ALLAH TIKKA SHOP,COLONY ROAD BUREWALA,VEHARI,01-JUL-11,E
2183,BUB00069, 000,INSAF OIL MILLS,MULTAN ROAD CHUNGI NO.2 ,MULTAN,01-NOV-90,E
2184,BUB00104, 000,INTERNATIONAL ENGINEERING WORKSHOP,MULTAN ROAD ,MULTAN,01-JUN-88,E
2185,BUB00168, 000,INTERNATIONAL PUBLIC HIGH SCHOOL,GREEN VIEW LUDDON ROAD ,MULTAN,01-APR-02,E
2186,BUB00210, 000,INTERNATIONAL SCHOOL OF FUNCTIONAL LITERCY,LUDDEN ROAD BUREWALA,VEHARI,01-JAN-13,E
2187,BUA00101, 000,IQBAL COTTON GINNING & PRESSING,SOROO MORE ,MULTAN,01-OCT-89,E
2188,BUB00217, 000,IRSHAD BHATTI BRICKS COMPANY,DEWAN SAHIB ROAD BUREWALA,BUREWALA,01-JUN-14,E
2189,BUA00117, 000,ISLAMIA PUBLIC HIGH SCHOOL,69-G BLOCK ,MULTAN,01-APR-02,E
2190,BUA00161, 000,ITA ACADMY & VIRTUAL CAMPUS,H BLOCK VEHARI,VEHARI,01-JAN-13,E
2191,BUA00223, 000,ITTEFAQ BRICKS COMPANY,PEPLI ADDA KHANEWAL ROAD VEHARI,ABBASPUR,01-MAY-14,E
2192,BUB00236, 000,ITTEFAQ FARM,"KAROR PACCA ROAD,MAILSI",MAILSI,01-JAN-17,E
2193,BUC00051, 000,ITTEFAQ INDUSTRIES COTTON FACTORY,KAHROR PACCA ROAD TEH MAILSI DISTT VEHARI ,MULTAN,01-DEC-87,E
2194,BOF00001, 000,ITTEFAQ OIL MILLS,COLONY ROAD MAILSI DISTT VEHARI ,MULTAN,,E
2195,BUB00136, 000,ITTEFAQ OIL MILLS,CHAK NO 461/E.B. LUDDAN ROAD BUREWALA ,MULTAN,05-OCT-00,E
2196,BUB00186, 000,ITTEFAQ PETROLEUM SERVICE AND CNG,LARI ADDA MULTAN ROAD,BUREWALA,10-APR-09,E
2197,BUB00079, 000,JABBAR COTTON INDUSTRIES PVT LTD,CHAK NO.505/EB ROAD BUREWALA ,MULTAN,15-NOV-91,E
2198,BUC00090, 000,JAHAN GAS CNG STATION,VEHARI-MULTAN ROAD,MAILSI,01-JUL-08,E
2199,BUB00192, 000,JALANDHAR PETROLIUEM PUMP,MUHAMMAD NAGAR MULTAN ROAD BUREWALA,BUREWALA,01-NOV-12,E
2200,BUB00182, 000,JAMAAT PVC PIPE FACTORY,CHAK#259/EB LAHORE ROAD ,MULTAN,01-NOV-08,E
2201,BUA00169, 000,JAMIA KHALID BIN WALEED,MULTAN ROAD ADDA THINGI VEHARI,VEHARI,01-JAN-10,E
2202,BUB00188, 000,JANNAT AZIZ TRUST,TUFAIL ROAD GAGOO MANDI,BUREWALA,13-MAR-05,E
2203,POA00018,BU001,JAVAID BROTHERS,CHAK NO 11/WB 3KM KHANEWAL ROAD VEHARI.,MULTAN,01-JAN-25,E
2204,BUB00059, 000,JINNAH MODEL SCHOOL,132 BLOCK-P BUREWALA ,MULTAN,01-NOV-89,E
2205,BUB00276, 000,K.M.D PVC PIPE INDUSTRY,MASOOM SHAH RD BUREWALA,BUREWALA,01-MAY-25,E
2206,BUA00187, 000,KABLI MOTORS HONDA SHOP,KHANEWAL CHOWK MULTAN ROAD VEHARI,VEHARI,01-JAN-13,E
2207,BUA00151, 000,KAFFEY SEJJAD HOTEL,CLUB ROAD VEHARI,VEHARI,01-JAN-10,E
2208,BUA00142, 000,KAMAL CNG STATION,NEAR CIRCUIT HOUSE LUDDAN ROAD,VEHARI,01-SEP-09,E
2209,BUB00247, 000,KARACHI SPICY CHICKEN BROAST,"TEHSIL BAZAR,VEHARI",MULTAN,01-JUL-17,E
2210,BUA00274, 000,KHALID AND COMPANY(UMMER USMAN INDUSTRY),CHAK NO97/WBMULTAN ROAD VEHARI,ABBASPUR,01-MAY-25,E
2211,BUA00227, 000,KHAN BRICKS COMPANY,24-WB KHANEWAL ROAD VEHARI,ABBASPUR,01-MAY-14,E
2212,PUA00002,BU001,KHAN ENGLISH MODEL GIRLS HIGH SCHOOL,H BLOCK ,MULTAN,28-SEP-02,E
2213,PUA00002, 000,KHAN ENGLISH MODEL HIGH AND JUNIOR SCHOOL,G BLOCK ,MULTAN,28-SEP-02,E
2214,BUB00209, 000,KHAN HOTEL,MULTAN ROAD BUREWALA,VEHARI,01-JUL-11,E
2215,BUB00245, 000,KHAN KARACHI BROST,"KARKHANA BAZAR,VEHARI",MULTAN,01-JAN-18,E
2216,BUC00145, 000,KHAN MOTERS,MULTAN ROAD GHRAMOR,VEHARI,01-JAN-11,E
2217,BUA00139, 000,KHATTAK BROTHERS CNG STATION,LUDDAN ROAD NEAR CIRCUIT HOUSE,VEHARI,01-NOV-08,E
2218,BUB00275, 000,KHURRAM RICE MILL & ICE FACTORY,CHAK NO 185-EB LAHORE ROAD GAGGOO MANDI,BUREWALA,01-JUL-24,E
2219,BUB00266, 000,KIPS COLLEGE,519/EB MULTAN ROAD BUREWALA,BUREWALA,01-JUL-21,E
2220,BOE00130, 000,KIPS COLLEGE,LUDDEN ROAD VEHARI,MULTAN,01-JUL-21,E
2221,BIB03717,BU014,KIPS PREPARATIONS PVT.LTD.,"75-A BLOCK  VEHARI BAZAR , BUREWALA",BUREWALA,01-JAN-17,E
2222,BUA00080, 000,KOHISTAN COTTON GINNING FACTORY,CHACK NO.EB/559 BUREWALA ROAD VEHARI ,MULTAN,01-DEC-87,E
2223,BUA00196, 000,KRISPY PIZZA HUT,SHERQI COLONY VEHARI,VEHARI,01-JAN-13,E
2224,BUB00174, 000,KUMAIL RICE FACTORY,CHAK-451/EB ,MULTAN,27-SEP-07,E
2225,BUC00097, 000,LAHORI CHETKHARA HOTEL,MULTAN ROAD GHRAMOR TEHSIL MAILSI DIST VEHARI,VEHARI,01-JAN-13,E
2226,BOE00137, 000,LAIBA CORPORATION-4017-CS VEHARI,"PLOT NO.3/126 LUDDEN ROAD OPPISITE MALL OF VEHARI , VEHARI",MULTAN,08-OCT-21,E
2227,BUC00125, 000,LASANI BAKERY,MULTAN ROAD MAILSI,VEHARI,01-JUL-11,E
2228,BUA00266, 000,LEADS GROUP OF COLLEGES,PIPLI ADDA KHANEWAL ROAD VEHARI,BUREWALA,01-JUL-23,E
2229,AAB02154,BU015,LEOPARDS COURIER SERVICE,33 BLOCK-F ,VEHARI,01-MAY-03,E
2230,BUA00209, 000,LODHI HOSPITAL,H BLOCK VEHARI,VEHARI,01-JAN-13,E
2231,BIB05143,BU001,LOGO SHOES BUREWALA,EMPIRE MALL CNAL ROAD BUREWALA,BUREWALA,30-OCT-25,E
2232,BUA00124, 000,LUCKY RICE MILLS,8-KM BUREWALA ROAD ,MULTAN,08-OCT-06,E
2233,BUA00238, 000,LUQMAN SEEDS,BUREWALA ROAD VEHARI,MULTAN,01-JAN-17,E
2234,BUB00106, 000,M.I.COTTON FACTORY,CHAK NO 513 KAMUND ROAD BUREWALA ,MULTAN,01-OCT-94,E
2235,BUB00096, 000,M/S NEW CH COTTON GINN & PRESSING FACTORY,MULTAN ROAD BUREWALA ,MULTAN,01-SEP-92,E
2236,BUB00180, 000,MADINA FLOOR MILLS,MULTAN ROAD ,MULTAN,01-AUG-08,E
2237,BUA00132, 000,MADINA PETROLEUM SERVICES,MULTAN ROAD,VEHARI,01-FEB-09,E
2238,BUC00135, 000,MAILSI PUBLIC HIGH SCHOOL,MAILSI,VEHARI,01-JUL-11,E
2239,BUA00119, 000,MAK AGRO CHEMICAL,40-B GRAIN MARKET ,MULTAN,01-MAY-04,E
2240,BUA00072, 000,MAKKA INDUSTRIES COTTON GINNING & PRESING FAC,MACHIANWALA CHACK NO.555 DISTT VEHARI ,MULTAN,15-SEP-87,E
2241,BUB00195, 000,MALIK BROTHERS COTTON FACTORY,CHAK NO 469/E.B LUDDAN ROAD BUREWALA,BUREWALA,07-JUL-12,E
2242,BUB00005, 000,MALIK FIDA HUSSAIN RICE MILLS UNIT NO 18,UNIT NO 18 MIAN CHUNNU ROAD UREWALA ,MULTAN,01-JUL-76,E
2243,BUB00144, 000,MANA MORE OIL MILLS,MANA MORE BUREWALA ,MULTAN,15-OCT-02,E
2244,BUB00167, 000,MARGHOOB MODEL PUBLIC HIGH SCHOOL,GULSHAN-E-RAZA TOWN BUREWALA,MULTAN,01-APR-03,E
2245,AAF01113,BU028,MARIE STOPES SOCIETY VEHARI,HOUSE-86 ST.-2 BLOCK F NEAR SHAHEEN BOOK CENTRE,VEHARI,26-DEC-08,E
2246,BUB00206, 000,MARIYUM GIRLS SCHOOL,LAHORE ROAD BUREWALA,VEHARI,01-JUL-11,E
2247,BUA00220, 000,MASHA ALLAH BRICKS COMPANY,7-WB BUREWALA VEHARI,ABBASPUR,01-MAY-14,E
2248,BUA00170, 000,MAVIA PUBLIC SCHOOL,ADDA GHULAM HUSSAIN MULTAN ROAD VEHARI,VEHARI,01-JAN-10,E
2249,BUA00153, 000,MAVIA PUBLIC SCHOOL,MULTAN ROAD ADDA GHULAM HUSSAIN VEHARI,VEHARI,01-JAN-11,E
2250,BIB03303,BU044,MAYPOLE(PVT)LTD(LIMELIGHT0,GENRAL BUS STAND OPP EDENROBE MULTAN ROAD BUREWALA,BUREWALA,01-JUN-25,E
2251,BUA00222, 000,MEHMOOD BRICKS COMPANY,7-WB SANCHAWALA BUREWALA ROAD VEHARI,ABBASPUR,01-MAY-14,E
2252,BUC00086, 000,MEHR FLOUR MILLS,ADDA JAHAN DA MITROO ROAD,MAILSI,01-OCT-07,E
2253,BUA00152, 000,MEHRAN HOTEL,NEAR BAGH WALI MESJAD CLUB ROAD VEHARI,VEHARI,01-JAN-13,E
2254,BUC00119, 000,MERHBA HOTEL & RESTURENT,MULTAN ROAD MAILSI,VEHARI,01-JAN-13,E
2255,BUA00148, 000,MERRY IN HOTEL,NEAR QUAID I AZAM PARK SHERQI COLONY VEHARI,VEHARI,01-JAN-13,E
2256,BUB00251, 000,MESALI HIGH SCHOOL,"DANEWAL TOWN,VEHARI",MULTAN,01-JAN-16,E
2257,BUA00118, 000,MESALI OXFORD CADIT HIGH SCHOOL,MAIN ROAD DANEWAL ,MULTAN,01-JAN-03,E
2258,BBA02295,BB010,METRO SHOES,METRO SHOES MULTAN ROAD BUREWALA,BUREWALA,01-SEP-16,E
2259,BUA00218, 000,MEYAR PUBLIC SCHOOL,RAFIQUE WEFARE TRUST 60 A VEHARI ,ARIF WALA,01-MAR-11,E
2260,BUA00039, 000,MIAN AND COMPANY,MULTAN ROAD VEHARI POST OFFICE VEHARI DISTRICT VEHARI. ,MULTAN,18-OCT-81,E
2261,BUC00072, 000,MIAN KHALIQ NAWAZ AND CO.,KIKRI KALAN MAILSI ,MULTAN,02-NOV-96,E
2262,BUC00016, 000,MIAN ZAHID NAWAZ & COMPANY GINNIG FACTORY,KEHROR PACCA ROAD MEHFOOZABAD MAILSI DISTT VEHARI. ,MULTAN,01-OCT-81,E
2263,BUC00048, 000,MILLAT COT GIN & PRESS FAC(UMER COTTON FAC),TIBBA SULTANPUR TEHSIL MAILSI DISTT VEHARI ,MULTAN,01-NOV-81,E
2264,BUC00084, 000,MILLAT FILLING STATION,SARWAR MORE KARAM PUR ROAD MAILSI ,VEHARI,01-NOV-08,E
2265,BUC00129, 000,MINHAJ UL QURAN PUBLIC HIGH SCHOOL,TIBBA SULTAN PUR,VEHARI,01-JUL-11,E
2266,BUB00203, 000,MIRCH MASALA RESTURENT,MULTAN ROAD BUREWALA,VEHARI,01-JAN-13,E
2267,BUC00098, 000,MIRCH MESALA DUBAI PELS HOTEL,MULTAN ROAD GHRAMOR TEHSIL MAILSI DIST VEHARI,VEHARI,01-JAN-12,E
2268,BUA00134, 000,MOHAMMAD RAZA CONTRACTOR ENGRO,HOUSE NO 165 3 BLOCK G ,VEHARI,,E
2269,BUB00230, 000,MOON RICE,"LUDDEN ROAD, BUREWALA",BUREWALA,01-SEP-14,E
2270,BUC00106, 000,MOON WAY PUBLIC SCHOOL,MULTAN ROAD GHRAMORE,VEHARI,01-JAN-13,E
2271,BUB00067, 000,MUGHAL OIL MILLS(CHISHTI OIL MILLS),MULTAN ROAD BUREWALA VEHARI ,MULTAN,01-NOV-89,E
2272,BUC00105, 000,MUHAMMAD DIN FILLING STATION,MULTAN ROAD GHRAMORE,VEHARI,01-JAN-13,E
2273,BUC00114, 000,MUHAMMDI CLOTH HOUSE,PIPLI ROAD GHRA MORE,VEHARI,01-JAN-08,E
2274,BUA00204, 000,MUJAHID KRAKRI STORE,NEAR JINNAH ROAD VEHARI,VEHARI,01-JAN-13,E
2275,AAB00137,BU074,MULLER & PHIPPS PAKISTAN PVT LTD,CHAK NO. 517/EB NEAR OLD DEEWAN E KHAS HOTEL MULTAN ROAD-Burewala,BUREWALA,01-JUN-16,E
2276,BUA00164, 000,MUNEER LAW COLLAGE,PEPPL COLONY VEHARI,VEHARI,01-JAN-13,E
2277,BUB00278, 000,MUNICIPAL COMMITTEE BUREWALA,NEAR GOAL CHOWK BUREWALA,BUREWALA,15-JUN-24,E
2278,BUA00277, 000,MUNICIPAL COMMITTEE VEHARI,JINNAH ROAD VEHARI,ABBASPUR,01-JUL-25,E
2279,BUB00112, 000,MUZAMIL OIL MILLS,MASOOM SHAH ROAD BUREWALA ,MULTAN,01-OCT-96,E
2280,BUB00061, 000,NAJAF COTTON FACTORY,CHAK NO.281-E.B. TEH. BUREWALA (VEHARI) ,MULTAN,01-OCT-89,E
2281,BUA00263, 000,NASER SONS ICE FACTORY,ADDA PAKHI MORE VEHARI,MULTAN,01-JAN-24,E
2282,BUB00149, 000,NASIM OIL MILLS,LAHORE ROAD ,MULTAN,01-NOV-02,E
2283,FAA00408,BO006,NATIONAL RURAL SUPPORT PROGRAMME,HOUSE NO 233 N BLOCK SHARQI COLONY ,MULTAN,01-MAY-98,E
2284,BUC00118, 000,NAWAB RESTURENT,MULTAN ROAD TIBBA SULTAN PUR,VEHARI,01-JAN-12,E
2285,BUC00050, 000,NEELUM SEED,CHOWK MATLA CHAK NO.166/W B TIBBA SULTANPUR TEH MAILSI,MULTAN,01-DEC-86,E
2286,BUA00192, 000,NELUM CLOTH HOUSE,JINNAH ROAD VEHARI,VEHARI,01-JAN-13,E
2287,BUA00183, 000,NEW BHATTI HOTEL,JINNAH ROAD VEHARI,VEHARI,01-JAN-13,E
2288,BUB00216, 000,NEW CHAND BRICKS COMPANY,423/EB TEHSIL BUREWALA,BUREWALA,01-JUN-14,E
2289,BUB00235, 000,NEW CITY BROST,"CLUB ROAD,VEHARI",MULTAN,01-JAN-15,E
2290,BUC00080, 000,NEW MAILSI FLOUR MILLS,ALLA ABAD KARM PUR ROAD ,MAILSI,14-SEP-05,E
2291,BUA00175, 000,NEW MILLAT TRACTOR,MULTAN ROAD VEHARI,VEHARI,01-JAN-13,E
2292,BUA00174, 000,NEW MODERN TRACTOR,MULTAN ROAD VEHARI,VEHARI,01-JAN-13,E
2293,BUB00145, 000,NEW MUZAMAL OIL MILLS,CHAK NO 461/E.B LUDDEN ROAD BUREWALA ,MULTAN,15-NOV-02,E
2294,BUB00148, 000,NIAZ PUBLIC SCHOOL,ADDA PAKHI MORE BUREWALA ROAD ,MULTAN,01-APR-02,E
2295,AAB02541,BU020,NIFT PVT LTD,31-G JINNAH ROAD VEHARI,ABBASPUR,01-JUL-12,E
2296,BUC00124, 000,NIRALA BAKERY,MULTAN ROAD MAILSI,VEHARI,01-JUL-11,E
2297,BUB00171, 000,NIZAMI COTTON FACTORY & OIL MILLS,CHAK-461/E.B LUDAN ROAD ,MULTAN,05-JUN-06,E
2298,BUA00147, 000,NOOR MEHAL HOTEL AND RESTURENT,JINNAH ROAD VEHARI,VEHARI,01-JAN-13,E
2299,BUA00215, 000,NORDIC CABLES,D BLOCK VEHARI,VEHARI,01-JUL-08,E
2300,AAB01904,BU009,ORIX LEASING PAKISTAN LIMITED,137 BLOCK D ,ABBASPUR,01-APR-19,E
2301,BUB00041, 000,PAK MILLAT COTTON GINNING & PRESSING FACTORY,LUDDAN ROAD BUREWALA DISTT VEHARI ,MULTAN,01-DEC-86,E
2302,BUB00172, 000,PAK MILLAT FLOUR MILLS,CHAK-461/E.B LUDAN ROAD ,MULTAN,10-MAR-06,E
2303,BUC00138, 000,PAK PUNJAB HOTEL,COLONY ROAD MAILSI,VEHARI,01-JUL-11,E
2304,BOC00085,BO001,PAKEEZA RICE AND GENERAL MILLS ,MOUZA DESI BASTI MALKOOK DUNIAPUR ROAD TEHSIL DUNIAPUR DISTRICT LODHRAN ,DUNYAPUR,01-JUL-23,E
2305,BOA02593, 000,PAKLAND FEED PVT LTD,"DOKOTA ROAD, MITRO, TEHSIL MAILSI",MAILSI,01-DEC-16,E
2306,AAF00366,BU004,PAN PACIFIC PVT LTD,402 BLOCK-S MAIN ROAD SHARQI COLONY ,MULTAN,01-JAN-91,E
2307,BUA00131, 000,PASBAN COTTON INDUSTRIES,63/WB MAILSI ROAD ,MULTAN,01-OCT-08,E
2308,BUC00137, 000,PASBAN PUBLIC HIGH SCHOOL,MAILSI,VEHARI,01-JAN-11,E
2309,BIA01123,BU003,PASSCO,KHANEWAL ROAD ,MULTAN,01-JUL-97,E
2310,BUA00120, 000,PENZ PETROLEUM INDUSTRIES,NEAR PULL-14 MULTAN ROAD ,MULTAN,01-APR-06,E
2311,BOE00119, 000,PHFMC - VEHARI,CEO DHA COMPLEX OPPOSITE DHQ HOSPITAL SHARQI COLONY,MULTAN,01-JUL-17,E
2312,BUA00189, 000,PILOT GIRLS HIGH SCHOOL,CHAK NO 1/WB BUREWALA ROAD ADDA PEKHIMOR,VEHARI,01-JAN-13,E
2313,BUA00190, 000,PILOT PUBLIC HIGH SCHOOL,CHAK NO 1/WB BUREWALA ROAD ADDA PEKHIMOR VEHARI,VEHARI,01-JAN-13,E
2314,BUA00188, 000,PILOT SECONDARY SCHOOL OF SCIENCE,CHAK NO 1/WB MAIN BUREWALA ROAD ADDA PEKHIMOR,VEHARI,01-JAN-13,E
2315,BUA00069, 000,PINDI OIL MILLS (MUNIR & CO),CHITTI PULLI MULTAN ROAD VEHARI. ,MULTAN,01-MAR-87,E
2316,BUB00281, 000,POPY SHOPPING MART,LAHORE ROAD BUREWALA,BUREWALA,01-NOV-25,E
2317,BUA00239, 000,POULTRY INTERNATIONAL,93 WB-ADDA PIR MURRAD MULTAN ROAD,MULTAN,01-JUL-17,E
2318,AAB00478,BU009,PREMIER INSURANCE CO OF PAKISTAN LTD,B-22 GHALLA MANDI ,MULTAN,01-APR-91,E
2319,BOE00128, 000,PRISTINE CHEMICAL (PVT),"PLOT NO.22-23 INDUSTRIAL ESTATE, VEHARI",MULTAN,01-JAN-22,E
2320,BUA00062, 000,PROVENCO GINNERS PVT LTD(M.K COTTON FAC),KARAMPUR ROAD 55-WB P O BOX NO.73 VEHARI ,MULTAN,01-NOV-86,E
2321,BUB00196, 000,PUNJAB COLLAGE BUREWALA,NAHER WALA BENGLA BUREWALA,VEHARI,01-JAN-12,E
2322,BUC00100, 000,PUNJAB COLLAGE MAILSI,MAILSI,VEHARI,01-JAN-13,E
2323,BUA00160, 000,PUNJAB COLLAGE VEHARI,3 KM LUDDEN ROAD VEHARI,VEHARI,01-JAN-13,E
2324,BUA00104, 000,PUSHIA COTTON GINNING & PRESSING,CHAK NO 34W/B KHANEWAL ROAD ,MULTAN,01-JAN-92,E
2325,BUC00038, 000,QAMMAR (FARAN) COTTON,KAHROR PAKKA ROAD MAILSI DISTT VEHARI. ,MULTAN,22-OCT-86,E
2326,BUB00147, 000,QARNI OIL MILLS,LUDDEN ROAD BUREWALA ,MULTAN,01-NOV-02,E
2327,BBA00157,BO049,R B S MAILSEE,PTV RE-BROAD CAST STATION MAILSEE ,MULTAN,11-JAN-99,E
2328,BUA00136, 000,RAFIQ PRECAST CONCRETE,89/WB 10KM MULTAN ROAD,VEHARI,01-APR-09,E
2329,BIA01991,BU091,RAFUM RETAIL PVT LTD. (BORJAN SHOE STORE),"JAMIA MASJID ROAD,",KHANEWAL,01-APR-25,E
2330,BIA01991,BU089,RAFUM RETAIL PVT LTD. (BORJAN SHOE STORE), MULTAN VEHARI RD NEARBY ITTEFAQ BUS STAND BUREWALA ,MULTAN,01-APR-25,E
2331,BIA01991,BU092,RAFUM RETAIL PVT LTD. (BORJAN SHOE STORE),KHANEWAL ROAD KABIRWALA,KABIRWALA,01-APR-25,E
2332,BIA01991,BU088,RAFUM RETAIL PVT LTD. (BORJAN SHOE STORE),JINNAH RD VEHARI,MULTAN,01-APR-25,E
2333,BIA01991,BU090,RAFUM RETAIL PVT LTD. (BORJAN SHOE STORE), MULTAN VEHARI RD NEARBY ITTEFAQ BUS STAND BUREWALA ,MULTAN,01-APR-25,E
2334,BUC00142, 000,RAI MOHBET ALI KHRAL BRICKS,CHAK NO 84/WB TEHSIL MAILSI,MAILSI,01-JAN-13,E
2335,BUA00048, 000,RAIK CO OIL MILLS,BUREWALA ROAD TEHSIL VEHARI DISTRICT VEHARI ,MULTAN,15-NOV-84,E
2336,BUC00139, 000,RAJA BHATTA KHASHT,PIPLI ROAD 82/WB P/O 88/WB TEHSIL MAILSI,VEHARI,01-JUL-04,E
2337,BUA00064, 000,RAMAY MODEL GINNING FACTORY,15 K-M LUDDEN ROAD VEHARI ,MULTAN,01-DEC-86,E
2338,BUC00141, 000,RANA AL SIDIQUE BRICKS,MULTAN ROAD ADDA 86/WB,VEHARI,01-JUL-02,E
2339,BUC00111, 000,RASHEED SERGICAL HOSPITAL,MULTAN ROAD GHRA MORE,VEHARI,01-JAN-13,E
2340,BUC00144, 000,RASHEED SERJICAL HOSPITAL,MULTAN ROAD GHRAMOR TEHSIL MAILSI DIST VEHARI,VEHARI,01-MAR-01,E
2341,BOA03307, 000,READY GUARD SECURITY SERVICES (PVT) LTD,SHEEL VEHARI DEPOT,MULTAN,01-NOV-21,E
2342,BOE00126, 000,REHAN PUBLIC HIGH SCHOOL,NEAR A C. OFFICE TOLTAX MAILSI DISTT. VEHARI,MAILSI,01-JAN-20,E
2343,BUC00136, 000,REHAN PUBLIC HIGH SCHOOL,MAILSI,VEHARI,01-JUL-11,E
2344,BUA00075, 000,REHMAN TRAD CO MOD GIN & PRE & OIL MILLS,CHACK NO-93/WB VEHARI ,MULTAN,21-NOV-87,E
2345,BUA00235, 000,RIASAT BAKERS,ARIF BAZAR BUREWALA,MULTAN,01-JAN-17,E
2346,BUA00155, 000,ROZA TUL ATFAL SCHOOL,OPPOSIT QUAID E AZAM SHERQI COLONY VEHARI,VEHARI,01-JAN-11,E
2347,BUA00140, 000,S S CNG STATION,7/WB BURE WALA ROAD,VEHARI,01-OCT-08,E
2348,BUA00243, 000,"S. S. FEED MILLS (PVT) LTD,","27 WB LUDDEN ROAD, VEHARI",MULTAN,10-JUN-17,E
2349,BUB00068, 000,S.J. INDUSTRIES,LUDDEN ROAD BUREWALA. ,MULTAN,01-DEC-89,E
2350,BUA00103, 000,S.S.OIL MILLS LTD,27/W.B.LUDDEN ROAD ,MULTAN,01-SEP-93,E
2351,BUC00102, 000,SAADI PUBLIC SCHOOL,MULTAN ROAD GHRAMORE,VEHARI,01-JAN-13,E
2352,BUB00115, 000,SAFDAR NAEEM OIL MILLS,SHADAB ROAD CHAK NO 505/E.B BUREWALA ,MULTAN,01-NOV-96,E
2353,BUA00112, 000,SAGE IMPEX,KHANEWAL ROAD ,MULTAN,01-AUG-01,E
2354,BUB00118, 000,SAGHIR BROTHERS COTTON FACTORY,JAMLEERA ROAD BUREWALA ,MULTAN,01-OCT-96,E
2355,BUC00088, 000,SALEEM CNG STATION,ASIM CHOWK,TIBBA SULTAN PUR,01-NOV-09,E
2356,BUC00018, 000,SALIM COTTON INDUSTRIES,TIBBA SULTANPUR TEHSIL MAILSI DISTRICT VEHARI. ,MULTAN,01-MAR-81,E
2357,BUA00200, 000,SANABIL CNG,MULTAN ROAD VEHARI,VEHARI,01-JAN-13,E
2358,BUB00124, 000,SAQIB OIL MILLS,MULTAN ROAD NEAR SUKH BIAS BUREWALA ,MULTAN,01-NOV-97,E
2359,BUA00221, 000,SARDAR BRICKS COMPANY,5-WB NEAR PETROL PUMP BUREWALA ROAD VEHARI,ABBASPUR,01-MAY-14,E
2360,BUB00213, 000,SARDAR JEE COTTON INDUSTRIES,7-KM LUDDAN ROAD ,BUREWALA,02-SEP-13,E
2361,BUC00022, 000,SARDAR JHANDEE INDUSTRIES LTD.,TEHSIL MAILSI POST OFFICE SARDAR P JHANDEER DISST VEHARI.,MULTAN,01-NOV-80,E
2362,BOA01403,BU001,SARRCO CONSTRUCTION COMPNY,CHITTI PULLI MULTAN ROAD VEHARI,VEHARI,01-JUL-10,E
2363,BUB00249, 000,SAVERA FEEDS,148EB VEHARI,MULTAN,01-JUL-17,E
2364,BUC00131, 000,SELMAN PUBLIC HIGH SCHOOL,TIBBA SULTAN PUR,VEHARI,01-JUL-11,E
2365,BOE00134, 000,SERVIS SHOES ( SIL ),SERVIS SHOE  STORE CLUB ROAD VEHARI,MULTAN,01-OCT-21,E
2366,BOE00133, 000,SERVIS SHOES (SIL ) BUREWALA-1 (SB-023),"SERVIS SHOE STORE, AL REHAN CENTRE BUREWALA OPP. STYLO SHOES MULTAN ROADBUREWALA",MULTAN,01-JUL-17,E
2367,BOE00135, 000,SERVIS SHOES (SIL) (SB-75),"SERVICE SHOE STORE LUDDEN  ROAD,VEHARI-II VEHARI",MULTAN,01-SEP-21,E
2368,BOE00132, 000,SERVIS SHOES (SIL)BUREWALA-2BUREWALA,"SERVIS SHOES STORE 505-C BLOCK,BUREWALA",MULTAN,01-JAN-21,E
2369,BOE00131, 000,SERVIS SHOES (SLIP)(SB-122),SERVOS SHOE STORE TEHSIL  ROAD VEHARI-3 VEHARI,MULTAN,01-MAY-22,E
2370,BUA00079, 000,SETHI COTTON GINNING & PRESSING FACTORY,I-W-B- BUREWALA ROAD VEHARI ,MULTAN,09-SEP-87,E
2371,BUA00177, 000,SHAHI QILA HOTEL &RESTURENT,LUDDEN ROAD VEHARI,VEHARI,01-JAN-13,E
2372,BUA00226, 000,SHAKOOR HUSSAIN BHUTTA KHASHT,ADA 27 BHATHA LUDDEN ROAD VEHARI,ABBASPUR,01-MAY-14,E
2373,BUA00275, 000,SHAMS COLLEGE OF NURSING,4 KM BUREWALA ROAD VEHARI,ABBASPUR,01-SEP-25,E
2374,BUA00044, 000,SHAN COTTON FAC(HASEEB COTTON FAC),KACHAKHU ROAD POST OFFICE TEHSIL & DISTRICT VEHARI. ,MULTAN,01-DEC-81,E
2375,BUB00074, 000,SHEIKH COTTON & PRESSING FACTORY,NEAR MIAN CHANNU MORE MULTAN ROAD BUREWALA ,MULTAN,01-OCT-91,E
2376,BUC00134, 000,SHEKOORI BAKERY,MULTAN ROAD MAILSI,VEHARI,01-JUL-11,E
2377,AAB00179,BU017,SHELL PAKISTAN LIMITED,OLD LARI ADDA ,ABBASPUR,01-JUL-84,E
2378,BUA00149, 000,SHERRI HOTEL AND RESTURENT,LUDDAN ROAD VEHARI,VEHARI,01-JAN-11,E
2379,AAE00048,BU004,SHEZADA SECURITY SERVICES (PVT) LTD,CONTRACTOR D.L.L BUREWALA,BUREWALA,01-DEC-09,E
2380,BUA00056, 000,SILVER STAR COTTON FAC(BISMILLAH COTTON FAC),CHACK NO-93/WB MULTAN ROAD VEHARI. ,MULTAN,15-OCT-86,E
2381,BUA00191, 000,SITTARA CLOTH HOUSE,NEAR JINNAH ROAD VEHARI,VEHARI,01-JAN-11,E
2382,BUB00202, 000,SOFI CNG,LAHORE ROAD BUREWALA,VEHARI,01-JAN-13,E
2383,BUA00184, 000,SOGHRA HOSPITAL,TARIQ BIN ZAYAD COLONY LUDDEN ROAD VEHARI,VEHARI,01-JAN-13,E
2384,BUB00270, 000,STEP SCHOOL BUREWALA CAMPUS ,NEHARWALA BANGLA AZEEMABAD BUREWALA,BUREWALA,01-DEC-23,E
2385,BUB00239, 000,STYLO FRANCHIES (VEHARI),"100-C JINNAH ROAD,VEHARI",MULTAN,03-MAR-16,E
2386,BUB00238, 000,STYLO FRANCHISE BUREWALA,"MUJAHID SHOES, AL REHMAN CENTER, NEAR TELEHPONE EXCHANGE, MULTAN ROAD,BUREWALA",BUREWALA,02-JAN-16,E
2387,BOA03635, 000,STYLO FRANCHISE-BUREWALA ARIF BAZAR WH,PLOT # 142 143 M BLOCK ARIF BAZAR BUREWALA,BUREWALA,18-APR-23,E
2388,BUB00225, 000,SUKHERA COTTON FACTORY,DEWAN SAHB ROAD ,BUREWALA,01-JUL-15,E
2389,BOA02537, 000,SULTAN TELCO,18- A CLUB ROAD DIST VEHARI,MULTAN,01-AUG-16,E
2390,BUA00176, 000,SUN LITE WORKSHOP,MULTAN ROAD VEHARI,VEHARI,01-JAN-13,E
2391,BUA00258, 000,SUPERIOR COLLEGE,94/W.B. GARHA MORE VEHARI,MULTAN,01-SEP-21,E
2392,BUB00227, 000,SUPERIOR COLLEGE,"REHMAN TOWN,MAILSI",MAILSI,01-JAN-14,E
2393,BUA00231, 000,SUPERIOR COLLEGE,BUREWALA ROAD,MULTAN,01-OCT-15,E
2394,BUB00219, 000,SUPERIOR COLLEGE,BUREWALA,BUREWALA,01-JAN-15,E
2395,BUB00261, 000,SUPERIOR GROUP OF COLLEGE,"MAIN LAHORE ROAD, GAGOO MANDI BUREWALA DISTT.VEHARI",BUREWALA,01-JUL-21,E
2396,BOE00129, 000,SURAYYA ASLAM & ALLIED PRODUCTS (PVT) LTD,PLOT NO.139 INDUSTRIAL ESTATE VEHARI,MULTAN,15-FEB-22,E
2397,BUA00173, 000,SUZUKI MOTORS,LUDDEN ROAD VEHARI,VEHARI,01-JAN-13,E
2398,BUB00279, 000,SWEET CREME,MULTAN ROAD AL YAQEEN TRADE CENTER BUREWALA,BUREWALA,01-APR-25,E
2399,AAB00240,BU008,SYNGENTA PAKISTAN LIMITED,KHANEWAL ROAD ,VEHARI,01-OCT-99,E
2400,AAC01131,BU011,T C S PVT LTD,T C S PVT LTD SHOP NO 18 EAST CLUB ROAD VEHARI,MULTAN,01-AUG-86,E
2401,BUB00165, 000,TABINDA MODEL HIGH SCHOOL(FOR GIRLS)," 9 C, College Road Burewala-Vehari ROAd, Burewala. ",MULTAN,01-APR-01,E
2402,BUB00090, 000,TAHIR COTTON FACTORY,KAMAND ROAD NEAR CHAK NO.513 E.B BUREWALA ,MULTAN,15-NOV-91,E
2403,BUB00054, 000,TAHIR FLOUR MILLS,CHICHAWATNI ROAD BUREWALA district vehari,BUREWALA,15-OCT-88,E
2404,BUA00127, 000,TAJ FLOUR MILLS,BURE WALA ROAD ,MULTAN,01-MAY-08,E
2405,BUB00198, 000,TANA BANA BUREWALA,COLLAGE ROAD BUREWALA,VEHARI,01-JAN-13,E
2406,BUA00178, 000,TANA BANA CLOTH HOUSE,JINNAH ROAD VEHARI,VEHARI,01-MAY-13,E
2407,BUB00263, 000,TANDURI HOTEL,BUREWALA GARDEN SOCIETY MULTAN ROAD BUREWALA,BUREWALA,01-JAN-22,E
2408,BUA00123, 000,TARAR COTTON FACTORY,KARAM PUR ROAD ,MULTAN,01-SEP-04,E
2409,BUA00199, 000,TARER HAIDER CNG,BUREWALA ROAD VEHARI,VEHARI,01-JAN-13,E
2410,BUC00113, 000,TARIQ HOSPITAL,PIPLI ROAD GHRA MORE,VEHARI,01-JAN-13,E
2411,AAC01131,BU014,TECHNOLOGY COMM'ION & SUPPLIES (PVT) LTD,OPP COLLEGE ROAD MULTAN ROAD BUREWALA. ,MULTAN,01-NOV-86,E
2412,BUA00159, 000,THE ALLIED PUBLIC SCHOOL,LUDDEN ROAD VEHARI,VEHARI,01-JAN-13,E
2413,BUB00200, 000,THE ALLIED PUBLIC SCHOOL GAGGO,COLLAGE ROAD BUREWALA,VEHARI,01-JAN-13,E
2414,BUB00211, 000,THE BLOOM FIELD SCHOOL BUREWALA,COLLAGE ROAD BUREWALA,VEHARI,01-JUL-11,E
2415,BUA00206, 000,THE CENTRAL COLLAGE VEHARI,G BLOCK SHERQI COLONY VEHARI,VEHARI,01-JAN-13,E
2416,AAF01466,BO038,THE CITIZEN FOUNDATION SCHOOL(VEHARI),DISTRICT VEHARI,MULTAN,01-JUL-15,E
2417,BUB00170, 000,THE CITY SCHOOL PVT LTD,4-C BLOCK BUREWALA ,MULTAN,01-SEP-04,E
2418,BUA00111, 000,THE CITY SCHOOL PVT LTD,Ikram building near madina petroleum multan road vehari,VEHARI,02-MAR-01,E
2419,BUA00247, 000,THE COUNTRY SCHOOL,"39-N SHARQI COLONY,VEHARI",MULTAN,02-JAN-17,E
2420,BUC00101, 000,THE COUNTRY SCHOOL MAILSI,MAILSI,VEHARI,01-JAN-13,E
2421,BUC00127, 000,THE CREATIVE HIGH SCHOOL,MULTAN ROAD TIBBA SULTAN PUR,VEHARI,01-JAN-11,E
2422,BUB00248, 000,THE EDUCATOR (GULGASHT CAMPUR),"DANEWAL TOWN,VEHARI",MULTAN,01-JUL-17,E
2423,BUA00167, 000,THE EDUCATOR COLLAGE,NEAR ADDA PEER MURAD MULTAN ROAD VEHARI,VEHARI,01-JAN-13,E
2424,BUA00208, 000,THE EDUCATOR COLLAGE FOR GIRLS VEHARI,LUDDEN ROAD VEHARI,VEHARI,01-JAN-13,E
2425,BUC00107, 000,THE EDUCATOR SCHOOL SYSTEM 114/WB,CHAK NO 114/WB TEHSIL MAILSI DIST VEHARI,VEHARI,01-JAN-13,E
2426,BUA00230, 000,THE EDUCATORS ,NEAR WARRIACH TOWN,BUREWALA,01-JUL-13,E
2427,BUA00126, 000,THE EDUCATORS-GHAZALI CAMPUS,234-MAIN ROAD SHARQI COLONY ,MULTAN,01-MAR-08,E
2428,BUA00181, 000,THE GENIUS PUBLIC SCHOOL,KACHI MENDI VEHARI,VEHARI,01-JAN-13,E
2429,BUA00171, 000,THE GRAMMER PUBLIC SCHOOL,D BLOCK VEHARI,VEHARI,01-JAN-13,E
2430,BUB00280, 000,THE IMPERIAL COLLEGE BUREWALA,2/94 I BLOCK CIVIL LINENS BUREWALA,BUREWALA,01-JUL-25,E
2431,BUA00172, 000,THE KAMAL CARE HOSPITAL,JINNAH ROAD VEHARI,VEHARI,01-JAN-13,E
2432,BUB00212, 000,THE LAHORE SCHOOL SYSTEM BUREWALA,COLLAGE ROAD BUREWALA,VEHARI,01-JUL-11,E
2433,BUC00103, 000,THE LYCEM PUBLIC SCHOOL,MULTAN ROAD GHRA MORE,VEHARI,01-JAN-13,E
2434,BUA00158, 000,THE MUSLIM PUBLIC SCHOOL,H BLOCK VEHARI,VEHARI,01-JAN-13,E
2435,BUA00157, 000,THE PILOT PUBLIC SCHOOL,G BLOCK SHERQI COLONY VEHARI,VEHARI,01-JAN-10,E
2436,BUA00163, 000,THE PROGRESSIVE LAW COLLAGE,FAISAL COLONY VEHARI,VEHARI,01-JAN-13,E
2437,BUA00249, 000,"THE PUBLIC GIRLS HIGH SCHOOL,VEHARI","153 G BLICK,VEHARI",MULTAN,01-JAN-10,E
2438,BUA00168, 000,THE PUNJAB INSTITUTE OF TECHNALOGY,PEPPL COLONY VEHARI,VEHARI,01-JAN-13,E
2439,BUC00109, 000,THE PUNJAB PUBLIC SCHOOL,PIPLI ROAD GHRA MORE,VEHARI,01-JAN-10,E
2440,BUA00248, 000,THE SAVVY SCHOOL,"156 G BLOCK,VEHARI",ABBASPUR,01-MAR-18,E
2441,BUA00207, 000,THE SMART SCHOOL,G BLOCK VEHARI,VEHARI,01-APR-13,E
2442,BUB00205, 000,THE SPIRIT SCHOOL,MERZI PURA MULTAN ROAD BUREWALA,VEHARI,01-JUL-11,E
2443,BUA00246, 000,THE STANDARD SCHOOL,"53-N SHARQI COLONY,VEHARI",MULTAN,02-JAN-17,E
2444,BUA00156, 000,THE VISION PUBLIC SCHOOL,G BLOCK VEHARI,VEHARI,01-JAN-12,E
2445,BUA00162, 000,THE ZITA LAW COLLAGE,FAISAL COLONY VEHARI,VEHARI,01-JAN-13,E
2446,BUC00091, 000,THREE STAR FILLING STATION,CHAK 158/WB,MAILSI,01-FEB-08,E
2447,BUB00268, 000,THREE STAR FLOUR MILLS,"KARAMPUR ROAD, MAILSI",MAILSI,01-JAN-22,E
2448,BUC00071, 000,THREE STAR FLOUR MILLS PVT LTD,KARAMPUR ROAD ALLAHBAD MAILSI VEHARI. ,MULTAN,01-NOV-95,E
2449,BUB00242, 000,TIBA PETROLEUM SERVICE,TIBA SULTAN PUR MAILSI,MULTAN,01-JAN-16,E
2450,BUA00271, 000,TRANGO CONSULTANTs (DPEBSL-GHS-WB(JV)) (BUREWALA),GULSHAN REHMAN PHASE 2 STREET # 1 CHUNGI # 5 BUREWALA,BUREWALA,24-JAN-25,E
2451,BUA00270, 000,TRANGO CONSULTANTs (DPEBSL-GHS-WB(JV))( MAILSI),"SHEER GARH ROAD , RCA COLONY NEAR BILAL CHOWK ",MAILSI,01-JAN-25,E
2452,BUB00264, 000,TUHFA SWEET,"BUNGALOW CANAL LINK CHICHAWATNI ROAD, BUREWALA",BUREWALA,01-JAN-22,E
2453,BUB00273, 000,UMER SAEED GOVT SAND CONTRACTOR,MARZIPURA STREET # 14 MADINA COLONY BUREWALA,BUREWALA,01-SEP-24,E
2454,BUB00257, 000,UNIQUE POULTRY PROTEIN,"513-EB-KOMAND ROAD, BUREWALA",BUREWALA,01-JAN-20,E
2455,BUB00271, 000,UNITED CHARTER SCHOOL,CANAL ROAD BUREWALA,BUREWALA,01-JAN-24,E
2456,BUB00062, 000,UNITED OIL MILLS,519/E.B MULTAN ROAD BUREWALA ,MULTAN,04-NOV-89,E
2457,BUC00092, 000,UNIVERSAL GAS STATION ,MOUZA CHAK LANGAH,MAILSI,01-NOV-07,E
2458,FAA00087,BU041,UTILITY STORES CORPORATION VEHARI REGION,BISMILLAH OIL MILLS 1-KM KHANEWAL ROAD VEHARI,MULTAN,01-JUL-07,E
2459,BUA00141, 000,VEHARI CNG STATION,BUREWALA ROAD,VEHARI,01-MAR-08,E
2460,BUA00125, 000,VEHARI FLOUR MILLS,KHANEWAL ROAD ,MULTAN,01-APR-08,E
2461,BUA00107, 000,VEHARI HOMEOPATHIC MEDICAL COLLEGE & HOSPITAL,167 G BLOCK ,MULTAN,01-JUL-98,E
2462,BUA00213, 000,VEHARI PRESS CLUB,JINNAH ROAD VEHARI,VEHARI,01-JAN-13,E
2463,BUB00240, 000,WALI CENTRE,"VEHARI ROAD,MAILSI",MULTAN,01-JAN-17,E
2464,BOA00000,BO000,WASEELA ASSOCIATES,77/2 MODEL TOWN MAILSI. DISTRICT VEHARI55555,MAILSI,01-JAN-13,E
2465,BOA02532, 000,WELCOME COMMUNICATION ,98 VEHARI BAZAR NEAR PAK MADINA BAKERS ,BUREWALA,01-AUG-16,E
2466,BUB00071, 000,WHITE ROSE COTTON GINN'G & PRESS'G FAC'Y,473/E.B. MASOOM SHAH RUTTA TIBA ROAD BUREWALA ,MULTAN,15-NOV-91,E
2467,BUB00164, 000,WORTH AGRO CHEMICALS,LAHORE ROAD GAGGOO ,MULTAN,01-DEC-03,E
2468,BUC00026, 000,YASRAB COTTON FACTORY,MOUZA KIKRI KHOURD MAILSI DISTT VEHARI ,MULTAN,01-JAN-85,E
2469,BUB00035, 000,YOUNAS BROTHERS COTTON FAC,GAGGO TEHSIL BUREWAL DISTRICT VEHARI POST OFFICE GAGGO ,MULTAN,01-OCT-80,E
2470,BUB00256, 000,Z.H.A. FOODS,8-K.M. CHICHAWATNI ROAD BUREWALA,BUREWALA,01-SEP-20,E
2471,BUA00115, 000,ZAFAR OIL MILLS,ADDA 24/W.B KHANEWAL ROAD ,MULTAN,01-NOV-03,E
2472,BUA00065, 000,ZAHEER COTTON GINNING & PRES FACT & OIL MILL,531-E B FOUJIANWALA DISTT VEHARI ,MULTAN,01-DEC-86,E
2473,BUB00120, 000,ZAHEERABAD SEED CORPORATION AND NOOR COLD STO,MULTAN ROAD CHAK 531 ZAHEER NAGAR BUREWALA ,MULTAN,01-JAN-95,E
2474,BUA00202, 000,ZAIQA RESTURENT,LUDDEN ROAD VEHARI,VEHARI,01-APR-13,E
2475,BUA00094, 000,ZIA MODEL COTTON GIN'G & PRES'G FACTORY,BUREWALA ROAD VEHARI ,MULTAN,15-DEC-90,E
2476,BUB00075, 000,brother cotton ginners & oil mills,MULTAN ROAD BUREWALA ,MULTAN,01-NOV-91,E
2477,BOA03699, 000,14TH STREET PIZZA (ZAKARIYA FOODS),"NOON CHOWK, PLOT NO. 61, BLOCK S, NEW MULTAN",MULTAN,01-MAR-22,F
2478,BOA03912, 000,A AND Y OIL MILLS PVT LTD,ADDA CHAWAN WALA DUNYAPUR ROAD MULTAN,MULTAN,17-AUG-21,F
2479,BOA01386, 000,A Z OILS PVT LTD ,12KM OPPOSITE ANEES TEXTILE BAHAWLPUR RD MULTAN,MULTAN,01-JUL-09,F
2480,BOA02365, 000,A.F. INTERNATIONAL,MOUZA NOOR PUR BAHAWAL PUR ROAD,MULTAN,01-JAN-13,F
2481,BOA03308, 000,AA MART,"D- MARKET, SHAH RUKN-E-ALAM",MULTAN,01-JAN-21,F
2482,BOA02303, 000,ABID PETROLEUM SERVICE,BAHAWALPUR ROAD MOZA QADIR LAAR,MULTAN,01-MAR-15,F
2483,BOA00490, 000,ACRO SPINNING & WEAVING MILLS LIMITED ,ADDU SADIQWALA MOUZA PEER TANOO BAHAWALPUR ROAD NEAR BASTI MALOOK ,MULTAN,01-JAN-93,F
2484,BOA02659, 000,ADMIRE COLLEGE OF SCIENCE AND COMMERCE,Malik ashfaq nadra kiosk basti khair shah nawabpur road Multan,MULTAN,01-APR-17,F
2485,BOA02602, 000,AFTAB RICE,"NEAR SADIQ TEXTILE,VEHARI ROAD",MULTAN,01-DEC-16,F
2486,BLA01213,BO027,AFZAL ELECTRONICS,"MUMTAZABAD CHOWK, VEHARI ROAD",MULTAN,01-NOV-17,F
2487,BLA01213,BO031,AFZAL ELECTRONICS,"PLOT#4, Y-BLOCK, MAIN GULSHAN MARKET",MULTAN,01-NOV-17,F
2488,BOA03079, 000,AGOSH PUBLIC SCHOOL,MOHALLAH KHAWAJA GHARIBNAWAZ LINK STADIUM ROAD VEHARI ROAD MULTAN,MULTAN,01-JAN-17,F
2489,BOA00569,BO001,AHMED FINE WEAVING LTD UNIT NO. I,NEAR ADDA BASIRA BHAWALPUR ROAD ,MULTAN,01-JUN-01,F
2490,BOA02145, 000,AHMED HASHMIM AUTOS,GOPAL PUR BAHAWALPUR ROAD ,MULTAN,01-JAN-14,F
2491,BOA01676, 000,AHSAN PETROLIUM STATION,NEAR SOUTHERN BYPASS VEHARI ROAD MULTAN,MULTAN,01-JUL-10,F
2492,BOA03110, 000,AJWA FEED,GOPALPUR BAHAWLPUR ROAD MULTAN,MULTAN,01-FEB-20,F
2493,BOA03172, 000,AKHTAR LOGISTICS SERVICES,"12 KM BAHAWALPUR ROAD, MUNIRABAD",MULTAN,01-JUL-20,F
2494,BOA02634, 000,AKSA TEX STYLE INDUSTRIES,ahmed pura nehar naubahar sameejabad 1 multan,MULTAN,01-MAR-17,F
2495,BOA03712, 000,AL ARAB SHOES,"RANA TOWN, NEAR SABZI MANDI ",MULTAN,01-JAN-23,F
2496,BOA03812, 000,AL HABIB FOODS,19-KASSI BUDHLA SANT ROAD,MULTAN,01-JAN-20,F
2497,AAF01985,BO051,AL HAFI & CO (PRIVET) LIMITED,"WORKSITE: GLACIERS (PVT) LTD. BAHWALPUR BY PASS, GOPAL PURRAH, MULTAN",MULTAN,01-NOV-18,F
2498,AAF01985,BO042,AL HAFI & CO (PRIVET) LIMITED,"27-B, NEW SHAH SHAMS HOUSING SCHEME, VEHARI ROAD",MULTAN,01-NOV-17,F
2499,BOA03917, 000,AL HAMD PETROLEUM SERVICE (N3),NEAR SHAH RUKAN-E-ALAM METRO STATION NEW MULTAN,MULTAN,01-MAR-25,F
2500,BOA00793, 000,AL HARAM ENTERPRISES FORMERLY AL HARAM EMBROIDERY,GARDEZI MORE BASTI SHAKER WALA BAHAWALPUR ROAD ,MULTAN,26-JUN-02,F
2501,BOA00001, 000,AL HILAL INDUSTRIES PVT LTD ,VEHARI ROAD P O SULTAN NAGAR MULTAN ,MULTAN,01-JUL-76,F
2502,BOA01558, 000,AL KAFAYA SWEETS NADEEM BAKERS,GULSHAN MARKET NEW MULTAN,MULTAN,01-JUL-10,F
2503,BOA03076, 000,AL KARIM OIL,GARDEZI MORE BAHAWALPUR ROAD MU8LTAN,ABBASPUR,01-SEP-19,F
2504,BOA03195, 000,AL KENOUZ PAKISTAN,"PLOT NO.19, STREET NO. P, BLOCK Z, NEW MULTAN COLONY",MULTAN,01-OCT-20,F
2505,BOA01595, 000,AL KHAIR SWEET BAKERS,VR. CHOWK VR. ROAD MULTAN,MULTAN,01-JUL-10,F
2506,BOA01353, 000,AL KHAIR SWEETS ,GULSHAN MARKET NEW MULTAN ,MULTAN,01-MAR-10,F
2507,BOA01883, 000,AL KHALIL COLD STORAGE & ICE FACTORY,BEHIND TARIQ FLOUR MILLS QASIM PUR COLONY BAHAWALPUR ROAD ,MULTAN,01-JAN-11,F
2508,BOA01486, 000,AL MADINA PACKAGES ,04 KM BWP ROAD ADA MUNIRABAD MULTAN ,MULTAN,01-JAN-11,F
2509,BOA01249, 000,AL MAKKI FUELS CNG,VEHARI CHOWK MULTAN,MULTAN,01-JUL-09,F
2510,BOA03653, 000,AL MALIK ENTERPRISES,"HOUSE NO. 265, TAUGLAQ TOW ",MULTAN,01-JUL-23,F
2511,BOA03091, 000,AL MANARA COLLEGE OF PHARMACY,"M.A Jinnah Road, Near Hascol Petrol Pump, Adjacent Jamia Masjid Ismail, Multan.",MULTAN,01-JAN-19,F
2512,BOA01367, 000,AL MUQEET SECURITY SERVICES (PVT) LTD,ALEEM CENTRE BLOCK-E SHAH RUKAN-E-ALAM COLONY,MULTAN,01-JAN-10,F
2513,BOA02063, 000,AL MUSTAQEEM PETROL PUMP (SHELL),MAKHDOOM RASHEED CITY VEHARI ROAD,MULTAN,01-JAN-12,F
2514,BOA03771, 000,AL NAFAY COTTON WASTE FACTORY,3-KM BWP ROAD MULTAN,MULTAN,01-JUL-23,F
2515,BOA03565, 000,AL NAIMAT RESTAURANT & BAR B Q,GULSHAN MARKET MULTAN,MULTAN,01-JUL-22,F
2516,BOA03112, 000,AL QURESH FILLING STATION,NEAR MOTORWAY INTERCHANGE BAHAWALPUR ROAD MULTAN,MULTAN,01-JAN-20,F
2517,BOA03557, 000,AL RAFFAY HYPER MART,GULSHAN MARKET OPP. MUNICIPAL CORP. NEW MULTAN,MULTAN,01-JUL-22,F
2518,BOA02062, 000,AL RAZZAQ PETROL PUMP (TOTAL),NEAR HOOR GHEE MILLS 17-KASSI VEHARI ROAD ,MULTAN,01-DEC-12,F
2519,BOA03449, 000,AL REHMAN PHARMACY,"D MARKET, SHAH RUKN-E-ALAM",MULTAN,01-JUL-19,F
2520,BOA02066, 000,AL SAMAD PLYWOOD,OPPOSITE ISLAMI RICE FACTORY ADDA MUNIRABAD BAHAWALPUR ROAD,MULTAN,01-JAN-12,F
2521,BOA03443, 000,AL SHAFI FLOUR MILLS,"BASTI ALLABAD, GARDEZI MORE BWP ROAD",MULTAN,01-JAN-22,F
2522,BOA02088, 000,AL UMER FLOUR MILLS,LEASER SALEEM INDUSTRY 17 KASSI VEHARI ROAD,MULTAN,01-NOV-13,F
2523,BOA02306, 000,AL-BARKAt DIAGONASTIC CENTER,677-E SHAH RUKNE ALAM COLONY MULTAN,MULTAN,01-JUN-12,F
2524,BOA00923, 000,AL-FURQAN TEX,MOUZA GOPALL PUR GARDEZI MORE BAHAWALPUR ROAD ,MULTAN,15-FEB-04,F
2525,BOA02457, 000,AL-HARAM RICE MILLS,18 KASSI MOUZA JHOK LASHKARPUR BODHLA ROAD,MULTAN,01-MAR-16,F
2526,BOA02588, 000,AL-HASSAN PUBLIC SCHOOL & KIDS HAPPI HOME,K BLOCK SHAH RUKN E ALAM COLONY OPP.GOVT.DEGREE COLLEGE,MULTAN,01-JUL-16,F
2527,BOA00471, 000,AL-KHAIR INDUSTRIES,BAHAWALPUR ROAD MULTAN ,MULTAN,01-NOV-92,F
2528,BOA02460, 000,AL-KHAIR PETROLEUM SERVICES,BASTI MALOOK MULTAN,ABBASPUR,01-JUL-15,F
2529,BOA02995, 000,AL-MADINA DYING & PRINTING,"ADDA BILLI WALA, BASTI KAPPAR, BAHAWALPUR ROAD,",MULTAN,01-JUL-18,F
2530,BOA02646, 000,AL-RAHIM PRINTING,"GARDEZI MORE, BAHAWALPUR ROAD, MULTLAN",ABBASPUR,01-JUL-15,F
2531,BOA01267, 000,ALHAMD CNG STATION ,KEEKAR STOP GENERAL BUS STAND ROAD MULTAN ,MULTAN,01-JUL-09,F
2532,BOA02222, 000,ALHAMMD GARDEN MARRIAGE CLUB,NEAR NOON CHOWK NEW MULTAN,MULTAN,01-NOV-14,F
2533,BOA02600, 000,ALI TEXTILES,"17-Kassi vehari road, multan",MULTAN,01-JUL-16,F
2534,BOA01507, 000,ALKARAM OIL INDUSTRIES,MOZA SHAIKH WALA OLD DUNYAPUR ROAD MULTAN,MULTAN,01-JUL-09,F
2535,BOA02199, 000,ALLIED SCHOOL,GULSHAN MARKET NEW MULTAN,MULTAN,01-JUL-13,F
2536,BOA01630, 000,ALMAKKI FUEL CNG 2,C BLOCK OPP JINNAH PARK SHAH RUKNE ALAM MULTAN,MULTAN,01-JUL-09,F
2537,BOA00679, 000,ALPHA TEXTILE DYEING,BAHAWALPUR BY PASS ROAD ,MULTAN,01-MAR-01,F
2538,BOA02467, 000,AMANAT EMBRIDERY,STADIUM ROAD VEHARI ROAD,MULTAN,01-APR-16,F
2539,BOA02447, 000,AMIR OIL LUBRICANTS,MOUZA BHAINI NEAR MULTAN CRICKET STADIUM,MULTAN,01-JAN-14,F
2540,BOA01100, 000,AMIR RAO & CO. (ENGRO CONTRACTOR),C/O ENGRO CHEMICAL WARE HOUSE BAHAWALPUR BY PASS,MULTAN,,F
2541,BOA02246, 000,AMMAAR PAAPAR FACTORY,17-KASSI BUDHLA ROAD MULTAN,MULTAN,01-JUL-13,F
2542,BOA02131, 000,AMMAR FOODS (PAPAR FACTORY),17 KASSI BUDHLA ROAD MULTAN,MULTAN,01-JUL-13,F
2543,BOA00726, 000,ANEES TEXTILE MILLS,"12 KM BYPASS CHOWK BAHAWALPUR ROAD, MULTAN",MULTAN,01-JUL-02,F
2544,BOA01252, 000,APEX PETROLIUM(PSO),BAHAWALPUR ROAD NEAR SABRI CNG MULTAN,MULTAN,01-JUL-09,F
2545,BOA03887, 000,APPLE GROUP OF SCHOOL,"287-F, FATIMA JINNAH TOWN MULTAN",MULTAN,01-FEB-25,F
2546,BOA01550, 000,AQIB BROTHERS DEPOT HOLDER UNILIVER,12-KM ADA MUNIRABAD BWP ROAD MULTAN ,MULTAN,01-OCT-10,F
2547,BOA03446, 000,AQSA CLOTH,"350-D, SHAH RUKN-E-ALAM ",MULTAN,01-JUL-21,F
2548,BOA03041, 000,ARAB PACKAGES,"CHAH KOT WALA, PEER WALI PUL, BEHIND CANAL VIEW, BAHWALPUR ROAD MULTAN",MULTAN,30-JUN-18,F
2549,BOA00622, 000,ARAFAT OIL INDUSTRIES (PVT) LIMITED,MOUZA KOTLA REHMAN ALI 19-KM BWP ROAD MULTAN PH:577265,MULTAN,01-AUG-98,F
2550,BOA00347, 000,ARIAN COTTON FACTORY,BAHAWALPUR ROAD NEAR RADIO PAKISTAN P T S P O QASIMPUR MULTAN,MULTAN,22-OCT-88,F
2551,BOA02085, 000,ARIAN RICE MILLS,OPP. HIGH POWER TRANSMISSION RADIO STATION BAHAWALPUR ROAD,MULTAN,01-OCT-13,F
2552,BOA02003, 000,ASHRAF NASEER MEDICAL CENTRE,GENERAL BUS STAND ROAD OPPOSITE JINNAH PARK,MULTAN,01-JUL-10,F
2553,BQA00042,BO001,ASMA FOODS,"OPPOSITE AL HILAL INDUSTRY, VEHARI ROAD, MULTAN ",MULTAN,01-DEC-82,F
2554,BOA03586, 000,ASPIRE COLLEGE,MAKHDOOM RASHID VEHARI ROAD MULTAN,MULTAN,01-JUL-22,F
2555,BOA02060, 000,AUSAF RICE MILLS,SOUTHERN BY PASS NEAR 17-KASSI VEHARI ROAD,MULTAN,01-JUL-10,F
2556,BOA02650, 000,AWAIS PACKAGES,"MOUZA BHAINI NEAR CRICKEDT STADIUM,MULTAN",MULTAN,01-JAN-17,F
2557,BOA00687,BO001,AYYOUB SOAP FACTORY,16 KM BAHAWALPUR ROAD ,MULTAN,01-JUL-01,F
2558,BOA01562, 000,AZEEM COLLEG OF TECHNOLOGY,NEAR UBL BANK BWP ROAD BASTI MALOOK,MULTAN,01-JUL-10,F
2559,BOA03825, 000,AZHAR KHAN FOODS AND BAKER,"NEAR VEHARI ROAD,CRICKET STADIUM FACTORY AREA",MULTAN,01-DEC-23,F
2560,BOA02913, 000,BAHAUDDIN ZAKARIYA INSTITUTE OF HEALTH SCIENCE ,"1-E, Y BLOCK, SERVICE ROAD, NEW MULTAN",MULTAN,01-JUL-15,F
2561,BOA03709, 000,BARKAT FOOD PRODUCTS,"BAHAWALPUR BY-PASS ROAD, RAMKALI",MULTAN,01-JAN-22,F
2562,BOA03438, 000,BASHIR AHMAD DESI KARAHI,"GULSHAN MARKET, NEW MULTAN",MULTAN,01-JUL-21,F
2563,BOA00864, 000,BASHIR ENTERPRISES,WAZIRABAD STOP BAHAWALPUR ROAD ,MULTAN,01-OCT-03,F
2564,BOA00494, 000,BASHIR FLOUR MILLS PVT LTD, BODHLA ROAD MULTAN ,MULTAN,01-JUL-93,F
2565,BOA02597, 000,BASIT INDUSTRIES PVT LTD,C/O HOOR OIL MILL VEHARI ROAD,MULTAN,01-MAY-16,F
2566,BOA00789,BO001,BELL N TELL,"552-K BLOCK, SHAH RUKN-E-ALAM",MULTAN,01-AUG-18,F
2567,BOA03002, 000,BEST CARGO,"12KM BAHAWALPUR ROAD, MUNIRABAD",MULTAN,01-OCT-18,F
2568,BOA03306, 000,BHATTI ASSOCIATES,"ADDA BILLI WALA BEHIND WAQAS OIL, BWP ROAD",MULTAN,01-MAR-21,F
2569,BIA01805,BO029,BIG BIRD POULTRY BREEDERS (PVT) LTD,"PULL MATEY WALA, BAHAWALPUR ROAD, MULTAN.",MULTAN,10-NOV-19,F
2570,BIA01805,BO028,BIG BIRD POULTRY BREEDERS PVT LTD,"199-E, SHAH RUKN ALAM COLONY, JINNAH PARK METRO STATION",MULTAN,10-SEP-19,F
2571,BOA01824, 000,BILAL DAEWOO,HASSAN ABAD GATE 1 KWL ROAD ,MULTAN,,F
2572,BOA01846, 000,BILAL OIL & SOLVENT PLANT,DARBAR PEER ISMAIL ADDA BILLI WALA BAHAWALPUR ROAD,MULTAN,01-JAN-11,F
2573,BOA01481, 000,BILAL OIL MILLS,NEAR FATIMA GINNING SECTION BAHAWALPUR ROAD MULTAN,MULTAN,01-JAN-09,F
2574,BOA02579, 000,BILAL PUBLIC SCHOOL,MOUZA RAAM KALI BAHAWALPUR ROAD BY PASS,MULTAN,01-JUL-15,F
2575,BOA02671, 000,BISMILLAH FILLING STATION,SOUTHERN BY PASS MOUZA PIR MEHMOOD HABIBA SIAL,MULTAN,01-MAY-17,F
2576,BOA03445, 000,BISMILLAH FOODS,"NEAR TASTY GARDEN , BWP BY-PASS CHOWK",MULTAN,01-JUL-19,F
2577,BOA02985, 000,BLOOMFIELD HALL SCHOOL SRA BR.,"NEAR KIKAR STOP, SHAH RUKN-E-ALAM, NEW MULTAN",MULTAN,01-AUG-18,F
2578,BOA00674, 000,BLOOMFIELD JUNIORS,463-C BLOCK SHAH RUKN-E-ALAM ,MULTAN,01-OCT-00,F
2579,BOA03876, 000,BLUE EX LIMITED (COURIER SERVICES),SHOP # 38-39 WANIS PLAZA OPP FAISAL MOVERS VEHARI CHOWK ,MULTAN,01-SEP-12,F
2580,BOA03927, 000,BOOTA BROTHERS SUPREME FLOUR & GENERAL MILL,"3-KM, 19 KASSI VEHARI ROAD MULTAN",MULTAN,01-JUL-23,F
2581,BIA01991,BO034,BORJAN (PVT) LTD,"GULSHAN MARKET, NEW MULTAN",MULTAN,01-FEB-18,F
2582,BOA02583, 000,BRIGHT VISION SCHOOL SYSTEM,MOUZA RAAM KALI BCG CHOWK TOWARDS BWP BY PASS ROAD NEAR 1122,MULTAN,01-JUL-16,F
2583,BOA02448, 000,BRIGHTWAY GIRLS HIGH SCHOOL,OPP: WAPDA GRID STATION VEHARI ROAD,MULTAN,01-JAN-14,F
2584,BOA03075, 000,BRIT INTERNATIONAL SCHOOL SYSTEM,STADIUM CHOWK VEHARI ROAD MULTAN,MULTAN,01-OCT-19,F
2585,BOA03890, 000,BRITAIN DAYCARE MULTAN,"H NO 5, ST NO 8, Y BLOCK, NEW MULTAN",MULTAN,01-JAN-25,F
2586,BOA01434, 000,BRITISH INTERNATIONAL SCHOOL,471-C SHAH RUKN E ALAM COLONY,MULTAN,01-OCT-10,F
2587,BOA01433, 000,BRITISH INTERNATIONAL SCHOOL,119-L SHAH RUKN E ALAM ,MULTAN,01-OCT-10,F
2588,BOA02796, 000,BRITISH INTERNATIONAL SCHOOL SYSTEM,"111-L, SHAH RUKN-E-ALAM COLONY",MULTAN,01-FEB-18,F
2589,BOA01597, 000,BROOK FIELD PUBLIC SCHOOL,20-Z BLOCK NEW MULTAN,DUNYAPUR,01-JUL-10,F
2590,BOA00519, 000,BROOKE HOSPITAL,RAM KALI BAHAWALPUR BY PASS ROAD,MULTAN,01-MAY-95,F
2591,BOA02147, 000,BROOKFIELD PUBLIC SCHOOL,MOUZA SETTLE MARI BUDHLA ROAD MULTAN,MULTAN,01-JAN-14,F
2592,BOA03163, 000,BUKHARI FOOD,BAHAWALPU BY PASS ROAD MULTAN,MUMTAZ ABAD,01-JUL-20,F
2593,BOA02061, 000,Bismillah mini goods,C/o mangool ply woods Bahawalpur road near arslan car & carrier ,MULTAN,01-JAN-12,F
2594,BOA02861, 000,C&K LPG PVT LIMITED,"JHOKE LASHKER PUR, 3 KM 19 KASSI, BUDHLA ROAD",MULTAN,24-MAY-18,F
2595,BOA01885, 000,CAFE ATAULLAH,GENERAL BUS STAND ADJACENT MADINA FLYING COACH VEHARI CHOWK,MULTAN,01-AUG-12,F
2596,BOA02213, 000,CAFE ATTA ULLAH,GENERAL BUS STAND VEHARI CHOWK MULTAN,MULTAN,01-JUL-12,F
2597,BOA02978, 000,CAFE ELEVEN,"ADDA LAR, NEAR FIAZ CNG STATION, BAHWALPUR ROAD",MULTAN,01-SEP-18,F
2598,BOA03448, 000,CAFE LAZEEZ,"NOON CHOWK, GULSHAN MARKET",MULTAN,01-JUL-21,F
2599,BOA02242, 000,CAMBRIDGE INTERNATIONAL SCHOOL SYSTEM UMER CAMPUS,136-D SHAH RUKN-E-ALAM COLONY MULTAN,MULTAN,01-JUL-14,F
2600,BOA03761, 000,CANAL VIEW FILLING STATION,NOBAHAR NAHER NEAR DR. AKHTER MALIK PULI ,MULTAN,01-MAR-24,F
2601,BOA02102, 000,CAROLINA FABRICS PVT LTD,12-KM BAHAWALPUR ROAD,MULTAN,01-JAN-14,F
2602,BOA02220, 000,CAUSEWAY SUPERIOR SCHOOL,100-C SHAH RUKNE ALAM COLONY,MULTAN,01-JUL-14,F
2603,BOA01382, 000,CHAND OIL MILLS,12KM BAHAWALPUR ROAD MULTAN,MULTAN,01-SEP-09,F
2604,BOA01636, 000,CHAUDHERY BROTHERS ENGINEERING PVT LTD,INDUSTRIAL ESTATE 4A-II MULTAN,MULTAN,01-JAN-11,F
2605,BOA03858, 000,CHILL BAR,MAIN GULSHAN MARKET NEW MULTAN,MULTAN,01-OCT-24,F
2606,BOA03865,BO007,CHRONOS OUTSOURCING SOLUTIONS,"OFFICE # 16, 2ND FLOOR, ABDUL RASHEED MOBILE CENTER KATCHERY MULTAN",MULTAN,01-JUL-25,F
2607,BOA01079, 000,CITY FUEL CNG STATION ,VEHARI CHOWK BWP ROAD MULTAN ,MULTAN,01-JUL-08,F
2608,BOA01567, 000,CITY SCHOOL OF NURSING,25-Y BLOCK NEW MULTAN,MULTAN,01-JUL-10,F
2609,BOA03143, 000,COUNTRY SCHOOL SYSTEM,GRID STATION STREET SHAHZAD TWON VEHARI ROAD MULTAN,MULTAN,01-JAN-18,F
2610,BOA02226, 000,DAFFODILS PUBLIC HIGH SCHOOL(BOYS),22-Z NEW MULTAN,MULTAN,01-JUL-14,F
2611,BOA03532, 000,DAILY AWAMI DARSSHAN,PLOT NO.2 ST-N BLOCK-S NEW MULTAN,MULTAN,01-JAN-21,F
2612,BOA02245, 000,DAILY TOOFAN MULTAN,165-C SHAH RUKN-E-ALAM COLONY MULTAN (103-FIESTA GARDEN NEAR),MULTAN,31-DEC-14,F
2613,BOA03092, 000,DANAN FOOD,13 K.M. ADDA MUNIRABAD BAHAWALPUR ROAD MULTAN,MULTAN,01-JAN-20,F
2614,BOA01568, 000,DAR E ARQAM INSTITUTE,MAKHDOOM RASHEED MULTAN,MULTAN,01-JUL-10,F
2615,BOA01017,BO001,DASTGIR ENTERPRISES,ADDA NOOR PUR BAHAWALPUR ROAD,MULTAN,01-DEC-09,F
2616,BOA01739, 000,DATA REVARI SWEETS,D-MARKET SHAH RUKN E ALAM COLONY,MULTAN,01-JUL-10,F
2617,BOA03813, 000,DINERS GULSHAN MARKET,"BLOCK 'S', NEW MULTAN, GULSHAN MARKET",MULTAN,01-MAR-23,F
2618,BOA03741, 000,DOUBLE CHEEZE,"SHARUKN-E-ALAM COLONY, NEAR NOON CHOWK",MULTAN,01-MAR-24,F
2619,BOA03213, 000,DRAGON SECURITY SERVICES PVT LTD,"FLAT NO. 03, H. NO.42 - T-, SUPER PLAZA NEAR MATTRO STATION, CHOWK KUMHARANWALA,",MULTAN,01-NOV-20,F
2620,BOA03569, 000,DVAGO PHARMACY,"GULSHAN MARKET,MULTAN",MULTAN,01-JAN-22,F
2621,BOA01882, 000,Duaa batool enterprises,Near DARBAR PEER ISMAIL BAHAWAL PUR ROAD,MULTAN,01-MAY-12,F
2622,BOA02915, 000,EDIFY HIGH SCHOOL,"S BLOCK, NEAR NOON CHOWK, NEW MULTAN",MULTAN,01-JUL-16,F
2623,BOA01281, 000,EDIFY HIGH SCHOOL ,605 -K SHAH RUKEN ALAM COLONY MULTAN ,MULTAN,01-JUL-08,F
2624,BOA02599, 000,EDUCATOR FAIZAN 7 AHMED CAMPUR,BAHAWALPUR ROAD LAR,MULTAN,01-JAN-14,F
2625,BIA02683,BO057,EHSAN CHAPPAL STORE (GULSHAN MARKET),"PLOT # 8, 100 FIT ROAD BLOCK-T NEW MULTAN SCHEME ",MULTAN,01-JAN-20,F
2626,BOA01740, 000,EJAZ SECURITY SERVICES,453/A SHAH RUKN E ALAM COLONY,MULTAN,01-JUL-10,F
2627,BOA02206, 000,ELIXIR HIGH SCHOOL ,326-D SHAH RUKNE ALAM COLONY MULTAN,MULTAN,01-JUL-12,F
2628,BOA02229, 000,ELIXIR HIGH SCHOOL (BOYS),NEAR 115 D SHAH RUKNE ALAM,MULTAN,01-JUL-14,F
2629,BOA03064, 000,ELYSIUM HALL SCHOOL,HASHMI CHOWK MAKHDOOM RASHEED MULTAN,MULTAN,01-OCT-19,F
2630,BOA03891, 000,EURO OIL PVT LTD (EURO-16),NORTHREN BYPASS  MULTAN,MULTAN,01-SEP-24,F
2631,BOA03039, 000,EUROTEX,"HOUSE NO. 19/5-13-17, SHAHZAD TOWN, VEHARI CHOWK",MULTAN,01-FEB-19,F
2632,BOA02577, 000,FACTORY SHOP,GULSHAN MARKET,MULTAN,01-JUL-15,F
2633,BOA03929, 000,FAHEEM KHAN AND CO,C/O CHILDREN HOSPITAL CHOWK FUWARA MULTAN,MULTAN,01-JUL-25,F
2634,BOA02863, 000,FAISAL CHICKS (PVT.) LTD --- FARM 1,"HASEENA CHOWK, CHAK NO. 13 MR, TEHSIL AND DISTRICT MULTAN",MULTAN,01-NOV-16,F
2635,BOA02865, 000,FAISAL CHICKS (PVT.) LTD --- FARM 3,"BASTI SAHU, MOUZA FAREEDPUR, OLD DUNIYAPUR ROAD, MULTAN",MULTAN,01-NOV-16,F
2636,BOA02864, 000,FAISAL CHICKS (PVT.) LTD ---FARM 2,"MOUZA BAKAL, BASTI AZEEM 6 KM, DUNIYAPUR ROAD, MULTAN",MULTAN,01-SEP-16,F
2637,BOA02862, 000,"FAISAL CHICKS (PVT.) LTD,--- HATCHERY","MOUZA FAREEDPUR, 16-KM OLD DUNIYAPUR ROAD, MULTAN",MULTAN,01-JUL-15,F
2638,BOA02867, 000,FAISAL FEEDS (PVT) LTD --- FARM2,"MOUZA LOHARWALA, TEHSIL MULTAN SADAR, DISTRICT MULTAN",MULTAN,01-NOV-17,F
2639,BOA02866, 000,FAISAL FEEDS (PVT) LTD. --- FARM1,"CHAK NO. 384/WB, TEHSIL DUNIYAPUR, DISTRICT LODHRAN",DUNYAPUR,01-DEC-15,F
2640,BOA02028, 000,FAISAL FEEDS PVT LTD,BAKAL BHER 6-KM DUNIYA PUR ROAD,MULTAN,01-DEC-12,F
2641,BOA03848, 000,FAISAL FEEDS PVT LTD,BAKAL BHER 06-KM DUNYAPUR ROAD ,MULTAN,01-JUL-24,F
2642,BOA03849, 000,FAISAL FEEDS PVT LTD (SOLVENT PLANT),BAKAL BHER 6 KM DUNYAPUR ROAD MULTAN ,MULTAN,01-JUL-24,F
2643,BOA01437, 000,FAISAL MOVERS ,TERMINAL VEHARI CHOWK MULTAN,MULTAN,01-APR-10,F
2644,BOA01437,BO002,FAISAL MOVERS URBAN,VEHARI CHOWK,MULTAN,01-JAN-14,F
2645,BOA03164, 000,FAIZ OIL MILL PVT LTD,MOUZA BHAKAL BHIR DUNYAPUR ROAD MULTAN,MULTAN,01-JUL-20,F
2646,BOA00657, 000,FAIZAN FLOUR MILLS,STADIUM MORE VEHARI ROAD  ,MULTAN,07-OCT-99,F
2647,BOA02918, 000,FALCONHOUSE GRAMMAR SCHOOL,"88-L BLOCK, MAIN BULEVAD ROAD,SHAH RUKN-E-ALAM",MULTAN,01-JUL-15,F
2648,BOA02700, 000,FAMILY FOOD,"ADDA MUNIRABAD,BAHAWALPUR ROAD,MULTAN",MULTAN,01-JUN-17,F
2649,BOA03494, 000,FAMILY FOOD UNIT 2,"ADDA MUNIRABAD, BAHAWALPUR ROAD",MULTAN,01-JUL-22,F
2650,BOA01600, 000,FARAN PETROLIUM SERVICE,ADDA 6-TARPAI VR. ROAD MULTAN,MULTAN,01-JUL-10,F
2651,BOA02955, 000,FARAN TRADERS,"NEAR JINNAH PARK, BLOCK F, SHAH RUKN-E-ALAM",MULTAN,01-JUN-12,F
2652,BOA02595, 000,FARID OIL MILL,"HUSSAINA CHOWK, OLD DUNYAPUR ROAD",MULTAN,01-JAN-14,F
2653,BIA03238,BO004,FAST CABLES LIMITED 4,"226-A, SHAH RUKN-E-ALAM COLONY, MULTAN",MULTAN,01-NOV-17,F
2654,BOA01853, 000,FATIMA CHICKS ,DUNIA PUR ROAD,MULTAN,01-JAN-11,F
2655,BOA03964, 000,FATIMA ENTERPRISES,NEAR YAQOOB SOAP FACTORY OPP. RESCUE 1122 BAHAWAL PUR ROAD MULTAN CANTT,MULTAN,01-OCT-25,F
2656,BOA00180,BO009,FATIMA ENTERPRISES LTDWEAVING UNIT NO. 2,PEER ISMAIL BAHAWALPUR ROAD ,MULTAN,01-OCT-06,F
2657,AAE00021,BO002,FATIMID FOUNDATION,26-J T CHOWK SHAH RUKNE ALAM MULTAN,MULTAN,01-JAN-10,F
2658,BOA03263, 000,FAWZ FOODS SMC PVT LTD,ADDA GOPALPUR BAHAWALPUR ROAD MULTAN,MULTAN,01-APR-21,F
2659,BOA01114, 000,FAYYAZ CNG STATION,ADDA LAR BAHAWALPUR ROAD,MULTAN,01-MAR-09,F
2660,BOA03707, 000,FINE FOOD PRODUCTS,"NEAR WAPDA GRID, VEHARI ROAD",MULTAN,01-JAN-22,F
2661,BOA03093, 000,FOOD FESTIVAL GULSHAN MARKET,NEAR MADNI PARK GULSHAN MARKET MULTAN,MULTAN,01-JAN-20,F
2662,BOA00780, 000,FOOT CARE PLASTIC,STADIUM ROAD VEHARI ROAD ,MULTAN,01-FEB-03,F
2663,BOA03192, 000,FORKS N KNIVES,GULSHAN MARKET,MULTAN,01-JUL-19,F
2664,BIB01797,BO001,FOUR BROS. SEED CORP. (ALI AKBAR SEEDS),33KM VEHARI ROAD MULTAN,MULTAN,01-JUL-09,F
2665,BIA05277,BO002,FOUR BROTHERS BIOLOGICAL AG,"33-KM VEHARI ROAD, 9 KASSI, NEAR INSAF OIL MILL",MULTAN,01-JUL-18,F
2666,BIA03450,BO008,FOUR BROTHERS SEED CORPORATION,CHAK # 2/MR VEHARI ROAD MULTAN,MULTAN,01-OCT-12,F
2667,BOA03706, 000,FRESHCO BAKERY,"AA MART, 357-D, SHAH RUKN-E-ALAM MARKET",MULTAN,01-FEB-21,F
2668,BOA03901, 000,FRESHCO SWEETS & BAKERS (SRA),T CHOWK SHAH RUKAN-E-ALAM COLONY MULTAN,MULTAN,17-JAN-25,F
2669,BOA03165, 000,FRIENDS PLASTIC FACTORY,17 KASSI VEHARI ROAD NEAR CRICKET STADIUM MULTAN,MULTAN,01-MAY-20,F
2670,BOA03292, 000,FRIENDS PROTIEN,08 MR OLD DUNYA PUR ROAD,MULTAN,01-AUG-21,F
2671,BOA02735, 000,GB SECURITY SERVICES (PVT) LTD.,"AL HUDA RESTAURANT, SHAREEF PLAZA, AC BUS TERMINAL, UNDERPASS",MULTAN,01-OCT-17,F
2672,BOA01312, 000,GHOSIA AGRO PRODUCTS,ADDA BILLI WALA BAHAWALPUR ROAD,MULTAN,01-JAN-10,F
2673,BOA03179, 000,GIBS FOODS PRODUCTS LIMITED,3 KM BAHAWALPUR ROAD,MULTAN,01-JUL-20,F
2674,BOA02542, 000,GIBS FOODS PRODUCTS LIMITED UNIT NO II,NOUZA GOPAL PUR BAHAWAL PUR ROAD,MULTAN,01-AUG-16,F
2675,BOA03051, 000,GLACIERS (PVT) LTD,"BAHWALPUR ROAD, GOPAL PURRAH",MULTAN,01-NOV-18,F
2676,BOA03128, 000,GLOBAL FEEDS,"CHAK NO 133/10-R, OLD DUNYAPUR ROAD MULTAN",MULTAN,01-JUL-19,F
2677,BOA03907, 000,GM CONSTRUCTION,4-A WAPDA TOWN MULTAN,MULTAN,01-MAR-25,F
2678,BOA03764, 000,GM TRADERS,"H NO. 226, ST NO. 3, DERA MUHAMMADI YAQOOB TOWN",MULTAN,01-MAR-24,F
2679,BOA00366, 000,GOLDEN COTTON GINING FACTORY,OLD DUNYAPUR ROAD ,MULTAN,01-NOV-89,F
2680,BOA02069, 000,GOLDEN OIL MILLS,VEHARI ROAD 18-KASSI,MULTAN,01-JUL-13,F
2681,BOA02398, 000,GOURMET BAKERS AND SWEETS,GULSHAN MARKET NEW MULTAN,MULTAN,01-AUG-15,F
2682,BOA03775, 000,GUL MUHAMMAD CONTRACTOR,"257 BLOCK D SHAH RUKN-E-ALAM,",MULTAN,01-JAN-24,F
2683,BOA02184, 000,H.K ENTERPRISES,257-D SHAH RUKNE ALAM MULTAN,MULTAN,01-SEP-14,F
2684,BOA00393, 000,HAFEEZ GHEE AND GENERAL MILLS PVT LTD,BAHAWALPUR ROAD MULTAN ,MULTAN,14-JAN-90,F
2685,BOA00994,BO001,HAMZA FLEXIBLE PRINTING AND PACKAGES (PVT) LIMITED,15-KM BAHAWALPUR BY PASS CHOWK OPP LAEEQ RAFIQ HOSPITAL LAAR,MULTAN,01-JUL-13,F
2686,BOA03390, 000,HAMZA PACKAGES INDUSTRIES PRIVATE LIMITED,"12-KM NEAR GARDEZI MORR, BAHAWALPUR ROAD",MULTAN,01-MAR-22,F
2687,BOA03132, 000,HAQ PVC PIPE FACTORY,BUDHLA ROAD SETAL MARI MULTAN,MULTAN,01-JAN-20,F
2688,BOA02458, 000,HAQ RICE MILLS,MOUZA BHAINI 17 KASSI BODHLA ROAD,MULTAN,01-JAN-14,F
2689,BOA02258, 000,HARF E LAZIM,9-J SHAH RUKNE ALAM COLONY ,MULTAN,01-JAN-15,F
2690,BOA03616, 000,HASSAN PETROLEUM,19 KASSI VEHARI KROAD MULTAN,MULTAN,01-OCT-22,F
2691,BOA03193, 000,HEELS SHOES MULTAN 027,GULSHAN MARKET,MULTAN,01-APR-20,F
2692,BOA02446, 000,HILAL FOODS,12-KM BAHAWALPUR ROAD MULTAN,MULTAN,01-JAN-16,F
2693,BOA02087, 000,HISHAM OIL MILLS,NEAR PEER ISMAIL BAHAWALPUR ROAD,MULTAN,01-AUG-13,F
2694,BOA02785,BO002,HN SCIENCE SCHOOL ,"SATEL MARI BRANCH, NEAR THANA SETAL MARI",MULTAN,01-JUL-17,F
2695,BOA00969, 000,HOMETEX CORPORATION,17-Kassi Vehari road multan,MULTAN,01-SEP-05,F
2696,BOA01018, 000,HOOR OIL INDUSTRIES (PVT) LTD,17-KASSI VEHARI ROAD ,MULTAN,01-DEC-07,F
2697,BOA03111, 000,HUSNAIN CENTRIZED GHATTA FACTORY,PULL CHATHA VEHARI ROAD MULTAN,MULTAN,01-JAN-20,F
2698,BOA00313, 000,HUSSAIN COTTON INDUSTRIES,PULL CHATTA VEHARI ROAD -------------------- --------------------,MULTAN,01-DEC-86,F
2699,BOA00796, 000,HUSSAIN HOME TEXTILE,plot no.171 17 KASSI VEHARI ROAD ,MULTAN,20-MAY-03,F
2700,BOA00662, 000,HUSSAIN MILLS LTD UNIT NO 2,FATIMA NAGAR Ada muhammad pur 35 km bahawalpur ROAD ,MULTAN,01-SEP-00,F
2701,BOA03450, 000,IDEAL COLLEGE OF SCIENCE & COMMERCE,"11-Y, SHAH RUKN-E-ALAM",MULTAN,01-JUL-18,F
2702,BOA00870, 000,IFTIKHAR OIL INDUSTRY,18-KASSI VEHARI ROAD ,MULTAN,01-OCT-02,F
2703,BOA01867, 000,IMRAN DAAL FACTORY,ADDA MUNIRABAD BAHAWALPUR ROAD,MULTAN,01-JUL-11,F
2704,BOA02603, 000,INDUS VELLY CRAFT,"NEAR BUDHLA ROAD,NEAR KOTHAYWALA",MULTAN,01-AUG-15,F
2705,BOA01148, 000,INEX CNG STATION,3-KM BAHAWALPUR ROAD ,MULTAN,01-OCT-09,F
2706,BOA00621, 000,INSAF SOLVANT PLANT,NEAR 9 KASSI VEHARI ROAD MULTAN PH:592406-8,MULTAN,07-NOV-98,F
2707,BOA01789, 000,INTEGRATED LOGISTIC SERVICES ,12-KM BAHAWALPUR ROAD NEAR ISLAMI RICE FACTORY,MULTAN,01-MAY-12,F
2708,BOA02914, 000,IQRA EDUCATION SYSTEM,"A BLOCK, SHAH RUKN-E-ALAM",MULTAN,01-JUL-14,F
2709,BOA01573, 000,ISLAMIC PUBLIC SCHOOL,370-F SHAH RUKN E ALAM COLONY MULTAN,MULTAN,01-JUL-10,F
2710,DNC00125,BO005,ISMAIL INDUSTRIES LTD (MULTAN DEPOT),"PARACHA SUGAR GODOWN, SHERSHAH BYPASS, OPPOSITE SAFIL FLOOR MILL, NAG SHAH CHOWK, MULTAN.",MULTAN,01-JAN-09,F
2711,BOA01512,BO002,ITALIAN PIZZA,14-Z SHOP#617/8 100 FOOT ROAD GULSHAN MARKET ,MULTAN,03-OCT-11,F
2712,BOA03518, 000,ITTEFAQ BROTHERS BRICKS CO,19 KASSI BUDHLA ROAD MULTAN,MULTAN,08-JUL-21,F
2713,BOA03918, 000,"J.V SA ENT, SARMIK PVT LTD, ANW ENT, BABAR & UMAR ","HOUSE NO 8/A, KHAYABAN E MOHSIN GHILZAI STREET MPS ROAD MULTAN",MULTAN,07-MAR-25,F
2714,BOA03459, 000,JADEED GROUP OF COMPANIES ,"CHOWK KUMHARA'N WALA, JINNAH MARKET",MULTAN,01-JUL-20,F
2715,BOA01297, 000,JALANDHAR KFC ,THANA CHOWK SHAH RUKEN ALAM COLONY ,MULTAN,01-JUL-09,F
2716,BOA03369, 000,JAMSHAID PAPER CONE (PVT) LTD,"MOUZA GUL MUHAMMAD WALA 18 KASSI LINK CANAL ROAD (SOUTH SIDE), VEHARI ROAD",MULTAN,01-OCT-21,F
2717,BOA02584, 000,JAVED HOTEL and restaurant,CHOWK BY PASS ROAD,MULTAN,01-JUL-16,F
2718,BOA02909, 000,JINNAH INSTITUTE OF HEALTH SCIENCES,"465 BLOCK C, OPPOSITE JINNAH PARK, SHAH RUKN-E-ALAM COLONY",MULTAN,01-JUL-17,F
2719,BOA02096, 000,JINNAH PETROLEUM SERVICE,100FT ROAD SSHAH RUKAN-E-ALAM COLONY MULTAN,ABBASPUR,01-JAN-14,F
2720,BOA03551, 000,JK SUGAR MILLS (PRIVATE) LIMITED (PEPSI MEHRAN),STADIUM ROAD VEHARI ROAD MULTAN,MULTAN,01-NOV-22,F
2721,BOA03144, 000,JUPITER GRAMMER HIGH SCHOOL,QASIMPUR BAHAWALPUR ROAD MULTAN,MULTAN,01-JAN-17,F
2722,BOA00640, 000,KAMRAN LUBRICENTS PVT LTD,16-KM VEHARI ROAD MOUZA SHER SINGH ,MULTAN,01-JUN-98,F
2723,BOA02645, 000,KAMRAN WOOD IND,"ADDA MUNIRABAD,BAHAWALPUR ROAD, MULTAN",MULTAN,01-JAN-16,F
2724,BOA02570, 000,KHALID PUBLIC SCHOOL,BASTI ALLAHBAD OPPOSITE ALI TOWN BWP ROAD,MULTAN,01-NOV-16,F
2725,BOA03685, 000,KHAN ENTERPRISES,"H NO. 4, ST NO. 8, BEHIND SABZI MANDI REHMAN PURA, ",MULTAN,01-JUL-22,F
2726,BOA03711, 000,KHOKHAR ENTERPRISES,"RANA TOWN, NEAR SABZI MANDI",MULTAN,01-JAN-23,F
2727,BOA02104, 000,KHYBER PK WOOD INDS,ADDA MUNIRABAD BAHAWALPUR ROAD,MULTAN,01-FEB-14,F
2728,BOA01284, 000,KIDS FOUNDIATION SCHOOL ( S R ALAM CAMPUS ),BLOCK 611-612 K SHAH RUKEN ALAM COLONY MULTAN ,MULTAN,01-JUL-08,F
2729,BOA01409, 000,KING EVA FOOTWEAR,NEW STADIUM ROAD,MULTAN,02-SEP-10,F
2730,BOA02631, 000,"KIPS PREPARATIONS PVT. LTD,","ANSARI CHOWK BLOCK-I SHAH RUKAN-E-ALAM COLONY,MULTAN",MULTAN,01-JAN-17,F
2731,BOA02580, 000,KIRAN FOOD INDUSTRY (NIMKO FACTORY),GREEN VIEW COLONY BCG CHOWK TOWARDS BAHAWALPUR BY PASS ROAD,MULTAN,01-JUL-14,F
2732,BOA03886, 000,KISSAN DOST CHEMICALS,"HOUSE NO 5, BLOC-E, SHAH RUKAN-E-ALAM COLONY MULTAN",MULTAN,01-MAR-25,F
2733,BOA02027, 000,LAEEQUE RAFIQ FOUNDATION,YAQOOB NAGAR BAHAWALPUR ROAD LAAR,MULTAN,01-JUL-12,F
2734,BOA02842, 000,LAHORI CLOTH SALE DEPOT,"MAIN 60 FT ROAD, Z-BLOCK, NEW MULTAN",MULTAN,01-MAR-18,F
2735,BOA03814, 000,LAROSE GROUP OF SCHOOLS,"MUJTABA CANAL VIEW COLONY, NEAR QASIM PUR COLONY,",MULTAN,01-JUL-20,F
2736,BOA00936, 000,LASANI FRIED CHICKEN,OLD CHUNGI NO 7 LMQ ROAD ,MULTAN,11-JUN-04,F
2737,BOA00712, 000,LASSANI PUBLIC SECONDARY SCHOOL,17 KASSI VEHARI ROAD ,MULTAN,01-MAR-02,F
2738,BOA01153, 000,LATEEF PETROLIUM SERVICE,17-KASSI VEHARI ROAD MULTAN,MULTAN,,F
2739,BOA00903, 000,LATIF PETROLIUM SERVICE,17-KASI MOUZA BAHANI ,MULTAN,01-DEC-03,F
2740,BOA02493, 000,LAUREATES GIRLS HIGH SCHOOL AYESHA CAMPUS,JINNAH PARK BLOCK-F SHAH RUKN E ALAM,MULTAN,01-JUL-15,F
2741,BOA01492, 000,LAUREATES GROUP OF SCHOOLS( BRANCH),KEEKAR STOP 28-29Y NEW MULTAN,MULTAN,01-JUL-10,F
2742,BOA02494, 000,LAUREATES SCHOOL SAVAIRA CAMPUS,Y-BLOCK SHAH RUKN E ALAM,MULTAN,01-JAN-15,F
2743,BOA00636, 000,LAYTON RAHMATULLAH BENEVOLENT TRUST,BAHAWALPUR ROAD ,MULTAN,01-FEB-99,F
2744,BOA02233, 000,LEADERSHIP GIRLS HIGH SCHOOL,239 A SHAH RUKNE ALAM COLONY,MULTAN,01-JUL-14,F
2745,BOA03826, 000,LMS SECURIY SERVICES PVT LTD,"875-K BLOCK SHAH RUKN E ALAM COLONY, ",MULTAN,01-JUN-24,F
2746,BOA02139, 000,M IMRAN INDUSTRIES,BEHIND WAPDA GRID STATION CHAH ROOMRI WALA MOUZA SEETLE MARI MULTAN,MULTAN,01-JUL-13,F
2747,BOA03571, 000,M. M. CORPORATION,GARDEZI MORE BAHAWALPUR ROAD MULTAN,MULTAN,01-DEC-22,F
2748,BOA01395, 000,M/S WATAN BUILDERS,VEHARI CHOWK NEAR OLD SALES TAX BUILDING,MULTAN,01-MAY-10,F
2749,BOA01497, 000,MADINA NON SHOP,GULSHAN MARKET NEW MULTAN,MULTAN,01-JUL-10,F
2750,BOA00871, 000,MADINA OIL MILLS,BAHAWALPUR ROAD NEAR AB GHEE MILLS ,MULTAN,17-SEP-03,F
2751,BOA02613, 000,MAGUARI TEXTILE,KOT RAB NAWAZ VEHARI ROAD (BEHIND GHAFFAR PETROLEUM) Multan,MULTAN,01-AUG-16,F
2752,BOA00521, 000,MAHMOOD AGRO INDUSTRIES PVT LTD,17 KASSI VEHARI ROAD ,MULTAN,01-DEC-94,F
2753,BOA01484, 000,MAKKAH NON SHOP,GULSHAN MARKET NEW MULTAN,MULTAN,01-JUL-10,F
2754,BOA03442, 000,MALIK AMIR CRISPO,"STREET ADJASCENT TO USTAD-E-ALAM INSTITUTE OF BLUE POTTERY, BWP ROAD",MULTAN,01-JUL-21,F
2755,BOA01316, 000,MALIK BROTHERS (PSO PUMP),ADDA GARDEZI MORE BAHAWALPUR ROAD,MULTAN,01-JUL-09,F
2756,BOA01473, 000,MALIK FOODS ,12 KM BWL PUR ROAD BEHINDE MUHAMMADI CNG BWL ROAD,MULTAN,01-JAN-10,F
2757,BOA01534, 000,MALIK RESTAURANT,VEHARI CHOWK MULTAN,MULTAN,01-JUL-09,F
2758,BOA02144, 000,MANZOOR RICE MILLS,18 KASSI VEHARI ROAD,MULTAN,01-JUL-13,F
2759,BOA02734, 000,MASHALLAH SIAL LUBRICANTS,"18-KASSI VEHARI ROAD, NEAR MILITARY FARM",MULTAN,01-SEP-17,F
2760,BOA02137, 000,MASOOD FABRICS BED SHEETS,NEAR TAAL WALA CHOWK SHARIF PURA,MULTAN,01-JAN-14,F
2761,BOA03304, 000,MASTER BIRYANI,"GULSHAN MARKET,",MULTAN,01-JAN-21,F
2762,BOA03370, 000,MEDIKS PLUS PHARMACY,"T.CHOWK, SHAH RUKN-E-ALAM COLONY",MULTAN,01-JAN-22,F
2763,BOA00897, 000,MEEZAN FILLING STATION,BY-PASS BAHAWALPUR ROAD MULTAN ,MULTAN,15-FEB-02,F
2764,BOA03582, 000,MEGA FABRICS,PULL CHAWAN PIRAN GHAIB MULTAN,MULTAN,01-JUL-22,F
2765,BOA00605, 000,MEHDI OIL INDUSTRIES (PVT) LTD,BAHAWALPUR ROAD LAR ,MULTAN,01-OCT-97,F
2766,BOA02847, 000,MEHDI RICE INDUSTRIES PRIVATE LIMITED,"12 KM BAHAWALPUR ROAD, NEAR ADDA LAR",MULTAN,01-JAN-18,F
2767,BOA02155, 000,MEHMOOD FEED PVT LTD,17 KASSI VEHARI ROAD,MULTAN,05-MAY-14,F
2768,BOA01014, 000,MEHRAN PLASTIC INDUSTRIES PVT LIMITED,NEW STADIUM ROAD ,MULTAN,01-JAN-07,F
2769,BOA02216, 000,MEMON MOTORS PVT LTD,ADDA SADIQ WALA BAHAWALPUR ROAD,MULTAN,01-NOV-14,F
2770,BOA02430, 000,MERYEM RICE MILLS,GARDEZI MORE BAHAWALPUR ROAD MULTAN,MULTAN,01-JAN-16,F
2771,BOA03959, 000,METHAS (GULSHAN MARKET),NOON CHOWK GULSHAN MARKET NEW MULTAN,MULTAN,01-OCT-25,F
2772,BOA01104, 000,MIAN CNG STATION ,OPP FATIMA JINNAH HOUSING SCHEME VEHARI ROAD MULTA,MULTAN,01-MAR-09,F
2773,BOA03373, 000,MK LOGISTICS,MUNIRABAD BAHAWALPUR ROAD,MULTAN,01-NOV-21,F
2774,BOA01888, 000,MOHAMMDI NEHARI,GULSHAN MARKET NEW MULTAN,MULTAN,01-NOV-12,F
2775,BOA00836,BO001,MOONA GRAMMAR SCHOOL,BAHAWALPUR ROAD ,MULTAN,01-MAR-08,F
2776,BOA03098, 000,MRS FILLING STATION,3.9 K.M. FROM BABAR CHOWK MULTAN,MULTAN,01-FEB-20,F
2777,BOA03281, 000,MSB TRANSPORTER PVT LTD,760E BLOCK SHAH RUKAN-E-ALAM COLONY MULTAN,MULTAN,01-JAN-21,F
2778,BOA02586, 000,MUBARAK PUBLIC GIRLS HIGH SCHOOL,GULSHAN E FAIZ COLONY OPPOSITE GREEN VIEW COLONY BCG CHOWK TOWARDS BWP BY PASS ROAD,MULTAN,01-JUL-16,F
2779,BOA00286, 000,MUBARIK COTTON GINNING & OIL MILLS,CHAK 5-FAIZ MULTAN ,MULTAN,15-NOV-86,F
2780,BOA01627, 000,MUBRAK PUBLIC SCHOOL ,GALI MUBRAK WALI GULSHAN FAIZ COLONY QASIM PUR ,MULTAN,01-JUL-10,F
2781,BOA03036, 000,MUDASIR OIL MILLS (PVT) LTD.,"12 KM FROM BAHAWALPUR BYPASS, BAHAWALPUR ROAD",MULTAN,01-JUL-18,F
2782,BOA01445, 000,MUDASSAR ZULFIQAR CNG,VEHARI ROAD MUKHDOOM RASHEED,MULTAN,01-JUL-09,F
2783,BOA03607, 000,MUDASSAR ZULFIQAR CNG & FILLING STATION,MAKHDOOM RASHID VEHARI ROAD MULTAN,MULTAN,01-JUL-22,F
2784,BOA02759, 000,MUHAMMAD ASLAM KHAN PLASTIC CHAPLES MAKERS,"17-KASSI, VEHARI ROAD",MULTAN,01-JUL-17,F
2785,BOA01208, 000,MUHAMMADI CNG,OPP. YAQOOB SOAP FACTORY BAHAWAL PUR ROAD,MULTAN,11-MAR-09,F
2786,BOA01967, 000,MUJAHID ALI,1-KM VEHARI ROad SULTAN NAGAR C/o al-hilal industry,MULTAN,01-JUL-10,F
2787,BOA03564, 000,MUJAHID BROTHERS,"NEAR ADDA LAR BAHAWALPUR ROAD, MULTAN",MULTAN,01-JAN-20,F
2788,AAB00137,BO125,MULLER & PHIPPS PAKISTAN PVT LTD,"PLOT NO. 31, CATTLE MARKET STREET, NEAR BY UNILEVER PAKISTAN, ADDA MUNIRABAD, BWP ROAD",MULTAN,01-APR-24,F
2789,BOA01169, 000,MULTAN CNG STATION,BAHAWALPUR BYPASS CHOWK,MULTAN,01-JAN-10,F
2790,BOA02174, 000,MULTAN CO TEX,11KM BAHAWALPUR ROAD,MULTAN,01-DEC-09,F
2791,BOA03375, 000,MULTAN DYING AND FABRICS,NEAR HAFEEZ GHEE MILL BWP ROAD,MULTAN,01-JUL-21,F
2792,BOA03167, 000,MULTAN ENTERPRISES (BRIGHTO PAINTS),KOT RABNAWAZ VEHARI ROAD MULTAN,MUNKIRA,01-MAR-20,F
2793,BOA03608, 000,MULTAN FILLING STATION,KOT RABNAWAZ VEHARI ROAD MULTAN,MULTAN,01-JUL-22,F
2794,BOA01579, 000,MULTAN GRAMMER SCHOOL ,40/F SHAH RUKN E ALAM MULTAN,MULTAN,01-JUL-10,F
2795,BOA02114, 000,MULTAN PRINTING,NEAR SHAMA BANASPATI BAHAWALPUR ROAD,MULTAN,01-JAN-14,F
2796,BOA00724, 000,MULTI RESIN PAKISTAN PVT LTD,20KM BAHAWALPUR ROAD ,MULTAN,15-APR-02,F
2797,BOA03493, 000,MUMTAZ AGRO INDUSTRIES (PVT) LTD,"6KM, MOUZA BHAKAL BHIR OLD DUNYIA PUR ROAD",MULTAN,01-JUL-22,F
2798,BOA02757, 000,MUMTAZ FEEDS & ALLIED INDUSTRIES (PVT) LTD,MOUZA BHAKAL BHIR OLD DUNYIA PUR ROAD,MULTAN,01-NOV-17,F
2799,BOA00998, 000,MUMTAZ OIL INDUSTRIES (PVT) LTD.,BASTI BHOJIAN VEHARI ROAD ,MULTAN,01-AUG-06,F
2800,BOA01699, 000,MUSLIM COLLEGE OF SCIENCE AND COMMERCE,ADDA BILLI WALA BWP ROAD MULTAN,MULTAN,01-JUN-11,F
2801,BOA01545, 000,MUSLIM ENGLISH PUBLIC GIRLS HIGH SCHOOL ,09- QASIM PUR COLONY MULTAN ,MULTAN,01-OCT-10,F
2802,BOA01020,BO003,MUSLIM PUBLIC HIGHER SEC. SCHOOL ( LAR BR.),BAHAWALPUR ROAD LAR ,MULTAN,01-MAR-08,F
2803,BOA02431, 000,MUX FOODS,C/O ELLENA EMAAN RICE MILLS 1.K>M> BAHAWALPUR ROAD MULTAN,MULTAN,01-JAN-16,F
2804,BOA00465, 000,MUZAMAL OIL & SOAP INDUSTRIES,MOUZA NOOR PUR P.O. LAR B.W.P.ROAD MULTAN PUNJAB,MULTAN,01-DEC-92,F
2805,BOA03963, 000,NAAZ FLOUR AND GENERAL MILLS,ADDA 9 KASSI VEHARI ROAD MULTAN,MULTAN,01-JAN-25,F
2806,BOA02619, 000,NADEEM SOAP FACTORY,"GARDEZI MORE BAHAWALPUR ROAD,MULLTAN",MULTAN,01-JUL-14,F
2807,BOA03080, 000,NADIR ENTERPRISES,"HOUSE NO. 841, STREET NO. 09,  BLOCK - S - NEW MULTAN COLONY, MULTAN.",MULTAN,01-JAN-18,F
2808,BOA00643, 000,NAEEM CORPORATION COTTON PRESSING FACTORY,NEAR CHISHTIE PETROL PUMP NASIRABAD BAHAWALPUR ROAD ,MULTAN,01-SEP-99,F
2809,BOA03683, 000,NAEEM ELECTRONICS (MGM),GULSHAN MARKET NEAR QURESHI TIKKA SHOP ,MULTAN,01-OCT-23,F
2810,BOA03684, 000,NAEEM ELECTRONICS (MSB),"NEAR HBL BANK, OLD SHUJABAD ROAD",MULTAN,01-OCT-23,F
2811,BOA02994, 000,NAEEM ISLAMIC SCHOOL,"GREEN VIEW COLONY NEAR GRID STATION,",MULTAN,01-JUL-18,F
2812,BOA03325, 000,NAIMAT CRISPO,"OPP DARBAR PEER ISMAIL, GARDEZI MOR, BWP ROAD",MULTAN,06-DEC-21,F
2813,BOA03444, 000,NAJAM PACKAGES,"ADJASCENT TO TAHIR GOODS CAR CARIER SERVICE, BWP ROAD",MULTAN,01-JUL-19,F
2814,BOA02361, 000,NAMCO ASSOCIATES,35KM VEHARI ROAD,MULTAN,01-JUL-15,F
2815,BOA02615, 000,NASIR SAEED OIL MILLS,"GARDEZI MORE,BAHAWALPUR ROAD, MULTAN",MULTAN,01-DEC-16,F
2816,AAB00730,BO010,NATIONAL FOODS LIMITED,"WORKSITE: GLACIERS (PVT) LTD., GOPAL PUR NEAR GARDEZI MORR",MULTAN,01-MAY-10,F
2817,BJA00091,BO016,NAUBAHAR BOTTLING COMPANY (MEHRAN WARE HOUSE),STADIUM ROAD VEHARI ROAD MULTAN,MULTAN,01-MAY-25,F
2818,BOA02086, 000,NAWAB HOTEL,KHAIRA CHOWK SOUTHERN BYPASS,MULTAN,01-NOV-13,F
2819,BOA03447, 000,NAYYAB FOODS ,"NEAR TASTY GARDEN, BWP BY PASS CHOWK",MULTAN,01-JUL-19,F
2820,BOA00868, 000,NEW AL-HAMAD OIL MILLS,KOT RUBNAWAZ VEHARI ROAD ,MULTAN,01-OCT-02,F
2821,BOA03581, 000,NEW BILAY DA DERA,ADDA BILLIWALA BAHAWALPUR ROAD MULTAN,MULTAN,01-NOV-22,F
2822,BOA00550, 000,NEW HEAVEN SCHOOL (BOYS CAMPUS),"17 - I - BLOCK SHAH RUKN-E-ALAM COLONY, NEAR ANSARI CHOWK, MULTAN.",MULTAN,01-DEC-94,F
2823,BOA00550,BO001,NEW HEAVEN SCHOOL (GIRLS CAMPUS),"18 - I- BLOCK SHAH RUKN-E-ALAM COLONY, NEAR ANSARI CHOWK, MULTAN.",MULTAN,01-JUL-17,F
2824,BOA02582, 000,NEW HTH BAKERS & DEPARTMENTAL STORE,AL-NOOR PLAZA SHAH RUKN E ALAM COLONY,MULTAN,01-JUL-16,F
2825,BOA01886, 000,NEW KARACHI CLOTH HOUSE,SHAH RUKEN ALAM COLONY 100 FOOTI ROAD NR T-CHOWK,MULTAN,01-JUL-12,F
2826,BOA03070, 000,NEW MALIK BROTHERS PETROL PUMP,SOUTHERN BY PASS BAHAWALPUR BY PASS MULTAN,MULTAN,01-NOV-19,F
2827,BOA01416, 000,NEW MUSLIM DAL FACTORY,FAZAL MODEL STOP BAHAWALPUR ROAD,MULTAN,01-OCT-10,F
2828,BOA00499,BO006,NISHAT BOYS HIGH SCHOOL (SHAH RUKN-E-ALAM CAMPUS),G - BLOCK SHAH RUKN E ALAM COLONY,MULTAN,01-APR-14,F
2829,BOA00499,BO003,NISHAT GIRLS HIGH SCHOOL (SHAH RUKN-E-ALAM CAMPUS),"498 - 501, h - block, SHAH RUKN-E-ALAM COLONY ",MULTAN,01-JAN-01,F
2830,BGA51231,BO015,NISHAT LINEN (PVT) LIMITED,"SHOP#3, BLOCK S, 100 FEET ROAD, GULSHAN MARKET, NEW MULTAN",MULTAN,01-OCT-17,F
2831,BOA00363, 000,NOUKHEZ PUBLIC HIGH SCHOOL NEW MULTAN.,T-34 NEW MULTAN. ,MULTAN,01-OCT-89,F
2832,BOA00363,BO002,NOUKHEZ PUBLIC SCHOOL,31-W NEW MULTAN,MULTAN,01-JUL-10,F
2833,BOA00363,BO001,NOUKHEZ PUBLIC SCHOOLBOYS BRANCH,169-170 SHAH RUKAN-E -ALAM COLONY ,MULTAN,01-SEP-05,F
2834,BOA02230, 000,OXFORD KENS SCHOOL SYSTEM,37-E SHAH RUKNE ALAM,MULTAN,01-JUL-14,F
2835,BOA02478, 000,PAIDAR BUILDERS CONST. CO ,17-KASSI BUDHLA ROAD,MULTAN,01-JAN-15,F
2836,BOA02231, 000,PAK BRITISH SCHOOL SYSTEM,110-D SHAH RUKNE ALAM,MULTAN,01-DEC-14,F
2837,BOA02593,BO001,PAK LAND FEED PVT LTD,"PLOT NO.7, STADIUM ROAD",MULTAN,01-MAR-17,F
2838,BOA03074, 000,PAKISTAN COLLEGE,STADIUM CHOWK VEHARI ROAD MULTAN,MULTAN,01-OCT-19,F
2839,BOA00638, 000,PAKIZA FLOOR MILLS,NEAR GRID STATION BASTI MALOOK,MULTAN,01-SEP-99,F
2840,BOA02571, 000,PAKLAND IDEAL PUBLIC SCHOOL,WRITERS COLONY NEAR SHAH RUKN E ALAM,MULTAN,01-OCT-16,F
2841,BOA01032, 000,PAKLAND IDEAL PUBLIC SCHOOL,OPP. GOVT. DEGREE COLLEGE SHAH RUKAN ALAM ,MULTAN,01-MAR-08,F
2842,BOA03439, 000,PAPA GINO'S ,"GULSHAN MARKET, NEW MULTAN",MULTAN,01-JUL-20,F
2843,BOA03407, 000,PARADISE PETROLEUM,"MUNIRABAD NEAR M-4 INTERCHANGE, BAHAWALPUR ROAD",MULTAN,01-JUL-20,F
2844,BUA00120,BO001,PENZ PETROLIUM INDUSTRIES,"28 - Z BLOCK, NEW MULTAN COLONY, MULTAN.",MULTAN,01-OCT-10,F
2845,BOA01354, 000,PLATINUM COLLEGE,"OPPOSITE GRID STATION NEAR VERHARI CHOWK, VEHARI ROAD",MULTAN,01-JAN-10,F
2846,BOA02766, 000,POPULAR P.C.U SHOES COMPANY,"NEW STADIUM ROAD, NEAR VEHARI ROAD",MULTAN,01-AUG-17,F
2847,BOA02760, 000,POWER EVA SHOES CO.,"NEW STADIUM ROAD, NEAR VEHARI ROAD, ",MULTAN,01-AUG-17,F
2848,BOA03960, 000,PRIME DIAGOSTIC CENTER,"H NO 30, BLOCK-X, NEAR MADNI CHOWK NEW MULTAN",MULTAN,01-SEP-25,F
2849,BOA02183, 000,PRIME FEED (PVT) LTD & MUDASIR OIL MILLS (PVT) LTD,13 KM BAHAWALPUR ROAD,MULTAN,01-AUG-13,F
2850,AAE01449,BO015,PRIME HUMAN RESOURCES SERVICES PVT LTD,"C/O EMIRATES LOGISTICS, ADDA LAR, BAHAWALPUR ROAD",MULTAN,01-APR-18,F
2851,BOA00348, 000,PROGRESSIVE COTTON GINNERS,BAHAWALPUR ROAD P O BOX NO.346 MULTAN ,MULTAN,02-JAN-89,F
2852,BOA02916, 000,PS CHOICE,"NEAR CRICKET STADIUM, VEHARI ROAD",MULTAN,01-JUL-16,F
2853,BOA02711, 000,PUNJAB CATTLE MARKET MANAGEMENT & dev. CO. MLN,"132-D,SHAH RUKN-E-ALAM COLONY",MULTAN,01-JAN-17,F
2854,BOA01582, 000,PUNJAB CENTRAL PUBLIC SCHOOL,24/A Y-BLOCK NEW MULTAN,MULTAN,01-JUL-10,F
2855,BOA01470, 000,PUNJAB COTTON GINNERS,PULL CHATHA VEHARI ROAD MULTAN,MULTAN,01-SEP-10,F
2856,BOA01478, 000,PUNJAB HOSPITAL,HOUSE NO.18 BLOCK X NEW MULTAN,MULTAN,01-JAN-10,F
2857,BOA01889, 000,PUNJAB PALACE HOTEL & RESTAURANT,OPPOSITE GENERAL BUS STAND ,MULTAN,01-JAN-12,F
2858,BOA02064, 000,PUNJAB RICE MILLS,ADDA 9-KASSI VEHARI ROAD,MULTAN,01-JUL-12,F
2859,BOA02108, 000,QADIR GHEE INDUSTRIES (PVT) LTD,12 KM BWP ROAD ,MULTAN,01-OCT-13,F
2860,BOA00360,BO001,QADIR OIL INDUSTRIES PVT LTD,ADDA WAZIRABAD BAHAWALPUR ROAD ,MULTAN,15-OCT-99,F
2861,BOA01583, 000,QUID MILLAT PUBLIC SCHOOL,HUSSAINIAN CHOWK DUNIYA POR ROAD MULTAN,MULTAN,01-JUL-10,F
2862,BOA02461, 000,QURESHI TIKKA & FAMILY RESTAURANT,GULSHAN MARKET NEW MULTAN,MULTAN,01-JAN-16,F
2863,BOA01474, 000,QURESHI TIKKA SHOP,GULSHAN MARKET NEW MULTAN,MULTAN,01-JUL-10,F
2864,BOA00791, 000,RABNAWAZ INDS PVT LTD,17-KASSI VEHARI ROAD ,MULTAN,09-FEB-03,F
2865,BOA01887, 000,RAFIQ FABRICS,T-CHOWK SHAH RUKEN ALAM COLONY,MULTAN,01-SEP-12,F
2866,BOA01675, 000,RAHBER FILLING STATION,MOUZA RAM KALI BYPASS NEAR HEAD NOU BAHAR MULTAN,MULTAN,01-DEC-10,F
2867,BOA01053, 000,RAHI CNG FILLING STATION,NEAR SULTAN GHEE MIL LS VEHARI ROAD ,MULTAN,01-AUG-08,F
2868,BOA00902, 000,RAHI FILLING STATION,VEHARI ROAD ,MULTAN,01-JAN-04,F
2869,BOA01453, 000,RAINBOW PRINTING SOLUTION (pvt) LTD,QASIM PUR COLONY BHAWALPUR ROAD MULTAN ,MULTAN,01-JUL-10,F
2870,BOA02660, 000,RAMZAN AND COMPANY,"CHOWK BCG BAHAWALPUR ROAD, MULTAN",MULTAN,01-JUL-14,F
2871,BOA02211, 000,RANA TIKKA SHOP,E BLOCK NEAR SHRAF NASEER MEDICAL CENTRE SHAH RUKNE ALAM COLONY,MULTAN,01-JUL-12,F
2872,BOA01397, 000,RANIA PAPER MILLS PVT LTD,GARDEZI MORE BAHAWALPUR ROAD,MULTAN,01-JUN-10,F
2873,BOA01670, 000,RIAZ OIL INDUSTRIES ,ADA BILLE WALA BWP ROAD MULTAN ,MULTAN,01-JUN-11,F
2874,BOA01619, 000,RIAZ OIL MILLS ,01 K M BWP ROAD MULTAN ,MULTAN,01-JUL-09,F
2875,BOA02185, 000,ROSENAMA HARAF-E-LAZIM,9 J 4/5 I BLOCK SHAH RUKEN-E-ALAM COLONY ,MULTAN,01-FEB-09,F
2876,BOA01388, 000,ROSHAN LUBRICANTS,11KM BAHAWALPUR ROAD MULTAN,MULTAN,01-JUL-09,F
2877,BOA01584, 000,ROYAL ACADEMY OF SCIENCE & TECHNOLOGY,335-E SHAH RUKN E ALAM COLONY MULTAN,MULTAN,01-JUL-10,F
2878,BOA02644, 000,ROYAL ALLIED INDUSTRIES,2 K.M. BAHAWALPUR ROAD MULTAN,MULTAN,01-JAN-17,F
2879,BOA03749, 000,ROYAL HEALTH CARE,"7/S NEAR MCB GULSHAN MARKET, NEW MULTAN COLONY",MULTAN,01-JAN-24,F
2880,BOA03710, 000,ROYAL SHINWARI,"STADIUM CHOWK, VEHARI ROAD, MULTAN",ABBASPUR,01-JUL-23,F
2881,BOA03688, 000,ROZNAMA BATALTA ZAMANA,"GULISTAN CHOWK, MULTAN",MULTAN,01-JUL-22,F
2882,BOA02190, 000,ROZNAMA HARARAT,36 ALMARAJ CENTER,MULTAN,01-SEP-14,F
2883,BOA00692, 000,RUSTAM PRESSING FACTORY,BAHAWALPUR ROAD NEAR YAQOOB SOAP FACTORY ,MULTAN,01-JUN-01,F
2884,BOA03374,BO001,S.F FOOD (UNIT-2),17 KASSI NEHAR VEHARI ROAD MULTAN,MULTAN,01-JAN-25,F
2885,BOA03374, 000,S.F FOODS,"NEAR CRICKET STADIUM, VEHARI ROAD",MULTAN,01-FEB-22,F
2886,BOA03933, 000,SAAD OIL MILLS,ADDA GULZARPUR OLD DUNYAPUR ROAD MULTAN,MULTAN,01-JUL-25,F
2887,BOA01149, 000,SABRI CNG,2-KM BAHAWALPUR ROAD,MULTAN,01-OCT-09,F
2888,BOA01585, 000,SADEEQ PUBLIC SCHOOL,44-S NEW MULTAN,MULTAN,01-JUL-10,F
2889,BOA00745, 000,SADIQ TEXTILE MILLS PVT LTD,24-KM VEHARI ROAD ,MULTAN,15-JAN-03,F
2890,BOA03869, 000,SAFETY & SECURITY SERVICES (PVT) LTD,"SUPER PLAZA H-II 42/T-1, BML BANK CHOWK KUMAHRAN WALA ",MULTAN,01-JAN-25,F
2891,BOA01521, 000,SAFETY & SECURITY SERVICES PVT LTD,FLAT NO.1 HOUSE 42-D SUPER PLAZA CHOWK QAZAFI,MULTAN,20-JAN-11,F
2892,BOA02989, 000,SAIM MOBEEN FOOD INDUSTRIES LIMITED,4-km Bahawal Pur Road near yaqoob soap factory nasirabad multan pakistan,MULTAN,01-OCT-18,F
2893,BOA00953, 000,SAIM MOBEEN FOOD INDUSTRIES LIMITED UNIT NO II,"OPPOSITE AL HILAL INDUSTRIES, VEHARI ROAD, MULTAN.",MULTAN,28-JUN-03,F
2894,BOA03222, 000,SAJID SUPER STORE,"48 - B - BLOCK, SHAH RUKN-E-ALAM COLONY,",MULTAN,01-NOV-18,F
2895,BOA03056, 000,SALEEM & SONS SERVICES,"NEAR GOVT. SCHOOL, 17 KASSI, BODHLA ROAD",MULTAN,19-JUL-19,F
2896,BOA03162, 000,SALEEM BROTHER (PIPE FACTORY),17 KASSI BODHLA ROAD MULTAN,MUNKIRA,01-JAN-20,F
2897,BOA02142, 000,SALEEM DAAL FACTORY,18 KASSI VEHARI ROAD MULTAN,MULTAN,01-JUL-13,F
2898,BOA03077, 000,SALEEM PACKAGES,ADDA MUNIRABAD BAHAWALPUR ROAD MULTAN,MULTAN,01-OCT-19,F
2899,BOA00140, 000,SALEEM SOAP FACTORY,BAHAWALPUR ROAD MULTAN,MULTAN,22-JUL-76,F
2900,BOA01422, 000,SALEEMI FILLING STATION,VEHARI CHOWK MULTAN,MULTAN,01-JUL-08,F
2901,BOA02212, 000,SAMEEN ZAFAR MEDICAL CENTRE,F/4 SHAH RUKNE ALAM COLONY,MULTAN,01-JUL-12,F
2902,BOA02585, 000,SAMRAAT SHEEREN REWARI WALEY,KALRO MARKET CHOWK BY PASS BWP ROAD,MULTAN,01-JUL-16,F
2903,BOA00763, 000,SANWAL FILLING STATION,RAM KALI BAHAWALPUR BY-PASS MULTAN,MULTAN,01-FEB-03,F
2904,BOA01403,BO002,SARCO CONSTRUCTION COMPANY,AL NOOR PLAZA T CHOWK SHAH RUKN E ALAM COLONY MULTAN,MULTAN,01-JAN-09,F
2905,BOA02927, 000,SARWAR ENTERPRISES,"MOHALLAH GHARIB NAWAZ, NEAR KHAN BLOACH HOTEL, VEHARI ROAD",MULTAN,01-JUL-17,F
2906,BOA02148, 000,SCIENCE SCHOOL,GULSHAN MARKET NEW MULTAN,MULTAN,01-OCT-13,F
2907,BIA00013,BO043,SERVIS SHOES-SB049 (SERVICE INDUSTRIES LIMITED),SHOEBOX GULSHAN MARKET,MULTAN,01-JUN-22,F
2908,BOA01389, 000,SEYAL LUBRICANTS,16KM VEHARI ROAD MULTAN,MULTAN,01-JUL-08,F
2909,BOA02377, 000,SHADI KHEL FILLING STATION (PSO),ADDA BASIRA BHAWAL PUR ROAD,MULTAN,01-JAN-15,F
2910,BOA03327, 000,SHAH G RESTAURANT & B.B.Q,"SHAH SHAMS TABREZ INTERCHANGE, BWP ROAD",MULTAN,01-DEC-21,F
2911,BOA03889, 000,SHAH RUKAN-E-ALAM MART ,T CHOWK SHAH RUKAN-E-ALAM COLONY MULTAN,MULTAN,01-JAN-25,F
2912,BOA01273, 000,SHAH RUKEN ALAM CNG STATION (PSO),NEAR UNDER PASS SHAH RUKEN ALAM COLONY ,MULTAN,01-JUL-08,F
2913,BOA01408, 000,SHAH RUKN E ALAM CNG Staion,NEAR UNDERPASS .GENERAL BUS STAND ROAD MULTAN,MULTAN,01-JUL-08,F
2914,BOA00024, 000,SHAHAB INDUSTRIES,-TUGHLAK TOWN MAKHDOOM RASHEED ROAD GENERAL BUS STAND MULTAN,MULTAN,01-JUL-76,F
2915,BOA03932, 000,SHAHEER GOLDEN OIL MILLS,MOUZA SHEIKHPUR OLD DUNYAPUR ROAD MULTAN,MULTAN,01-JUL-25,F
2916,BOA00705, 000,SHAHID PACKAGES,MUNIRABAD MAIN BAHAWALPUR ROAD ,MULTAN,04-SEP-01,F
2917,BOA00556, 000,SHAHID SOAP FACTORY,VEHARI ROAD O\S NEW GRAIN MARKEET MULTAN ,MULTAN,01-JUL-95,F
2918,BOA00025, 000,SHAHSONS MECHANICAL ENGINEERING (PVT) LTD,14-KM VEHARI ROAD NEW MSM PISTON RINGS ,MULTAN,01-JUL-76,F
2919,BOA01359, 000,SHAKEEL TEXTILE INDUSTRIES ,BUDHLA SANT ROAD MULTAN ,MULTAN,01-MAR-10,F
2920,BOA02926, 000,SHALIMAR FLYING COACH,"GENERAL BUS STAND, VEHARI CHOWK",MULTAN,01-JUL-16,F
2921,BOA01502, 000,SHAN MEDICAL CENTRE,01-Y SERVICE ROAD MADNI CHOWK NEW MULTAN,MULTAN,01-JUL-10,F
2922,BOA02581, 000,SHANDAAR REWARI SWEET & BAKERS,CALRO MARKET CHOWK BY BWP ROAD,MULTAN,01-JUL-16,F
2923,BOA02731, 000,SHANGRILLA CUISINE,GULSHAN MARKET MULTAN,MULTAN,01-OCT-17,F
2924,BOA00560, 000,SHANI FOOD INDS,BHAWALPUR ROAD MULTAN ,MULTAN,01-MAR-96,F
2925,BOA02065, 000,SHARAFAT RICE FACTORY,OPPOSITE MULTAN RICE MILLS 15-KM BAHAWALPUR ROAD ,MULTAN,01-JAN-12,F
2926,BOA00663, 000,SHARIF OIL MILLS,STADIUM ROAD ,MULTAN,01-OCT-00,F
2927,BOA03822, 000,SHEHZORE PLASTIC PIPE INDUSTRY,"17-KASSI, BUDHLA SANT ROAD",MULTAN,01-JUL-23,F
2928,BOA00680, 000,SHELL PETROL PUMP,GENERAL BUS STAND ,MULTAN,01-JAN-01,F
2929,BOA02351, 000,SIGNALs AND BINARY ENGINEERING PVT LTD,HOUSE NO 8 KAINAT VILLAS K BLOCK SHAH RUKNE ALAM Colony ,MULTAN,01-JUL-15,F
2930,BOA03343, 000,SIKANDAR FOODS PRODUCT,"FAZAL MODEL ROAD, 2KM BAHAWALPUR BYPASS",MULTAN,01-JAN-22,F
2931,BOA01683, 000,SIMAMM INTERNATIONAL PVT LTD,16KM BAHAWALPUR ROAD MULTAN,MULTAN,01-JUL-11,F
2932,BOA02072, 000,SINDHU FLOUR MILL,18-KASSI BUDHLA ROAD,MULTAN,01-JAN-13,F
2933,BOA01440, 000,SIR SYED COLLEGE OF COMMERCE & TECHNOLOGY ,QASIM PUR COLONY BWP ROAD MULTAN ,MULTAN,01-SEP-10,F
2934,FEE00310,BO005,SISKO TECHNICAL SERVICES,"PLAT NO1, BLOCK-52-E, G-11/3 ISLAMABAD (C/O SBP MULTAN)",MULTAN,01-AUG-25,F
2935,BOA00604, 000,SOLEX AGRO INDUSTRIES,MULTAN STADIUM ROAD VEHARI ROAD ,MULTAN,01-NOV-97,F
2936,BTB00374,BO001,SOUTH CHEMICAL,ADDA MUHAMMAD PUR QASBA MARRAL ROAD OPPOSITE HUSSAIN TEXTILE MILLS BAHAWALPUR ROAD,MULTAN,01-JAN-11,F
2937,BOA03274, 000,SPL QASIMPUR S.S. (ASHFAQ ENTERPRISES),NEAR THE EDUCATOR COMPUS QASIMPUR CANAL QASIMPUR MULTAN,MULTAN,01-FEB-21,F
2938,BOA02618, 000,SPRING HOSPITAL(INSTITUTE OF PSYCHIATRY),OPP MADNI PARK NEAR CHOWK KHAMARAN WALA,MULTAN,01-DEC-16,F
2939,BOA02917, 000,STAK COLLEGE OF COMMERCE & SCIENCE,"66-G, NEAR HAMZA CHOWK, JINNAH PARK, SHAH RUKN-E-ALAM",MULTAN,01-JUL-15,F
2940,BOA02912, 000,STAK COLLEGE OF COMMERCE & SCIENCE (GIRLS CAMPUS),"82, S-BLOCK, GULISTAN CHOWK, MASOOM SHAH ROAD",MULTAN,01-JUL-17,F
2941,FAA00600,BO003,STRENGTHENING PARTICIPATORY ORGANIZATION (SPO),"339 / 340 - D - BLOCK, SHAH RUKN-E-ALAM COLONY, MULTAN.",MULTAN,15-JAN-94,F
2942,BOA02820, 000,STYLO FRANCHISE GULSHAN MARKET,"SHOP#14-Y,GROUND FLOOR, GULSHAN MARKET, NEW MULTAN",MULTAN,01-DEC-17,F
2943,BOA02218, 000,SUFFAH INTERNATIONAL SCHOOL,420-B SHAH RUKNE ALAM COLONY,MULTAN,01-JUL-14,F
2944,BOA03300, 000,SUN RAYS FILLING STATION,"QASIMPUR ROAD, NEAR BAHAWALPUR BY PASS CHOWK",MULTAN,01-AUG-21,F
2945,BOA03095, 000,SUPPER MRS PETROLIUM SERVICE,"HAFIZWALA DUNYAPUR ROAD, MULTAN",MULTAN,01-FEB-20,F
2946,BOA02911, 000,SUPREME SHOES,"17-KASSI, NEAR CRICKET STADIUM, VEHARI ROAD",MULTAN,01-JUL-15,F
2947,BOA03024, 000,SUZUKI UNIQUE MOTORS,"NEAR SULTAN GHEE MILL, VEHARI ROAD",MULTAN,01-JAN-19,F
2948,BOA03930, 000,SWEET CREME (GULSHAN MARKET),NOON CHOWK GULSHAN MARKET,MULTAN,01-JUL-25,F
2949,AAG00744,BO019,SWIFT PROPERTY MANAGEMENT SERVICES PVT LTD,"C-32/7 KDA SCHEME 1, TIPU SULTAN ROAD KARACHI (C/O TELENOR MICRO FINANCE MULTAN)",KARACHI,01-DEC-24,F
2950,BOA03606, 000,SWYFT DELIVERY SOLUTIONS PVT LTD,PLOT NO.37 COMMERCIAL BLIOCK-T NEW MULTAN,MULTAN,01-FEB-23,F
2951,BOA02977, 000,TAHA & CO,"PLOT NO. 5, BWP ROAD, OPPOSITE GRID STATION, ADJASCENT GREEN VIEW HOUSING COLONY",MULTAN,01-MAY-18,F
2952,BOA02459, 000,TAHIR FOOD,17 KASSI VEHARI ROAD,MULTAN,01-JAN-14,F
2953,BOA03166, 000,TALHA SOAP FACTORY PVT LTD,I/S A & Z OIL 12 K.M. BAHAWALPUR ROAD MULTAN,MURGHA KIBZAI,25-OCT-18,F
2954,BOA03408, 000,TANDOORI GARDEN,"NEAR M-4 INTERCHANGE, BAHWALPUR ROAD",MULTAN,01-FEB-22,F
2955,BOA00461, 000,TARIQ FLOUR MILLS,NEAR GRID STATION WAPDA BAHAWALPUR ROAD MULTAN,MULTAN,01-NOV-92,F
2956,BOA01417, 000,TASTY GARDEN RESTAURANT,BAHAWALPUR BYPASS CHOWK BAHAWALPUR ROAD MULTAN,MULTAN,01-OCT-10,F
2957,BOA00765, 000,TAWAQAL OIL MILLS,VEHARI ROAD ,MULTAN,01-OCT-02,F
2958,BOA03042, 000,TAYYAB FOOD MULTAN,"MOUZA BHANI, NEAR CRICKET STADIUM",MULTAN,01-JUL-18,F
2959,BOA01036, 000,TEZ GAS PVT LTD,35-KM BAHAWALPUR ROAD ADDA MUHAMMAD PUR ,MULTAN,01-JUL-07,F
2960,BOA02525, 000,THAHEEM PVT LTD,23 24 SHAH RUKAN-E-AALAM COLONY VEHARI ROAD,MULTAN,01-JUL-16,F
2961,BOA03068, 000,THE  EDUCATOR (AHMED CAMPUS),KHANPUR ROAD HASHMI CHOWK MAKHDOOM RASHID MULTAN,MULTAN,01-APR-19,F
2962,BOA01242, 000,THE AMBASSDAR SCHOOL SYSTEM ,609- A SHAH RUKIN ALAM COLONY MULTAN ,MULTAN,01-JUL-09,F
2963,BOA02399, 000,THE COUNTRY COLLEGE FOR GIRLS,608-K SHAH RUKAN-E-ALAM COLONY,MULTAN,01-JUL-15,F
2964,BOA01243, 000,THE EDUCATOR SHAH RUKEN ALAM CAMPUS ,18 BLOCK H - SHAH RUKEN ALAM COLONY MULTAN ,MULTAN,01-JUL-08,F
2965,BOA02953, 000,THE EDUCATORS,"107-L, SHAH RUKN-E-ALAM",MULTAN,01-JUN-17,F
2966,BOA03217, 000,THE EDUCATORS (ACCOUNT OFFICE),"HOUSE NO. 129 - H - SHAH RUKN-E-ALAM COLONY,",MULTAN,01-SEP-18,F
2967,BOA03216, 000,THE EDUCATORS (GIRLS CAMPUS),"HOUSE NO. 136-137 BLOCK - H - SHAH RUKN-E-ALAM COLONY,",MULTAN,01-JUL-18,F
2968,BOA03218, 000,THE EDUCATORS (L - BLOCK CAMPUS),"L - BLOCK, SHAH RUKN-E-ALAM COLONY,",MULTAN,01-JUL-18,F
2969,BOA01609, 000,THE EDUCATORS (NAEEM CAMPUS ),NAEEM CAMPUS QASIM PUR COLONY BWP ROAD MULTAN ,MULTAN,01-JUL-10,F
2970,BOA01496, 000,THE GLOBAL COLLEGE,11-G SHAH RUKN-E-ALAM MULTAN,MULTAN,01-JUL-10,F
2971,BOA01436, 000,THE KNOWLEDGE SCHOOL FATIMA CAMPUS,108L SHAH RUKN ALAM,MULTAN,01-APR-10,F
2972,BOA01621, 000,THE LEARNERS GIRLS HIGH SCHOOL ,NEAR BILAL MISJAD B C G CHOWK MULTAN ,MULTAN,01-JUL-10,F
2973,BOA02366, 000,THE LEGEND COLLEGE,NEAR BCG CHOWK BAHAWALPUR ROAD,MULTAN,15-SEP-15,F
2974,BOA02221, 000,THE NEST MONTESSORI SCHOOL,S BLOCK NOON CHOWK NEW MULTAN,MULTAN,01-JUL-14,F
2975,BOA02388, 000,THE NGO WORLD FOUNDATION,CHAH JATTU WALA VEHARI ROAD,MULTAN,01-JUL-15,F
2976,BOA02565, 000,THE PUNJAB IDEAL SCHOOL,"MOHALLAH NAZIME TOWN OPPOSITE 1122, BAHAWALPUR ROAD",MULTAN,01-OCT-16,F
2977,BOA02656, 000,THE SCHOOL,"17 KASSI BODHLA ROA, MULTAN",MULTAN,01-APR-17,F
2978,BOA02934, 000,THE SCHOOL OF SCIENCES (BUNYAD CAMPUS),"448 - L BLOCK, SHAH RUKN-E-ALAM COLONY",MULTAN,01-JAN-18,F
2979,BOA02933, 000,THE SCHOOL OF SCIENCES (PEHCHAN CAMPUS),"170 - L BLOCK, SHAH RUKN-E-ALAM COLONY",MULTAN,01-JAN-18,F
2980,BOA02935, 000,THE SCHOOL OF SCIENCES (SHAOOR CAMPUS),"71 - S BLOCK, SHAH RUKN-E-ALAM COLONY",MULTAN,01-JAN-18,F
2981,BOA03827, 000,THE SHAHZORE SECURITY PVT LTD,"T-BLOCK BASTI KOTWAL, NEAR GULSHAN MARKET, NEW MULTAN COLONY",MULTAN,01-JUN-24,F
2982,BOA02202, 000,THE TIMES SCHOOL SYSTEM,35-E SHAH RUKN-E-ALAM COLONY MULTAN,MULTAN,01-JUL-14,F
2983,BOA03956, 000,TIMMY'S (GULSHAN MARKET),NEAR NOON CHOWK  GULSHAN MARKET NEW MULTAN,MULTAN,01-SEP-25,F
2984,BOA03175, 000,UK TRADERS,BAHAWALPUR BY PASS CHOWK,MULTAN,01-JUL-20,F
2985,BOA03596, 000,UMAR AND SONS,BUDHLA SANT ROAD 18 KASSI MULTAN,ABBASPUR,01-JAN-23,F
2986,BOA01524, 000,UMAR PETROLEUM SERVICE,KEKAR STOP GENERAL BUS STAND ROAD MULTAN,MULTAN,01-JUL-09,F
2987,BOA02993, 000,UNITED CONFECTIONERY (PVT) LTD,"20 KM BAHAWALPUR ROAD, MOUZA JUNGLE FAIZ PUR ",MULTAN,01-OCT-18,F
2988,BOA01158, 000,UNITED FEED,"ADDA BILLI WALA BAHAWALPUR ROAD, MULTAN.",MULTAN,01-OCT-09,F
2989,AAF04732,BO001,UNIVERSAL TECH SERVICES,"VEHARI ROAD, MULTAN CRICKET STADIUM, CHATA GUDAM WALLS ICE CREAM",MULTAN,01-DEC-23,F
2990,BOA03094, 000,URBAN SOLE,GULSHAN MARKET MULTAN,MULTAN,01-FEB-20,F
2991,BOA02143, 000,USMAN RICE MILLS,18 KASSI VEHARI ROAD,MULTAN,01-DEC-13,F
2992,BOA03063, 000,USTAD-E-ALAM BLUE PETTERY,2.5 K.M. MAIN BAHAWALPUR ROAD MULTAN,MULTAN,01-JUL-19,F
2993,BOA00781, 000,VISION FOODS & PACKAGING LTD,3-KM Bahawal Pur By pass road multan,MULTAN,01-MAY-03,F
2994,BOA01454, 000,VOLKA FOOD INTERNATIONAL  LIMITED,"03 KM BAHAWALPUR BY PASS CHOWK, BAHAWALPUR ROAD, MULTAN. ",MULTAN,01-OCT-10,F
2995,BOA00862, 000,WAQAS OIL MILLS,BAHAWALPUR ROAD NR ADDA BILLIWALA ,MULTAN,01-OCT-03,F
2996,BOA02743, 000,WARDA DESIGNER COLLECTION PVT LTD.,WARDA GULSHAN MARKET,MULTAN,01-JUL-17,F
2997,BOA03043, 000,WASAIB RESTAURANT,"NEAR M-4 MOTORWAY, MUNIRABAD BAHAWALPUR ROAD",MULTAN,01-FEB-19,F
2998,BOA03441, 000,WASIFA FOODS,"JINNAH COLONY, NEAR CRICKET STADIUM, VEHARI ROAD",MULTAN,01-JUL-18,F
2999,BOA03265, 000,WEBX TECHNOLOGIES,HOUSE NO.40-B BLOCK-F NAYAB CITY NEAR CRICKET STADIUM VEHARI ROAD ,MULTAN,07-MAY-21,F
3000,BOA03071, 000,YAHAR PVT LTD,10 K.M. GARDEZI MORE BAHAWALPUR ROAD MULTAN,MULTAN,01-AUG-19,F
3001,BOA03973, 000,YAHYA FABRICS,LINK BHUDLA ROAD NEAR CRICKET STADIUM MULTAN,MULTAN,01-NOV-25,F
3002,BOA01150, 000,YAQUB PACKAGES,YAQUB CENTRE VEHARI ROAD ,MULTAN,01-JUL-09,F
3003,BOA00223, 000,YAQUB SOAP FACTORY-LTD-UNIT NO 1,BAHAWAL PUR ROAD MULTAN ,MULTAN,01-JUL-81,F
3004,BOA01212, 000,YASIR BROTHERS SHELL,ADDA LAR BAHAWAL PUR ROAD,MULTAN,07-DEC-09,F
3005,BOA03734, 000,YCDO HOSPITAL JUMMA WALA,"JUMMA WALA, DUNYA PUR ROAD",MULTAN,01-DEC-22,F
3006,BOA03735, 000,YCDO HOSPITAL QASIM PUR,QASIM PUR COLONY,MULTAN,01-JUL-22,F
3007,BOA02182, 000,ZAINAB GHEE AND GENERAL MILLS PVT LTD,12KM BAHAWALPUR ROAD,MULTAN,01-JUL-13,F
3008,BOA03971, 000,ZAYTOON FEEDS & ALLIED INDUSTRIES,12 KM NEAR GARDEZI MOR BAHAWALPUR ROAD MULTAN,MULTAN,01-JUL-25,F
3009,BOA03409, 000,ZAYTOON GARDEN RESTAURANT,"4KM- BAHAWALPUR ROAD, NEAR SHAH SHAMS TOLL PLAZA",MULTAN,01-MAR-22,F
3010,AAF00451,BO011,ZIMS SECURIITY PVT LTD,"ZIMS Security office, 409-E SHAH RUKN-E-ALAM COLONY",MULTAN,01-JAN-12,F
3011,BOA03618, 000,786 MEDIA ADVERTISING AND MARKETING,"HAZOORI BAGH ROAD, AHMAD CENTER MULTAN",MULTAN,01-DEC-22,G
3012,BOA01265, 000,A HAMEED SONS CNG SERVICES,NEAR FISH MARKET EID GAH ROAD SHAMASABAD ,MULTAN,01-JAN-09,G
3013,BOA03593, 000,A-S COLD CORNER,"1189 B, MUMTAZABAD",MULTAN,01-SEP-20,G
3014,BOA02136, 000,A.R ENTERPRISES,WATER WORKS RD. HYDE MARKET,MULTAN,01-JAN-14,G
3015,BOA01911, 000,AAMIR TIKKA SHOP,MAIN MARKET MUMTAZABAD,MULTAN,01-OCT-12,G
3016,BOA01400, 000,ABC PLASTIC FACTORY,77-PEOPLES COLONY VEHARI ROAD MULTAN,MULTAN,03-JUN-10,G
3017,BOA02976, 000,ABCO TECHNICAL PVT. LTD.,"1773 RAILWAY ROAD, MULTAN.",MULTAN,01-JUL-13,G
3018,BOA03816, 000,ABM MART,"CANTT ROAD, OPPOSITE BOMAN SQUARE PLAZA",MULTAN,01-DEC-22,G
3019,BOA01151, 000,ADEEL CLOTH ,1137/48-E CHAH TALAB WALA HAFIZ JAMAL ROAD,MULTAN,01-JUL-09,G
3020,BOA02390, 000,ADEEL METAL WORKS,MOHALLAH NASIRABAD NEAR RAILWAY LINES MUMTAZABAD,MULTAN,01-JUL-15,G
3021,BIB02303,BO003,ADSELLS ADVERTISING (PVT) LTD,"124-C, Shamsabad, near eidgah road, multan",MULTAN,01-APR-17,G
3022,BLA01213,BO028,AFZAL ELECTRONICS,"OPP. 1 MINAR WALI MASJID, GUJJAR KHADA",MULTAN,01-NOV-17,G
3023,BLA01213,BO034,AFZAL ELECTRONICS,"NEAR RUSTAM FLOUR MILLS, CHOWK SHAH ABBAS, VEHARI ROAD, MULTAN",MULTAN,01-NOV-17,G
3024,BLA01213,BO040,AFZAL ELECTRONICS,"NEAR MULTAN KHUSA HOUSE, ABDALI ROAD, CHOWK GHANTA GHAR, MULTAN",MULTAN,01-APR-18,G
3025,BOA02772, 000,AFZAL MUBARAK & BROS.,"STREET 15, BILAL NAGAR, CHUNGI # 14, MULTAN.",MULTAN,01-MAY-15,G
3026,AAB00353,BO006,AGFA GEVAERT PAKISTAN PVT LTD.,I-BABAR COMMERCIAL CENTRE KUTCHERY ROAD MULTAN,MULTAN,01-JUL-86,G
3027,BOA02026, 000,AGHAZ SUPER MART,M.D.A CHOWK,MULTAN,01-JAN-13,G
3028,BOA03275, 000,AHMAD HASSAN SPINNING LIMITED,"5-6, PLOT NO. 8/9, SHAHRA E QUAID E AZAM ",MULTAN,01-JUL-21,G
3029,BNA00036,BO001,AHMAD HASSAN TEXTILE MILLS LTD,46-HASSAN PARWANA COLONY MULTAN ,MULTAN,01-MAR-03,G
3030,BOA01536, 000,AHMED KA MULTANI SOHAN HALWA,TAREEN ROAD QADEER ABAD ,MULTAN,01-JUL-10,G
3031,BOA02355, 000,AKRAM CONE DYING,ST.#2 MOHALLAH RASOOL PURA,MULTAN,01-JUL-15,G
3032,BOA02624, 000,AKRAM MECHANICAL WORKS,OLD CHOUNGI NO # 9 HAZOORI BAGH ROAD ,MULTAN,01-SEP-17,G
3033,BOA02836, 000,AL BARAKA APPAREL (THE DINER'S SHOP),"SHOP 20, SHARIF PLAZA",MULTAN,01-JAN-13,G
3034,BOA01394, 000,AL FAHAD CLOTH HOUSE,CHOWK LOHARI GATE GHANTA GHAR MULTAN,MULTAN,01-MAY-10,G
3035,BOA01646, 000,AL FURQAN DYING ,CHUNGI NO.14 MAKHDUM RASHID RD NR AIK MINAR WALI M,MULTAN,01-JUL-10,G
3036,BOA01672, 000,AL HARAM ENTERPRISES,LOHAR COLONY,MULTAN,01-JUL-08,G
3037,BOA02808, 000,AL HILAL AGENCIES,"NEAR BABER CENIMA, KUTCHERY ROAD, MULTAN",MULTAN,01-JAN-18,G
3038,POA00011, 000,AL IMRAN MODEL SCHOOL,314 SHAMSABAD COLONY ,MULTAN,30-SEP-02,G
3039,BOA01647, 000,AL KARAM SWEETS,NEAR CHUNGI NO 14 MULTAN,MULTAN,01-JUL-10,G
3040,BOA02851, 000,AL MALIK SECURITY SERVICES PAKISTAN (PVT) LTD,"01, HUMAIYOUN ROAD, MULTAN",MULTAN,01-MAY-18,G
3041,BOA02491, 000,AL MUMTAZ FOOD PRODUCT,YAQOOB TOWN ST.02 VEHARI ROAD,MULTAN,01-JAN-16,G
3042,BOA03031, 000,AL MUQADDIM FOUNDATION,"FLEXI FUEL CNG, CHOWK BCG, VEHARI ROAD",MULTAN,01-MAY-18,G
3043,BOA02907, 000,AL NOOR PUBLIC BOYS HIGH SCHOOL,"BILAL NAGAR, CHUNGI NO. 14, MULTAN.",MULTAN,01-JAN-18,G
3044,BOA02906, 000,AL NOOR PUBLIC GIRLS HIGH SCHOOL,"BILAL NAGAR, CHUNGI 14, MULTAN",MULTAN,01-JAN-18,G
3045,BOA01821, 000,AL SANA GARMENTS,SHOP # 1 2 SHARIF PLAZA KUTCHERY CHOWK,MULTAN,01-JUL-10,G
3046,BOA02999, 000,AL SATTAR ENTERPRISES,"SHAHZAD MANZIL, WATER WORKS ROAD",MULTAN,01-JUN-18,G
3047,BOA03010, 000,AL SHIFA CHILDREN CLINIC,"41-B, NUSRAT SHAHEED ROAD, MUMTAZABAD,",MULTAN,01-NOV-18,G
3048,BOA02837, 000,AL UMRA (PVT) LTD,OFFICE# 05 1ST FLOOR MUHAMMAD ARCADE CHUNGI NO. 09,MULTAN,01-JAN-17,G
3049,BOA02354, 000,AL-HAMEED TRADERS,VEHARI ROAD,MULTAN,01-JUL-15,G
3050,BOA01944, 000,AL-KHIDMAT DIAGNOSTIC CENTER,1-SARWAR ROAD PULL MOJ DARYA,MULTAN,01-JUL-12,G
3051,BOA02609, 000,AL-RAHIM CONE DYEING,EXPORT ZONE NEAR ANSARI CHOWK,MULTAN,01-OCT-16,G
3052,BOA01498, 000,ALEEM CAN(PVT)LTD,NEELUM STREET VEHARI ROAD ,MULTAN,10-DEC-10,G
3053,BOA00827, 000,ALI ASSOCIATES,CHOWK KUCHERY L. M. Q. ROAD ,MULTAN,27-NOV-02,G
3054,BOA01687, 000,ALI CHARGHA BROAST,OLD SABZI MANDI MORE HASSAN PARWANA COLONY,MULTAN,01-NOV-11,G
3055,BOA02694, 000,ALI FABRICS,ANSAR CHOWK OPP TANKI WALI GALI,MULTAN,01-JUN-17,G
3056,BOA03313, 000,ALI HOMETEX EXPORT,167/RH SHAHEENABAD MULTAN,MULTAN,01-SEP-21,G
3057,BOA01023, 000,ALLAMA IQBAL TECHNOLOGY COLLEGE,130-D SHAMASABAD ,MULTAN,01-OCT-07,G
3058,BOA00021, 000,ALLAWASAYA TEXTILE AND FINISHING MILLS LTD,P O BOX NO 42 VEHARI ROAD MULTAN ,MULTAN,01-JUL-76,G
3059,BOA01693, 000,ALLIED MANPOWER SERVICES PVT LTD,"ROOM NO.04,3RD FLOOR,TRUST PLAZA.DERA ADDA.MULTAN",MULTAN,09-DEC-11,G
3060,BOA01922, 000,ALLIED SCHOOL - GUL BAHAR CAMPUS,2-A MUMTAZABAD COLONY,MULTAN,01-SEP-12,G
3061,AAB00065,BO005,ALPHA INSURANCE CO LTD,1st floor hajveri arcade kutchery road,MULTAN,01-JUL-76,G
3062,BOA00921, 000,ALPINE SECURITY SERVICES PVT LTD,SAEED CENTRE KUTCHERY ROAD ,MULTAN,07-FEB-04,G
3063,BOA02669, 000,AMAAN TRADERS,ANSAR COLONY NEAR TAIBA TRADERS,MULTAN,01-MAY-17,G
3064,BOA02324, 000,AMIR FOOD,HAIDER PURA NEAR RAILWAY PHATTAK MUMTAZABAD,MULTAN,01-JAN-13,G
3065,BOA01095, 000,AMIR MEHMOOD FILLING STATION,HASSAN PARWANA ROAD,MULTAN,31-DEC-08,G
3066,BOA03125, 000,AMJAD STEEL TRADERS,"OPP KHAWAJA FAREED HOSPITAL,VEHARI ROAD",MULTAN,01-SEP-19,G
3067,BOA01442, 000,AMPLA FABRICS H.ABDUL AZIZ SONS ,CHOWK FAWARA ABDALI ROAD ,MULTAN,01-JUL-08,G
3068,BOA01638, 000,ANWARSON,1491-FAIZI ROAD CHOWK LAKAR MANDI,MULTAN,01-MAR-11,G
3069,BOA02668, 000,AR TRADERS,ANSAR COLONY NEAR PANI WALI TANKI,MULTAN,01-MAY-17,G
3070,BOA03105, 000,ARAFAT TRADERS,"AL TAMASH ROAD, OPP FAROOQ AZAM MASJID, GUJJAR KHADA MULTAN",MULTAN,01-JUL-18,G
3071,BOA01424, 000,AROOJ INDUSTRIES,BILAL NAGAR MOH MANZOOR ABAD HAFIZ JAMAL RD,MULTAN,01-JUL-08,G
3072,BOA02019, 000,ARSALAN BROTHERS FILLING STATION (PSO),NEAR GHALLAH MANDI VEHARI ROAD,MULTAN,01-JUL-10,G
3073,BOA02021, 000,ASIA TEXTILES,04-HOME TEX EXPORT ZONE NEAR ANSARI CHOWK OLD BUDHLA ROAD,MULTAN,01-JAN-13,G
3074,AAB00073,BO002,ATLAS BATTERY,AZMAT WASTI ROAD DERA ADDA MULTAN ,MULTAN,01-JUN-85,G
3075,AAB00072,BO003,ATLAS HONDA LTD.,CHOWK DERA ADDA MULTAN. ,MULTAN,01-SEP-80,G
3076,BIA00133,BO001,ATLAS INSURANCE LTD.(EX-MUSLIM INSURANCE CO.),AZMAT WASTI ROAD MULTAN CANTT MULTAN ,MULTAN,01-JUL-76,G
3077,BOA01790, 000,ATTOCK PETROL PUMP,L.M.Q ROAD DERA ADDA CHOWK ,MULTAN,01-MAY-12,G
3078,BOA02018, 000,AWAMI GENERAL STORE,OPP. HAFIZ KA MULTANI SOHAN HALWA HUSSAIN AGAHI CHOWK,MULTAN,01-JUL-10,G
3079,BOA01974, 000,AWAN BROTHERS,NEELUM STREET NEAR BCG CHOWK VEHARI ROAD,MULTAN,01-NOV-12,G
3080,BOA00943, 000,AWAZ FOUNDATION PAK. CENTRE FOR DEVEPMT SERVS, 2440/N/8A D-BLOCK N-SHAMASABAD COLONY ,MULTAN,01-JAN-03,G
3081,BOA00687, 000,AYYOUB SOAP FACTORY,SHARAE RASHID AYYOUB CENTRE ,MULTAN,01-JUL-01,G
3082,BOA02998, 000,AZIZ HOSPITAL MULTAN,CHOWK AZIZ HOTEL,MULTAN,01-JAN-18,G
3083,BOA01420, 000,BABA ICE CREAM & BRANCHES,ABDALI ROAD NR CHOWK NAWAN SHER ,MULTAN,02-JUL-10,G
3084,BOA03258, 000,BABAR & UMAR PVT LTD,HOUSE NO. 01 ST NO 20 SCHEME 3 ,MULTAN,10-MAR-21,G
3085,BOA00022, 000,BABAR CENIMA(THEATER),KUTCHERY ROAD MULTAN ,MULTAN,01-JUL-76,G
3086,BOA01232, 000,BAHARIA SECURITY SERVICES ,FIRST FLOOR DISTRICT ARMED SERVICES BOARD NEAR HIGH COURT CANTT MULTAN,MULTAN,01-JUL-08,G
3087,BOA02302, 000,BIG B ENTERPRISES,NEAR ALLAH WASAYA CHOWK OLD DUNYA PUR ROAD,MULTAN,01-JAN-15,G
3088,BOA02330, 000,BILAL SHOE FACTORY,JILANI ROAD BEHIND CREAM LAND CINEMA,MULTAN,01-JUL-14,G
3089,BOA00749, 000,BILSON PUBLIC SCHOOL,CHAH BOHAR WALA JALILABAD ,MULTAN,10-JAN-03,G
3090,BIA01991,BO005,BORJAN PVT LTD,HUSAIN AGAHI MULTAN,MULTAN,01-AUG-09,G
3091,BOA00533, 000,BRIGHT CAREER PUBLIC SCHOOL,34 A MUMTAZABAD ,MULTAN,10-MAR-93,G
3092,BOA02790, 000,BRIT INTERNATIONAL SCHOOL NETWORK,"MAIN KUTCHERY ROAD, ADJACENT KHAN CENTER, MULTAN",MULTAN,01-JAN-18,G
3093,BOA02791, 000,BRITAIN INTERNATIONAL SCHOOL AL MUJTABA CAMPUS,"NUSRAT SHAHEED ROAD, MUMTAZABAD, MULTAN.",MULTAN,01-NOV-17,G
3094,BOA01959, 000,BRITISH GRAMMAR SCHOOL,I-X 1655 KUTCHERY ROAD,MULTAN,01-JUL-12,G
3095,BOA01435, 000,BRITISH INTERNATIONAL SCHOOL,"2/A MUMTAZ ABAD, mULTAN. 03459630555",MULTAN,01-OCT-10,G
3096,BOA01047, 000,BRITISH INTERNATIONAL SCHOOL (Al-Jalil campus),56 hASSAN pARWANA COLONY MULTAN,MULTAN,01-JUL-08,G
3097,BOA02810, 000,BRITISH INTERNATIONAL SCHOOL MUMTAZABAD BR II,"NUSRAT ROAD, MUMTAZABAD, MULTAN",MULTAN,01-JAN-18,G
3098,BOA00271, 000,CAFE GOLDEN STAR(FRIENDS HOTEL),CHOWK DERA ADDA MULTAN ,MULTAN,01-JAN-86,G
3099,BOA02638, 000,CAMBRIDGE INTERNATIONAL SCHOOL SYSTEM,4/A MUMTAZABAD COLONY OPPOSITE FAISAL MUKHTAR PARK,MULTAN,01-JAN-17,G
3100,AAB00161,BO005,CHEVRON PAKISTAN LUBRICANTS PVT LTD,CALTEX BULK DEPOT RAILWAY GOODS YARD INSIDE MULTAN CITY ,MULTAN,01-SEP-80,G
3101,BOA03824, 000,CHOPPERS SALON,"GULSHAN MARKET, BLOCK 'S' NEW MULTAN",MULTAN,01-JAN-23,G
3102,BOA02657, 000,CHOUDHERY MEDICINE COMPANY,GHANTA GHAR MEDICINE MARKET,MULTAN,01-APR-17,G
3103,BOA00584, 000,CIRCLE M COMPANY PVT LTD,VEHARI ROAD NEAR PUNJAB TEXTILE ,MULTAN,09-FEB-97,G
3104,BOA03367, 000,CITY CHARGA BROAST,CHUNGI NO.7 LMQ ROAD MULTAN,MULTAN,01-FEB-21,G
3105,BOA01096, 000,CITY FUELS,ABDALI ROAD CHOWK NAWAN SHAHER,MULTAN,01-JAN-09,G
3106,BOA03208, 000,CITY GRAMMAR SCHOOL SYSTEM,"178 SHAMSABAD COLONNY, EID GAH ROAD",MULTAN,01-SEP-20,G
3107,FAA00311,BO009,CM PAK LIMITED (ZONG),MULTAN ARCADE KATCHERY ROAD,MULTAN,01-FEB-17,G
3108,BOA03881, 000,CONCEPT SCHOOLS,MUMTAZABAD MULTAN,MULTAN,01-FEB-25,G
3109,BOA02135, 000,CORPORATE COURIER SERVICES,HOUSE 3608 WARD 8 JALIL ABAD,MULTAN,01-JAN-14,G
3110,BOA03529, 000,CRYSTAL EXPORTS,"PLOT#150, NEAR FAIZAN-E-MADINA, ANSARI CHOWK",MULTAN,01-SEP-22,G
3111,BOA02375, 000,DAILY AILAN,QILA QASIM BAGH DAULAT GATE,MULTAN,01-OCT-15,G
3112,BOA03069, 000,DAILY AWAMI HAKOOMAT,LAGHARI HOUSE NEAR JILLANI HOSPITAL NEW MUMTAZ ABAD COLONY MULTAN,MULTAN,01-DEC-18,G
3113,BOA02232, 000,DAILY MOARRAKH MULTAN,PULL SHAH WALA HASSAN PARWANA ROAD,MULTAN,01-OCT-14,G
3114,BOA02353, 000,DAILY NAYA KAL,1ST FLOOR LUCKY PLAZA ABDALI ROAD NEAR FATIMA JINNAH HOSPITAL,MULTAN,01-AUG-15,G
3115,BOA00850, 000,DAILY Naya daur,2511/A6 abdali colony multan,MULTAN,16-DEC-02,G
3116,BOA03067, 000,DAILY QABOOS,HAZOORI BAGH ROAD NEAR MASJID RAMZAN HALWAI,MULTAN,01-MAR-19,G
3117,BOA02186, 000,DAILY SAFiR-E-PUJAB MULTAN-sahiwal-(lehre sahil),"Al Khashif building near zarai engineering workshop, old shujabad road multan",MULTAN,04-SEP-14,G
3118,BOA00057, 000,DAILY SANG-E-MEEL,HUSSAN PARWANA COLON P O BOX NO 228 MULTAN ,MULTAN,01-JUL-76,G
3119,BOA02479, 000,DAR E ARQAM,1378-A RAILWAY ROAD,MULTAN,01-JAN-16,G
3120,BOA02436, 000,DAR-E-ARQAM SCHOOL,92-B MUMTAZABAD,MULTAN,01-JAN-16,G
3121,BOA02728, 000,DAR-E-ARQAM SCHOOL,"177-SHAMSABAD, MULTAN",MULTAN,01-OCT-17,G
3122,AAB00596,BO004,DAWOOD YAMAHA LIMITED,GOLD PLAZA AZMAT WASTI ROAD MULTAN ,MULTAN,01-JUL-76,G
3123,BOA03032, 000,DELTA BUILDERS (PVT.) LTD. ,"FLEXI FUEL CNG, CHOWK BCG, VEHARI ROAD",MULTAN,01-MAY-18,G
3124,BOA02655, 000,DIGITAAL DREAMS,354/13-  NEAR RAILWAY CROSSING ANSAR COLONY,MULTAN,01-FEB-17,G
3125,BOA02487, 000,DIGITAL ARTS,29-30- HAJVERY ARCADE KATCHERY ROAD,MULTAN,01-JAN-16,G
3126,BOA03604, 000,DIP N BITE PIZZA WORLD,AL TAMASH ROAD GUJJAR KHADDA MULTAN,MULTAN,01-JUL-22,G
3127,BOA02715, 000,DR. NOOR HOMOEPATHIC MEDICAL COLLEGE,"9-SHAMASABAD NEAR EID GAH CHOWK,MULTAN",MULTAN,01-SEP-17,G
3128,BOA00009, 000,DREAMLAND CINEMA,NEAR OK HAZORI BAGH ROAD MULTAN ,MULTAN,01-JUL-76,G
3129,BOA02130, 000,DRUG SALES ,MEDICINE MARKET CHOWK GHANTA GHAR MULTAN,MULTAN,01-JAN-14,G
3130,BOA03928, 000,E-STRATEGIC ENGINNERING TECHNOLOGIES PVT LTD,"OFFICE NO B-2, SULTAN CENTER NEAR REHMA PLAZA KACHERY ROAD MULTAN",MULTAN,01-MAY-25,G
3131,AAF00872,BO001,EAGLE SECURITY GUARD PVT LTD,HOUSE NO 252 OPPOSIT PUNJAB TOURISM RAILWAY ROAD ,MULTAN,23-MAR-98,G
3132,BOA01998, 000,EARLY LEARNERS' CAMPUS,OPPOSITE SPORTS GROUND L.M.Q ROAD NEAR CHOWK KUTCHERY,MULTAN,01-SEP-11,G
3133,AAC00138,BO016,EASTERN FEDERAL UNION INSURANCE CO,TAREEN ROAD NR OXFORD LIBRARY ,MULTAN,01-JUL-76,G
3134,BOA02769,BO002,EDEN APPARELS PVT LTD,SHAREEF PLAZA,MULTAN,01-SEP-17,G
3135,BOA00688, 000,EJAZ CONSTRUCTION CO.,B/H TNT OFFICE L.M.Q ROAD DERA ADDA ,MULTAN,01-DEC-00,G
3136,BOA03454, 000,EJAZ CONSTRUCTIONS COMPANY,C/O ALLAH WASAYATEXTILE  MILLS VEHARI ROAD MULTAN,MULTAN,01-NOV-21,G
3137,BOA01999, 000,EVER GREEN MODEL HIGH SCHOOL,1742-F KUTCHERY ROAD,MULTAN,01-SEP-12,G
3138,BOA02773, 000,EXECUTIVE AVIATION (PVT.) LTD,"OFFICE 1 & 2, CITY SQUARE PLAZA, CHUNGI 7, LMQ ROAD, MULTAN",MULTAN,01-MAR-17,G
3139,AAA00207,BO005,EXIDE PAKISTAN LTD,OLD DUNAYA PUR ROAD NEAR ALLAH WASSAYA MILLS,MULTAN,01-JUN-17,G
3140,BOA02025, 000,FAISAL FEEDS PVT LTD,"House # 210, 211 Shamasabad Colony Multan",MULTAN,01-DEC-12,G
3141,BOA03819, 000,FAISAL SONS,"HASSAN PARWANA ROAD, NEAR SANGAM THEATER",MULTAN,01-MAR-23,G
3142,BOA01425, 000,FAISAL TRADERS,MEDICINE MARKET GHANATA GHER ,MULTAN,01-JUL-08,G
3143,BOA02979, 000,FAMILY MART,"VEHARI RAOD, NEAR MUMTAZABAD, MULTAN",MULTAN,01-JUL-18,G
3144,BOA02928, 000,FATIMA PUBLIC GIRLS SCHOOL,"MAKHDOOM RASHEED ROAD, CHUNGI NO. 11",MULTAN,01-JAN-18,G
3145,BOA00493, 000,FATIMA SUGAR MILLS LTDHEAD OFFICE,TRUST PLAZA 2ND FLOOR L.M.Q ROAD ,MULTAN,01-JAN-93,G
3146,BOA00358, 000,FAUJI FOUNDATION HOSPITAL,H20 ABDALI COLONY NEAR DERA ADDA ,MULTAN,04-APR-89,G
3147,BBA00782,BO041,FAUJI SECURITY SERVICE C/O CNERGYICO (BYCO),C/O  BYCO CB-288 AL-REHMAN STREET NEAR MGM SUPER STORE GARDEN TOWN,MULTAN,01-MAR-24,G
3148,POA00010, 000,FAZAL REHMAN FOUNDATION,MUMTAZABAD ,MULTAN,30-SEP-02,G
3149,BOA01015, 000,FIESTA INN HOTEL RESORTS,OPP. INCOME TAX HOUSE NAWAN SHEHAR ,MULTAN,01-APR-07,G
3150,BOA01788, 000,FINE CONE DYING,HAIDER PURA NEAR MUMTAZABAD OVER HEAD BRIDGE,MULTAN,01-MAY-12,G
3151,BOA02846, 000,FINE TRACK PAKISTAN PVT LIMITED,"ABDULLAH CENTER, CHUNGI # 7, LMQ ROAD, MULTAN",MULTAN,01-JAN-12,G
3152,FAA01452,BO018,FIST SECURITY PVT LTD,AZMAT WASTI ROAD,MULTAN,01-JUL-15,G
3153,BOA01373, 000,FIVE STAR DIGITAL COLOUR LAB,CHOWK GHANTA GHAR KUTCHRY ROAD,MULTAN,01-JAN-10,G
3154,BOA01162, 000,FOOD FESTIVAL CITY BRANCH,INDUS TOWER NEAR MAHOOD TEXTILE H/O ABDALI ROAD ,MULTAN,31-DEC-09,G
3155,BOA00526,BO003,FOOD FESTIVAL CONVINENT SHOP,OLD SABZI MANDI ROAD CHOWK LAKKAR MANDI,MULTAN,01-SEP-11,G
3156,BOA03371, 000,FOREVER GREEN BAG INDUSTRIES,INDUSTRIAL ZONA ANSAR COLONY MULTAN,MULTAN,01-JAN-22,G
3157,BOA03190, 000,FORKS N KNIVES PIZZA KITCHEN,"MAIN MUMTAZABAD COLONY ROAD, MUMTAZABAD",MULTAN,01-JUL-20,G
3158,BOA01368, 000,FRESHCO SWEETS AND BAKERS,MIAN MARKET MUMTAZABAD,MULTAN,01-MAR-10,G
3159,BOA01677, 000,"GALAXY DIGITAL IMAGING LAB,",CHOWK GHANTA GHER ,MULTAN,01-AUG-11,G
3160,BOA02848, 000,GALAXY DIGITAL STUDIO,"AL TAMASH ROAD, NEAR GUJJAR KHADA, MULTAN.",MULTAN,01-JAN-11,G
3161,BOA01458, 000,"GALAXY PAINT INDUSTRY,",ANSARI CHOWK ANSARI COLONY ,MULTAN,05-APR-10,G
3162,BOA02129, 000,GALAXY PHARMA,MEDICINE MARKET NEAR GHANTA GHAR CHOWK MULTAN,MULTAN,01-JAN-14,G
3163,BOA00531, 000,GARISON GRAMMER SCHOOL(BOYS)),B 1 MUMTAZABAD ,MULTAN,01-JUL-89,G
3164,BOA02362, 000,GEMS SCHOOL SYSTEM (PREVIOUS THECOUNTRYSCHOOL)0,153-SHAMABAD,MULTAN,01-NOV-14,G
3165,BOA03033, 000,GEO KARWAN E FARIZA (TRAVELS & TOURS),"37-38 HAJVERY ARCADE, KUTCHERY ROAD",MULTAN,01-MAR-18,G
3166,AAE00193,BO002,GERRY'S INTERNATIONAL PVT LTD,12/13-SAEED CENTRE KUTCHERY ROAD,MULTAN,01-JUL-13,G
3167,AAB01975,BO007,GETZ PHARMA PVT LTD,"29/30,27,KORANGI INDUSTRIAL AREA KARACHI",KARAK,01-SEP-20,G
3168,BOA03309, 000,GHULAM & CO.,ANSAR COLONY MULTAN,ABBASPUR,01-AUG-21,G
3169,BOA01841, 000,GIFT POINT,SHARIF PLAZA,MULTAN,01-JAN-11,G
3170,BOA02408, 000,GOURMET BAKERS AND SWEETS,MAIN MARKET MUMTAZABAD,MULTAN,01-OCT-15,G
3171,BOA03006, 000,GREEN LAND MARRIAGE CLUB,"SHAH RAE RASHID, VEHARI ROAD, NEAR NEAR JAIL MOR,",MULTAN,01-APR-15,G
3172,BOA02833, 000,GREEN WAY FILLING STATION,"14 ALTAMASH ROAD, CHOWK DERA ADA, MULTAN.",MULTAN,01-JAN-18,G
3173,BOA01130, 000,GREENERIES,OFFICE#1777/51 OPP MUHAMMAD ARCEDE L M Q ROAD MULT,MULTAN,01-JUL-08,G
3174,BOA00391, 000,GUL TEX SHOW ROOM & DEPARTMENTAL STORE,NEAR CIVIL HOSPITAL TAREEN ROAD MULTAN. ,MULTAN,05-JUL-89,G
3175,BOA01447, 000,GULF Engineering & Contracting Services (pvt) Ltd.,"482-GULF MANSION, MAIN NORTHERN BYPASS ROAD, MULTAN",MULTAN,01-NOV-10,G
3176,BOA02617, 000,GULRAIZ ENTERPRISES,NEAR ANSARI CHOWK OPPOSITE FAIZAN - E- MADINA,MULTAN,01-OCT-16,G
3177,BOA00077, 000,GULTEX LTD,VEHARI ROAD MULTAN ,MULTAN,01-JUL-76,G
3178,AAC00066,BO010,HABIB INSURANCE CO. LTD,FIESTA INN GARDEN OPP. INCOME TAX OFFICE,MULTAN,20-MAY-03,G
3179,BOA02974, 000,HABIB INSURANCE COMPANY,"MULTAN CORPORATE BRANCH, FIESTA GARDEN, OPP. INCOME TAX OFFICE, LMQ ROAD MULTAN",MULTAN,01-JUN-18,G
3180,AAC00066,BO002,HABIB INSURANCE COMPANY LIMITED,JALIL CENTRE ABDALI ROAD MULTAN --------------------,MULTAN,,G
3181,AAC00066,BO017,HABIB INSURANCE COMPANY LIMITED,"MULTAN CENTRAL BRANCH, FIESTA GARDEN LMQ ROAD",MULTAN,01-JUL-20,G
3182,BOA00088, 000,HAFIZ HABIBURREHMAN MOHAMMAD RAMZAN & CO,NEAR ALI CHOWK NEAR FISH MARKET ,MULTAN,01-JUL-76,G
3183,BOA01399, 000,HAIDER PETROLIUM SERVICE,RAILWAY ROAD NEAR KHILJI ARCADE,MULTAN,01-JUL-09,G
3184,BOA01685, 000,HAJI ABDUL REHMAN AND SONS,AURANGZAIB ROAD DEHLI GATE,MULTAN,01-JUN-11,G
3185,BOA02649, 000,HAJI WAZIR AHMAD METAL WORKS/FAISAL METAL,LOHAR COLONY STREET NO 1 NEAR MASJID SARKAR E MADINA,MULTAN,01-FEB-17,G
3186,BOA03298, 000,HAMAYUN SAJAD TRADERS,NEAR PARAZULSES VEHARI CHOWK MULTAN,MULTAN,01-JAN-20,G
3187,BOA03818, 000,HAMID ENTERPRISES,"HOUSE OF UNIQUE SANITATION, HASSAN PARWANA ROAD,",MULTAN,01-JAN-20,G
3188,BOA01554, 000,HAMMAD PUBLIC SCHOOL ,QAZI TOWN KOT BALOCH NR CHUNGI#7,MULTAN,01-JUL-10,G
3189,BOA02322, 000,HAMZA MEDICINE COMPANY,H-NO;15-16 SHAMSABAD COLONY,MULTAN,01-MAY-15,G
3190,BOA02823, 000,HARIS TRAVELS PVT. LTD,"1 & 2 SAEED PLAZA, KUTCHERY ROAD, MULTAN",MULTAN,01-JAN-18,G
3191,BOA00041, 000,HASHMAT MAHAL CINEMA,HUSSAIN AGAHI MULTAN ,MULTAN,01-JUL-76,G
3192,BOA01649, 000,HASHMI DRUG AGENCY,CHUNGI NO- 09,MULTAN,01-APR-09,G
3193,AAE01134,BO008,HASNAIN TANVEER ASSOCIATES PVT LTD,VEHARI ROAD,MULTAN,01-JUL-07,G
3194,BOA01370, 000,HASSAN PHARMA MULTAN,MEDICINE PLAZA GHANTA GHAR,MULTAN,26-APR-10,G
3195,POA00023, 000,HBR TEXTILES,HAMEEDABAD COLONY VEHARI ROAD ,MULTAN,15-NOV-02,G
3196,BIA02696,BO004,HI TECH LUBRICANTS,37-SHABROZ BUILDING DERA ADDA,MULTAN,01-JUL-11,G
3197,BOA02792, 000,HN SCIENCE SCHOOL,"MUMTAZABAD BRANCH, NEAR RAJISTHAN MARRIAGE CLUB, VEHARI ROAD, MULTAN.",MULTAN,01-JUL-17,G
3198,BOA02795, 000,HN SCIENCE SCHOOL,"KHUNI BURJ, TB HOSPITAL ROAD, MULTAN",MULTAN,01-JUL-17,G
3199,BOA03641, 000,HOME SOLUTIONS,"PLOT NO. 750A, ABDALI ROAD, MULTAN",MULTAN,01-JUN-23,G
3200,BOA01443, 000,"HONDA (HASHIR AUTOS),",MAKHDOOM RASHID ROAD ,MULTAN,01-JUL-10,G
3201,BOA01427, 000,HOTEL AL QURESH,CHOWK GHANTA GHER ,MULTAN,01-JUL-08,G
3202,BOA02962, 000,HOTEL GREEN PALACE,"514 RAILWAY ROAD, SADDU HASSAM CHOWK",MULTAN,01-AUG-18,G
3203,BOA00250, 000,HOTEL MANGOL,L M Q ROAD DERA ADDA MULTAN ,MULTAN,01-DEC-84,G
3204,BOA03302, 000,HOTEL MEHRAN,CHOWK CHAH BOHAR WALA SHER SHAH ROAD MULTAN ,MULTAN,15-NOV-18,G
3205,BOA01325, 000,HOTEL ROYAL PALACE,RAILWAY STATION,MULTAN,01-JUL-08,G
3206,POA00001, 000,HOTEL SHABROZE,HASSAN PARWANA ROAD ,MULTAN,26-SEP-02,G
3207,BOA00221, 000,HOTEL SILVER SAND,514 RAILWAY ROAD ,MULTAN,01-JUL-80,G
3208,BPA00474,BO052,HR UNION ENTERPRISES PVT LTD,"BCG CHOWK, NEAR VEHARI CHOWK, MULTAN",MULTAN,01-OCT-23,G
3209,BOA02036, 000,IDEAL DISTRIBUTION LINES,NEAR TCS OFFICE TAREEN ROAD  MULTAN,MULTAN,01-FEB-13,G
3210,BOA01837, 000,IDREES CLOTH HOUSE,HAFIZ JAMAL ROAD,MULTAN,01-SEP-12,G
3211,BOA02647, 000,ILM COLLEGE MULTAN,MAIN MARKET MUMTAZABAD,MULTAN,01-FEB-17,G
3212,BOA01327, 000,IMRAN GASOLINE CALTEX PUMP,VEHARI ROAD NEAR COCA COLA,MULTAN,01-JUL-08,G
3213,BNA00031,BO001,INDUS DYEING AND MANUFACTURING COMPANY LTD,POPULAR ICE FACTORY CHOWK AZIZ HOTEL ,MULTAN,01-JAN-92,G
3214,BOA01663, 000,INSAF SIZING,ANSAR COLONY BUDHLA ROAD ,MULTAN,01-JUL-10,G
3215,BOA00432, 000,INTERNATIONAL DEGREE COLLEGE OF COMMERS,ADJACENT GOVT. WOMEN COLLEGE KUTCHERY RD.,MULTAN,01-JUL-90,G
3216,BOA00711, 000,INTERNATIONAL FOOD INDUSTRIES (hONEY BISCUIT),"BEHIND NEW GRAIN MARKET, MULTAN",MULTAN,01-NOV-01,G
3217,BOA01459, 000,ITTEFAQ SIZING,ANSARI ROAD MULTAN,MULTAN,04-DEC-10,G
3218,BOA01328, 000,JAPAN AUTOS HONDA MOTORCYCLE DEALER,VEHARI ROAD NEAR COCA COLA,MULTAN,01-JUL-08,G
3219,BEA00879,BO001,JARRAR FACILITY MANAGEMENT PVT LTD,"OFFICE # 10, 2ND FLOOR, AL REHMAN TOWER, OPP. FATIMA JINNAH HOSPITAL, ABDALI ROAD, MULTAN",MULTAN,01-MAY-17,G
3220,AAB00323,BO006,JUBILEE geNERAL INSURANCE COMPANY LIMITED,b.f 2/2 4th floor chenone tower 74-abdali road,MULTAN,01-OCT-79,G
3221,BOA01533, 000,JULLUNDUR ICE FACTORY,TB HOSPITAL ROAD,MULTAN,01-MAY-11,G
3222,BOA01843, 000,K K MART,MULTAN SHOPPING MALL CHOWK HUSSAIN AGAHI,MULTAN,01-JUL-12,G
3223,ADA00208,BO001,KABIR PVT LTD,HAZOORI BAGH PURANI KOTWALI BEHIND DREAM LAND CINEMA,MULTAN,01-JUL-85,G
3224,BOA02492, 000,KAUSAR AUTOMOBILES PVT LTD,SUPER POWER CENTRE OPP. CANTT. RAILWAY STATION ,MULTAN,01-MAY-15,G
3225,BOA01639, 000,KHALID CLOTH SALE DEPOT,ALANG LOHARI GATE,MULTAN,01-JUN-11,G
3226,BOA01707, 000,KHALID WEAVING FACTORY,2543 OWAIS ABAD NR TIMBER MARKET ,MULTAN,01-JAN-12,G
3227,BOA01479, 000,KHAN AUTO COMPLEX,VEHARI ROAD MULTAN,MULTAN,03-DEC-10,G
3228,BOA01735, 000,KHAN FOOD PRODUCTS,HOME TEX ZONE ANSAR COLONY BUDHLA ROAD,MULTAN,01-JAN-12,G
3229,BOA00409, 000,KHAN PROPERTY DEALER,KUTCHERY ROAD MULTAN ,MULTAN,01-JAN-90,G
3230,BOA00783, 000,KIDS FOUNDATION SCHOOL,1741-KUCHERY ROAD ,MULTAN,01-JAN-03,G
3231,BOA01806, 000,KIDS FOUNDATION SCHOOL,147-SHAMASABAD,MULTAN,01-JAN-11,G
3232,BOA00071, 000,KIRAN CINEMA,OUT SIDE HARAM GATE MULTAN ,MULTAN,01-JUL-76,G
3233,BOA02852, 000,KIRAN ZULFIQAR PRINTING PRESS & DAILY AGHAZE SAFAR,"3305-A/8-M, FAREEDABAD, OLD GANNA MANDI CHOWK MULTAN.",MULTAN,01-JUL-14,G
3234,BOA03705, 000,KONYA SCHOOL SYSTEM MUSA CAMPUS,"AL TAMASH ROAD, OPP MIAN PLAZA, GUJJAR KHADDA ROAD",MULTAN,01-JAN-23,G
3235,BOA03708, 000,KONYA SCHOOL SYSTEM SHAH RUKN E ALAM CAMPUS,"ANSARI CHOWK,NEAR SHAH TAJ MARRIAGE HALL, ANSAR COLONY",MULTAN,01-JAN-23,G
3236,BOA01544, 000,LABBAIK PET. SERVICE,CIRCULAR ROAD DEHLI GATE,MULTAN,01-JAN-11,G
3237,BOA03765, 000,LAEEQUE RAFIQ INSTITUTE OF HEALTH SCIENCE,"YAQUB CENTRE, SHAHRA-E-RASHID, VEHARI ROAD",MULTAN,01-JAN-24,G
3238,BOA00905, 000,LAL INDUSTRIES,"5-Home Tex, Export Zone, Ansari Chowk,",MULTAN,01-DEC-03,G
3239,BOA00936,BO001,LASANI FRIED CHIKEN,"CHUNGI NO. 7,LMQ ROAD MULTAN",MULTAN,02-MAR-11,G
3240,BOA02204, 000,LAUREATE HIGH SCHOOL,178 SHAMAS ABAD MULTAN,MULTAN,01-JUL-14,G
3241,BOA01444, 000,"LAUREATS BOYS SCHOOL,(haris campus)",ANSAR COLONY ANSAR COLONY ,MULTAN,01-JUL-09,G
3242,BIB03296,BO003,LE LOTUS CLINIQUE MULTAN / 3D LIFE STYLE,"AL MUSTAFA HOUSE (33), GHOUSE E AZAM ROAD, NEAR GILLANI COLONY, MULTAN",MULTAN,01-MAR-19,G
3243,AAB02154,BO001,LEOPARDS COURIER,1754-A/22 LMQ ROAD OPP SHARIF PLAZA CHOWK KUTCHERY,MULTAN,20-APR-94,G
3244,BOA01532, 000,LIBRA SCALES,ROOM 11-12 1ST FLOOR MAKKAH ARCADE DERA ADDA,MULTAN,01-JUL-10,G
3245,BOA01115, 000,LINKS PHARMA SERVICES,2156 HUMAYUN ROAD MULTAN,MULTAN,01-DEC-08,G
3246,BOA02329, 000,LINTA TREND,PLOT # 2375 JILANI ROAD NEAR DREAM LAND CINEMA GHANTA GHAR,MULTAN,01-JUL-14,G
3247,BOA02908, 000,LITTLE SCHOLAR SCHOOL,"BILAL NAGAR, CHUNGI 14, MULTAN",MULTAN,01-JAN-18,G
3248,BOA02818, 000,M.A. INTERNATIONAL,"17 ABDULLAH CENTER, LMQ ROAD, NEAR CHUNGI # 7, MULTAN.",MULTAN,01-APR-09,G
3249,BOA02259, 000,M.A.S WORKSHOP,113/A CAPRI STREET AZMAT WASTI ROAD,MULTAN,01-JAN-12,G
3250,BOA02705, 000,M.KHURRAM DYEING,ANSWAR CHOWK NEAR ASKARIA MODEL SCHOOL,MULTAN,01-JUL-17,G
3251,BOA00968, 000,M/S IBRAHIM & CO,OLD G.T.S BUS STAND DERA ADDA  ,MULTAN,01-AUG-04,G
3252,BOA01650, 000,"MACCA CONE DYEING & WARPING,",MAKHDOOM RASHID ROAD NR CHUNGI NO.14,MULTAN,01-JUL-10,G
3253,BOA01651, 000,"MADINA CONE DYEING & WARPING SERVICES,",CHUNGI NO.14 MAIN MUMTAZABAD ROAD ,MULTAN,01-JAN-11,G
3254,BOA00887, 000,MADINA MEDICINE COMPANY,300 SHAMSABAD COLONY ,MULTAN,01-DEC-03,G
3255,BOA00136, 000,MAHMOOD TEXTILE MILLS LIMITED,MEHER MANZIL LOHARI GATE MULTAN. ,MULTAN,01-JUL-76,G
3256,BOA00492, 000,MALIK INDUSTRIES DAL FACTORY,CHOWK BCG VEHARI ROAD ,MULTAN,01-JAN-93,G
3257,BOA01652, 000,MASHALLAH ELECTRONICS,OPP MEHFIL CINEMA HUSSAIN AGAHI ROAD ,MULTAN,01-SEP-10,G
3258,KCB00028,BO001,"MASOOD FABRICS LIMITED (WEAVING UNIT, HEAD OFFICE)","05 OFFICERS COLONY, KHANEWAL ROAD,",MULTAN,01-APR-12,G
3259,KCB00029,KC001,MASOOD SPINNING MILLS LIMITED (HEAD OFFICE),"NEAR FOOD FESTIVAL GHANTA GHAR, MULTAN",MULTAN,01-MAY-22,G
3260,BOA01378, 000,MASTER ENGG WORKS,CHOWK ALLAH WASAYA VEHARI ROAD,MULTAN,01-JAN-10,G
3261,BJA01869,BO002,MASTER TILES & CERAMICS ,"HOUSE#12-B, ALTAF TOWN, TARIQ ROAD",MULTAN,01-DEC-16,G
3262,BOA03905, 000,MATEEN RAZZAQI PRINTER,RAUF CENTRE HASSAN PARWANA ROAD MULTAN,MULTAN,01-APR-25,G
3263,AAE01280,BO006,MCB EMPLOYEES SECURITY SYSTEM SERVICES PVT LTD,1-FLOOR MCB FOUNDATION OFFICE HUSSAIN AGAHI ROAD ,MULTAN,01-MAY-11,G
3264,BOA01522, 000,MEHAR PACKAGESPvtLTD,"160 Shamsabad, multan.",MULTAN,02-DEC-10,G
3265,BOA02610, 000,MEHMOOD TEEN WORKS,EXPZONE STREET NO.3 ANSARI CHOWK OPPOSITE CHAMAN SULTANA FABRICS,MULTAN,01-JAN-17,G
3266,AHA00749,BO001,MEMON MOTOR (PVT) LTD (OLD MEMON ASSOCIATE),3605/A KHILJI ARCADE RAILWAY ROAD CANTT,MULTAN,01-JUL-03,G
3267,BOA01279, 000,MID CITY HOTEL,SIAL ARCADE OPP GUILD HOTEL SHER SHAH ROAD,MULTAN,01-JAN-10,G
3268,BOA02396, 000,MILAN FABRICS,OPP. ROYAL MARRAIGE CLUB ANSAR COLONY,MULTAN,01-SEP-14,G
3269,BOA03130, 000,MILLAN BANQUET HALL ,"ANSARI CHOWK SHAH RUKNE ALAM COLONY,",MULTAN,01-DEC-19,G
3270,BOA01542, 000,MIRAN FLOUR MILLS,TB HOSPITAL ROAD,MULTAN,01-SEP-10,G
3271,BOA00836, 000,MOONA GRAMMAR SCHOOL,1189-B MUMTAZABAD ,MULTAN,01-SEP-02,G
3272,BOA00397, 000,MUBARAK ICE FACTORY COLD STORAGE,AZMAT WASTI ROAD MULTAN ,MULTAN,01-JAN-89,G
3273,BOA02297, 000,MUHAMMAD ABBAS CONTRACTOR LOADING UNLOADING,GALI MUHALLAH GHARIBABAD DARYAI LAAL CHOWK SHAHEEDAN,MULTAN,02-MAR-15,G
3274,BOA00774, 000,MULTAN ALADDIN FUNLAND,IST FLOOR ABDULLAH CENTRE L.M.Q ROAD ,MULTAN,01-SEP-02,G
3275,BOA01939, 000,MULTAN ASKARIA PUBLIC SCHOOL,ANSARI CHOWK ANSAR COLONY,MULTAN,01-SEP-12,G
3276,BOA02454, 000,MULTAN ENGINEERING WORKS,RAILWAY ROAD,MULTAN,01-FEB-16,G
3277,BOA01631, 000,MULTAN FABRICS (PVT) LTD,17-A HOME TEXTILE EXPORT ZONE ANSAR COLONY ,MULTAN,11-APR-11,G
3278,BOA03598, 000,MULTAN FABRICS PVT LTD UNIT 2,"NEAR SHAH TAJ BANQUET HALL, 08 HOME TEX EXPORT ZONE,ANSARI CHOWK",MULTAN,01-NOV-22,G
3279,BOA01028, 000,MULTAN INDUSTRIES,PLOT-17-B HOME TEX EXPORT ZONE ANSAR COLONY ,MULTAN,01-OCT-07,G
3280,BOA01429, 000,MULTAN MEDICAL AGENCY,CHOWK GHANTA GHER MULTAN,MULTAN,01-JUL-08,G
3281,BOA03610, 000,MULTAN SIZING,"RASHEED COLONY, NEAR UMER MASJID, AHLE HADITH, PEOPLES COLONY",MULTAN,01-JAN-23,G
3282,BOA01446, 000,MULTAN SPORTS,HUSSAIN AGAHI ,MULTAN,01-SEP-10,G
3283,BOA03004, 000,MULTAN WASTE MANAGEMENT COMPANY,"H # 768-A, MAHMOODABAD COLONY NEAR SHEEL MULTAN PUMP",MULTAN,01-JUL-14,G
3284,BOA03004,BO001,MULTAN WASTE MANAGEMENT COMPANY (CONTRACTUAL),"BUILDING NO. 275/RB WARD # XEN, SHAMSABAD COLONY",MULTAN,01-JUN-24,G
3285,BOA02305, 000,MULTAN YARN DYING & Multan Textiles Industries,EXPORT ZONE NEAR BILAL MASJID ANSARI CHOWK,MULTAN,01-JAN-15,G
3286,BOA00506,BO011,MUNIR HUSSAIN BHUTTA CONTRACTOR MWMC,"C/O MWMC, HOUSE NO. 348, NEW NAZIMABAD, NEAR GHALLAMANDI ",MULTAN,07-FEB-20,G
3287,BOA01406,BO001,MUSHTAQ UNANEE DAWAKHANA,OUT SIDE PAK GATE,MULTAN,01-MAY-11,G
3288,BOA03007, 000,MUSLIM GIRLS COLLEGE (HIGHER PORTION),"HOUSE 10, YASMIN MARKET, NEAR DR. LATIF ULLAH CHOWK, MUMTAZABAD MULTAN",MULTAN,01-AUG-18,G
3289,BOA01020,BO004,MUSLIM PUBLIC GIRLS SCHOOL,MUMTAZABAD ,MULTAN,01-JUL-07,G
3290,BOA01020,BO002,MUSLIM PUBLIC HIGHER SEC. SCHOOL (GIRLS BR.),PEOPLES COLONY NEAR NAUROZE ASSOCIATE ,MULTAN,01-MAR-08,G
3291,BOA01020, 000,MUSLIM PUBLIC HIGHER SECONDARY SCHOOL,RAILWAY CROSSING MUMTAZABAD BRIDGE ,MULTAN,01-JAN-08,G
3292,BOA02320, 000,MUZAMMIL TRADERS,B-1 HOME TEX EXPORT ZONE ANSARI CHOWK,MULTAN,01-APR-15,G
3293,FAA00408,BO030,N.R.S.P UPAP,ST. GREEN LAND MARRIAGE CLUB NEAR SHELL PUMP VEHARI ROAD,MULTAN,01-APR-13,G
3294,BOA01953, 000,NADEEM SHAFIQ PRINTING PRESS,790/A WARD-9 HASSAN PARWANA ROAD,MULTAN,01-JUL-12,G
3295,BOA03621, 000,NAEEM ELECTRONICS-MGK,"GUJJER KHADDA ROAD,",MULTAN,01-FEB-23,G
3296,BOA03000, 000,NAEEM TRADING COMPANY,"GROUND FLOOR, ZENTH CENTER, CHOWK NAWAN SHEHAR",MULTAN,01-OCT-18,G
3297,BOA03941, 000,NASEEM PETROLEUM SERVICE III (PSO),"CHUNGI NO 9, MULTAN",MULTAN,01-SEP-25,G
3298,BIA03322,BO007,NATIONAL COMMUNICATION SERVICES ROZNAMA DUNIYA,948 SARWAR ROAD KALMA CHOWK PULL MOUJ DARYA,MULTAN,01-DEC-15,G
3299,BOA00357, 000,NATIONAL FLOUR MILLS,TB HOSPITAL ROAD ,MULTAN,01-JUL-89,G
3300,AAB01094,BO003,NATIONAL INVESTMENT TRUST LIMITED,GOLD PLAZA AZMAT WASTI ROAD MULTAN ,MULTAN,01-JUL-76,G
3301,BOA02363, 000,NAVEED CHICKEN BIRYANI,WATER WORKS ROAD CHOWK GHANTA GHAR,MULTAN,01-JUL-15,G
3302,BOA02023, 000,NAWAZ FABRICS,HOME TEX EXPORT ZONE NEAR ROYAL PALACE ANSARI CHOWK,MULTAN,01-JAN-13,G
3303,BOA03203, 000,NEELUM CORPORATION,100-NEELUM STREET VEHARI ROAD,MULTAN,01-JUL-19,G
3304,BOA02858, 000,NEW ALSHIFA CHILDREN CLINIC,"42-B/1, NUSRAT SHAHEED ROAD, MUMTAZABAD, MULTAN",MULTAN,01-MAY-18,G
3305,BOA02729,BO001,NEW BEACON CITY GRAMMAR SCHOOL,HAZOORI BAGH ROAD NEAR MJ. CENTRE MULTAN,MULTAN,01-AUG-17,G
3306,BOA02729, 000,NEW BEACON CITY GRAMMAR SCHOOL,KUTCHERY ROAD MULTAN OPP. BABAR COMMERCIAL CENTRE,MULTAN,01-JUL-17,G
3307,BOA00473, 000,NEW CHAUDHRY AGRICULTURAL MECHINAL ENGIN,CHOWK BAHAWLPUR BYPASS MUZAFARGARH ROAD MULTAN,MULTAN,01-DEC-92,G
3308,BOA00504, 000,NEW RELAX HOTEL,KUTCHERY ROAD ,MULTAN,01-JUL-92,G
3309,BOA00835, 000,NIA AKHBAR(NEWS PAPER),GUL DIN COLONY LMQ ROAD ,MULTAN,01-JUL-02,G
3310,BOA01069,BO001,NISHTER COLLEGE OF COMMERCE,1439-HAZOORI BAGH ROAD,MULTAN,01-SEP-12,G
3311,AAE00562,BO002,OASIS TRAVELS PVT LTD,10-11 FAISAL ARCADE OPP. DIVISIONAL SPORTS GROUND LMQ ROAD,MULTAN,02-DEC-13,G
3312,AAC01904,BO007,OLP FINANCIAL SERVICES PAKISTAN LIMITED,"PLOT NO. 116, PULL MOJ DARYA, LMQ ROAD",MULTAN,01-FEB-01,G
3313,BOA03644, 000,OREGANO PIZZA,"1-B, MUMTAZABAD, OPP FAISAL MUKHTAR PARK",MULTAN,01-JAN-23,G
3314,BOA03303, 000,PACIFIC COLLEGE,NEAR MUMTAZABAD VEHARI ROAD MULTAN,MULTAN,01-AUG-20,G
3315,BOA02732, 000,PAK FRIENDS ENTERPRISES,"18-A, UPPER GROUND FLOOR, TRUST PLAZA",MULTAN,01-JUL-17,G
3316,BOA03640, 000,PAK NATIONAL DISTRIBUTORS,H NO. 113 MAIN CAPRI STREET JALILABAD COLONY,MULTAN,01-MAR-23,G
3317,FAA00823,BO011,PAK TELECOM MOBILE LTD U-FONE MULTAN,KUTCHERY ROAD MULTAN ARCADE ,MULTAN,01-MAY-03,G
3318,BOA03411, 000,PAKISTAN ELECTRONIS,HUSSAIN AGAHI MULTAN,MULTAN,01-JUL-20,G
3319,BOA02859, 000,PAKISTAN ENGLISH PUBLIC HIGH SCHOOL,"895-B, MUMTAZABAD MULTAN",MULTAN,01-APR-17,G
3320,BOA00037, 000,PAKISTAN FOUNDRY & WORKSHOP,RAILWAY ROAD MULTAN ,MULTAN,01-JUL-76,G
3321,AAE01758,BO005,PARAZELSUS PAKISTAN (PVT) LTD,SULTANA MANSION 100-YOUSUF STREET OPP. MADNI COMMERCIAL CENTRE,MULTAN,01-MAR-16,G
3322,BOA02387, 000,PDM DISTRIBUTION,GHAUSE AZAM ROAD CHUNGI NO.4 NEAR AWAN CHOWK MULTAN.,MULTAN,01-AUG-14,G
3323,BOA02490, 000,PERFECT CONE DYING,CHUNGI 14 ROAD NEAR FLY OVER,MULTAN,01-JAN-16,G
3324,BIA02096,BO005,PMCL(MOBILINK),MULTAN ARCADE KETCHERY ROAD ,MULTAN,01-DEC-03,G
3325,BOA02816, 000,PREMIUM PETROLEUM PVT. LTD,"17 ABDULLAH CENTER, LMQ ROAD, CHUNGI # 7, MULTAN.",MULTAN,01-SEP-12,G
3326,BOA02717, 000,PRIME GRAPHICS MULTAN,"OPP AUTO PLAZA, DERA ADDA CHOWK MULTAN",MULTAN,01-MAR-17,G
3327,BOA01504, 000,PRINCE CLOTH HOUSE,GOOL MARKET NR MUMTAZABAD TOWN M.ABAD,MULTAN,01-JUL-10,G
3328,AAE00984,BO017,PROFESSIONAL EMPLOYER PRIVATE LIMITED,"OLD KB BUS STAND DERA ADDA, MULTAN",MULTAN,01-JAN-18,G
3329,BOA00685, 000,PUNJAB COLLEGE OF COMMERCE,OPP SHAH SHAMAS COLONY MUMTAZABAD.,MULTAN,01-JUL-00,G
3330,BOA03410, 000,PUNJAB ELECTRONICS,HUSSAIN AGAHI MULTAN,MULTAN,01-JAN-21,G
3331,BOA01823, 000,PUNJAB PUBLIC SCHOOL,IQBAL NAGAR T.B. HOSPITAL ROAD,MULTAN,01-JAN-11,G
3332,BOA00931, 000,Pak-Turk Maarif International Schools and Colleges,SHAH SHAMS ROAD NR ALI CHOWK ,MULTAN,01-SEP-03,G
3333,BOA01997, 000,QAISER AND BROTHERS,GUJJAR KHADA AL TAMASH ROAD,MULTAN,01-DEC-12,G
3334,BOA00123, 000,QAMAR ABBAS LIMITED ( FRIENDS HOTEL ),CHOWK DERA ADDA MULTAN ,MULTAN,01-JUL-76,G
3335,BOA03751, 000,R.Z ENTERPRISES,"OFFICE NO. 5, GUJJAR KHADDA ROAD, MIAN PLAZA, DERA ADDA",MULTAN,01-MAR-23,G
3336,BOA03528, 000,R.Z ENTERPRISES C/O CHILDREN HOSPITAL,"OFFICE NO. 5, MIAN PLAZA, GUJJAR KHADDA, DERA ADDA",MULTAN,01-SEP-22,G
3337,BOA03236, 000,R.Z. ENTERPRISES (DHQ MULTAN),"C/O DHQ OFFICE NO. 05,GUJJAR KHADDA ROAD,MIAN PLAZA, DERA ADDA",MULTAN,01-JUL-20,G
3338,BOA00072, 000,RADHOO CENIMA,HARAM GATE MULTAN ,MULTAN,01-JUL-76,G
3339,BOA02379, 000,RAFIQ CALENDERING,HOE TEX ZONE ANSARI CHOWK,MULTAN,01-SEP-15,G
3340,BOA02318, 000,RAFIQUE AND COMPANY,2 HOME EXPORT ZONE ANSAR COLONY ,MULTAN,01-MAY-15,G
3341,BIA01991,BO098,RAFUM RETAIL PVT LTD (BORJAN SHOE STORE),HUSSAIN AGAHI MULTAN,MULTAN,01-APR-25,G
3342,BOA02910, 000,RAJASTHAN BANQUET HALL,"NEAR JAIL MOR, VEHARI ROAD",MULTAN,01-JAN-15,G
3343,BOA02653, 000,RAMSHA GRAMMAR SCHOOL,931-B MUMTAZABAD,MULTAN,01-MAR-17,G
3344,BOA02641, 000,RASHID FOODS,YAQOOB TOWN STREET NO 2 JAIL MOR VEHARI ROAD,MULTAN,01-JAN-17,G
3345,BOA01299, 000,RASHID MINHAS SCHOOL SYSTEM ,EID GAH ROAD SHAMAS ABAD MULTAN ,MULTAN,01-JUL-08,G
3346,BIA01991,BO101,REFUM RETAIL PVT LTD (BORJAN SHOE STORE),MUMTAZABAD GALLERIA MULTAN,MULTAN,01-JUN-25,G
3347,AAB01443,BO004,RELIANCE INSURANCE CO LTD,5 COMMERCIAL PLAZA OPPOSITE CIVIL HOSPI TAL ABDALI ROAD ,MULTAN,01-JAN-98,G
3348,BOA00483, 000,RELIANCE WEAVING MILLS LTD(HEAD OFFICE),TRUST PLAZA 2ND FLOOR L.M.Q ROAD ...,MULTAN,01-JAN-93,G
3349,BOA01084, 000,REWARI SWEETS AND BAKERS ,HUSSAIN AGHAI MULTAN ,MULTAN,01-MAR-09,G
3350,BOA00117, 000,REX CINEMA,HASSAN PARWANA ROAD MULTAN ,MULTAN,01-JUL-76,G
3351,AAD02115,BO002,RI ELECTRONCS APPLINCESKENWOOD,ALI ARCADE LMQ ROAD MULTAN.,MULTAN,01-JUL-11,G
3352,BOA02633, 000,RIFAK SCHOOL SYSTEM,289 - SHAMSABAD COLONY ,MULTAN,01-FEB-17,G
3353,BOA03329, 000,ROZENAMA DISTRICT NEWS,JALIL ABAD COLONY RAILWAY ROAD MULTAN,MULTAN,01-FEB-22,G
3354,BOA00834, 000,ROZENAMA KHABRAIN(NEWS PAPER),"23 aZMAT WASTI ROAD, MULTAN",MULTAN,01-JUL-00,G
3355,BOA03697, 000,ROZNAMA ISLAM,NEAR EID GAH CHOWK  SHAMSABAD,MULTAN,01-JUL-22,G
3356,BOA02296, 000,ROZNAMA MEDIA,HASSAN PARWANA COLONY,MULTAN,01-MAR-15,G
3357,BOA00044, 000,S.M.K SONS,TAREEN ROAD ,MULTAN,01-JUL-76,G
3358,BOA03310, 000,S.M/ BUILDERS,NEAR MUMTAZABAD TELEPHONE EXCHANGE VEHARI ROAD MULTAN,MULTAN,01-JUL-21,G
3359,BOA01144, 000,SABA TEXTILE INDUSTRIES ,1694/89 ST303 ARIF PURA T B HOSPITAL ROAD MULTAN,MULTAN,01-OCT-08,G
3360,BOA01503, 000,SABIR AND SAGHIR AUTO SERVICE,AZMAT WASTI ROAD CHOWK SADDU SAM DERA ADDA MULTAN,MULTAN,01-OCT-10,G
3361,AAE01301,BO005,SABRE TRAVEL NETWORK PAKISTAN PVT LIMITED,1ST FLOOR HAJVERY ARCADE KATCHERY ROAD,MULTAN,01-NOV-04,G
3362,BOA02651, 000,SADAAT METAL WORKS,MOHALLAH NASIRABAD STREET NO 4 MUMTAZABAD,MULTAN,01-JAN-17,G
3363,BOA01538, 000,SADIQEE ENT(MANUFACTURE & IMPORTER),"OLD BUDHLA ROAD ANSAR COLONY, MULTAN. 03007336881",MULTAN,01-JUL-10,G
3364,BOA01680, 000,"SADIQUE BEDDING STORE,",CHOWK FAWARA ABDALI ROAD ,MULTAN,21-APR-11,G
3365,BOA01653, 000,SADIQUE LEATHER WORKS,HUMAYUN ROAD MULTAN,MULTAN,01-APR-11,G
3366,BOA03026, 000,SAFI GROUP OF COMPANIES,"1617-LMQ ROAD, OPP. ABDULLAH CENTER, MULTAN",MULTAN,01-MAY-18,G
3367,BOA02349, 000,SAJID TAIBA PRINTING PRESS,NEAR CHILDERN HOSPITAL COMPLEX ABDALI ROAD,MULTAN,01-JAN-15,G
3368,BOA03842, 000,SAJJAD ASLAM & CO,SULTAN GHEE MILLS-VEHARI ROAD ,MULTAN,01-AUG-24,G
3369,BOA01330, 000,SAJJAD ASSOCIATES Pvt. ltd.,TAREEN ROAD OPPOSITE GULTEX SHOWROOM,MULTAN,01-JUL-07,G
3370,BOA03821, 000,SB SHOES,"DERA ADDA CHOWK,GUJJAR KHADDA ROAD",MULTAN,01-JUN-23,G
3371,BOA02376, 000,SCIENCE SCHOOL,AZMAT WASTI ROAD NEAR DERA ADDA,MULTAN,01-JAN-14,G
3372,BIA02698,BO001,SECURITY ORGANISING SYSTEM PVT LTD,1131-C MUMTAZABAD ,MULTAN,01-JUN-99,G
3373,AAE00638,BO002,SECURITY TWO THOUSAND (2000) PVT LTD,256/B/I ZIA UL HAQ SHAHEED COLONY RAILWAY ROAD ,MULTAN,15-JAN-02,G
3374,BOA02134, 000,SEE SECURITY PVT LTD,249-RAILWAY. ROAD NEAR CHOWK RAILWAY STATION,MULTAN,01-JAN-14,G
3375,BBA01296,BO002,SEMITATION ENGINEERING SERVICS ,"Office No.-17, 1st floor city tower, chowk chungi no.9 multan",MULTAN,01-SEP-08,G
3376,BOA03460, 000,SERVICE SHOES -SB63 (SERVICE INDUSTRIES LIMITED,VEHARI ROAD NEAR TELEPHONE EXCHANGE MUMTAZABAD MULTAN,MULTAN,01-MAR-21,G
3377,BIA00013,BO094,SERVIS SHOES STORE SB-142,NEAR FRESHCO BAKERS MUMTAZABAD,MULTAN,01-AUG-23,G
3378,BOA00336, 000,SEYAL MEDICAL CENTRE PVT LTD,AISHIA A B PLAZA OFF L M Q ROAD BEHIND HUSHIANA HOTEL,MULTAN,01-JUL-87,G
3379,BOA02819, 000,SH. ARSHAD & CO. KHAAD DEALER,"17 ABDULLAH CENTER, LMQ ROAD, NEAR CHUNGI # 7, MULTAN",MULTAN,01-APR-09,G
3380,BOA01708, 000,SHABBIR WEAVING FACTORY,OWAIS ABAD NR TIMBER MARKET ,MULTAN,01-JAN-12,G
3381,BOA02252, 000,SHAFIQ ENTERPRISES (S.S TOWER),HASSAN PARWANA ROAD NEAR GPO DERA ADDA,MULTAN,01-JUL-14,G
3382,BOA02325, 000,SHAH JAHAN FABRICS,ST.#1B NEAR BILAL MASJID HOME TEX EXPORT ZONE ANSARI CHOWK,MULTAN,01-JAN-14,G
3383,BOA01681, 000,SHAH SHAMS PETROL PUMP,DAULAT GATE CHOWK ,MULTAN,01-JUL-09,G
3384,AAE00590,BO008,SHAHEEN INSURANCE CO LTD ,"OFFICE 103-B, FIESTA GARDEN, RTO OFFICE, NAWAN SHEHAR CHOWK",MULTAN,15-MAY-01,G
3385,BOA01431, 000,SHAHID SIZING,MOH AWAN PURA HAFIZ JAMAL ROAD ,MULTAN,01-JUL-08,G
3386,BOA01468, 000,SHAHWAR MODEL BOYS SCHOOL,45-A HASSAN PERWANA MULTAN,MULTAN,01-JAN-11,G
3387,BOA00794, 000,SHAHWAR MODEL GIRLS HIGH SCHOOL,JALILABAD ,MULTAN,01-APR-03,G
3388,BOA01754, 000,SHAKEEL ENTERPRIESES ,1ST FLOOR ALMAS PLAZA GHANTA GHAR,MULTAN,01-JUL-10,G
3389,BOA03028, 000,SHAMBA AGRO (PVT. LTD.,"FLEXI FUEL CNG, CHOWK BCG, VEHRARI ROAD, MULTAN",MULTAN,01-MAY-18,G
3390,BOA01495, 000,SHANGRILLA CUISINE BAKERY & SWEETS MUMTAZABAD,VEHARI ROAD NR COACA COLA,MULTAN,02-JAN-11,G
3391,BSD00001,BO004,SHAREX LABORATORIES LIMITED DEPOT MULTAN,BRANCH OFFICE DEPOT KATCHERY ROAD NEAR TOWN HALL MULTAN,MULTAN,01-JUL-76,G
3392,BOA01842, 000,SHARJAH CROCKERY,SHARIF PLAZA NEAR CHOWK KUTHCHERY,MULTAN,01-JAN-11,G
3393,BOA01455, 000,SHAUKAT ENTERPRISES ,RAILWAY ROAD CHOWK SADDU SAM,MULTAN,01-NOV-10,G
3394,BOA01645, 000,SHEDDAN MUSHTAQ BHATTI FISH BROAST & BAR B Q,KOTLA TOLAY KHAN NEAR CHUNGI-8,MULTAN,01-JUL-08,G
3395,BOA01640, 000,SHELL MULTAN F/S (X-Zafar Brothers),KATCHERY ROAD OPP BABAR MARKET MULTAN.,MULTAN,30-JUN-10,G
3396,AAB01458,BO002,SHIRAZI TRADING CO PVT LTD,AZMAT WASTI ROAD MULTAN ... ,MULTAN,01-JAN-91,G
3397,BOA02208, 000,SIDDIQI TIKKA SHOP,CHOWK DOLAT GATE NEAR LABAR HOUSE MULTAN,MULTAN,01-JUL-13,G
3398,BOA01844, 000,SIDDIQUE CORPORATION,LMQ ROAD CHOWK DERA ADDA,MULTAN,01-JUL-12,G
3399,BOA02020, 000,SIDDIQUI EMBRODIERY,1K- ANSAR COLONY OLD BUDHLA ROAD,MULTAN,01-MAR-13,G
3400,BOA02658, 000,SIGNWAY ADVERTISERS(PAKISTAN GRAFIX),5-6-7 LIBERTY CENTRE OPP MCB BANK DERA ADDA ,MULTAN,01-MAR-17,G
3401,BOA02843, 000,SIKANDER & BROTHERS LOGISTIC TRANSPORT COMPANY MUL,"NEAR WAGON STAND, NURSERY MARKET, VEHARI CHOWK MULTAN",MULTAN,02-JAN-18,G
3402,BOA02435, 000,SIMAMM INERNATIONAL (PVT) LTD,40-13 ISRAR SHAFIQ CORPORATE CENTER HASSAN PARWANA ROAD,MULTAN,01-JAN-16,G
3403,AAC00967,BO012,SKY PAK INTERNATIONAL (PVT) LTD,NEAR KAZMI MOTORS AFGHAN HOTEL CHOUNGI NO 8 ,MULTAN,02-JUN-90,G
3404,BOA01480, 000,SMART MENS TAILORS,ABDALI ROAD MULTAN,MULTAN,01-DEC-10,G
3405,BBA00771,BO003,SOUTHERN TRAVELS PVT LTD.,01-FAISAL ARCADE LMQ ROAD OPP. DIVISIONAL SPORTS GROUND,MULTAN,01-DEC-13,G
3406,AAB02917,BO004,SPI INSURANCE COMPANY LTD.,ROOM-2 3 3RD FLOOR TRUST PLAZA LMQ ROAD ,MULTAN,27-AUG-05,G
3407,BOA01008, 000,SPL MUMTAZABAD,SHAHRAH-E-RASHID NEAR COCA COLA FACT. ,MULTAN,01-OCT-06,G
3408,BOA03186, 000,SS QADRI CONE DYEING,08 HOME ZONE INDUSTRY ANSARI CHOWK NEAR KHAN FOOD,MULTAN,01-JUL-20,G
3409,BOA01546, 000,STAR JUNIOR MODEL SCHOOL,ALANG DEHLI GATE,MULTAN,01-MAR-11,G
3410,BOA00175, 000,STAR TRADING CO,OUT SIDE BOHAR GATE MULTAN ,MULTAN,01-JUL-76,G
3411,BOA03626, 000,STEP SCHOOL MULTAN,"1765/10 L.M.Q ROAD, CHUNGI NO. 09 ",MULTAN,01-SEP-22,G
3412,BOA03620, 000,STYLO FRANCHISE-HUSSAIN AGAHI,"PLOT NO. 192, WARD NO. 3, KOCHA TAHLI RAAM, HUSSAIN AGAHI",MULTAN,01-MAR-23,G
3413,BNA00035,BO001,SUN RAYS TEXTILE MILLS LTD,POPULAR ICE FACTORY CHOWK AZIZ HOTEL ,MULTAN,01-JAN-92,G
3414,BOA01657, 000,"SUNNY CABLE NETWORK,",WATER WORKS ROAD ,MULTAN,01-JAN-10,G
3415,BOA00752, 000,SUZUKI PIONEER MOTORS,AZMAT WASTI ROAD CHOWK SADUSAM ,MULTAN,01-SEP-02,G
3416,BOA03766, 000,SUZUKI UNIQUE MOTORS,"LMQ ROAD, OPP KHANA FARHANG IRAN, CHUNGI NO. 9",MULTAN,01-JAN-24,G
3417,BOA03772, 000,SWAK BUILDERS PVT LTD,"OFFICE SWAK BUILDERS, 1ST FLOOR, KAZMI MOTORS BUILDING, LMQ ROAD, CHUNGI NO. 8",MULTAN,15-APR-24,G
3418,BOA01660, 000,Shery bread ,NORANI ROAD PEOPLES COLONY MUMTAZABAD ,MULTAN,01-APR-11,G
3419,BOA03044, 000,TAAREY ZAMEEN PAR TRUST,"CHOWK AZIZ HOTEL, RAILWAY ROAD, MULTAN",MULTAN,01-JAN-19,G
3420,BOA01432, 000,TAHIR FABRICS,MAIN MARKET MUMTAZABAD ,MULTAN,01-JUL-08,G
3421,BOA03820, 000,TAIYBA ENTERPRISES,"NEAR KHAKWANI HOUSE, VEHARI CHOWK",MULTAN,01-JAN-23,G
3422,BOA01374, 000,TALAGANG PEROLIUM FILLING STATION,MAIN VEHARI CHOWK,MULTAN,01-JAN-10,G
3423,BIA00779,BO002,TAQ ENTERPRISES CARGO SERVICES,CHOWK DERA ADDA MULTAN PUNJAB ,MULTAN,01-JUL-76,G
3424,BOA00039, 000,TAREEN TRADERS,VEHARI ROAD MULTAN ,MULTAN,01-JUL-76,G
3425,BOA02308, 000,TARIQ TRADERS,1787/118-E/1 BASHIR ABAD OFF. T.B. HOSPITAL ROAD,MULTAN,01-JAN-13,G
3426,BOA01656, 000,"TASTY STUDENT BERYANI,",MUMTAZ ABAD MULTAN,MULTAN,01-JUL-10,G
3427,BOA00646, 000,TASTY TIKA AND KABAB SHOP,CHOWK DERA ADA ,MULTAN,03-JUL-99,G
3428,BOA03243, 000,TASTY ZAIQA RESTAURANT,"AL MUZAFFAR BUILDING, CHOWK GHANTA GHAR",MULTAN,01-JAN-21,G
3429,AAG00954,BO004,TCS LOGISTICS PVT LTD,TCS AREA OFFICE TAREEN ROAD MULTAN,MULTAN,01-NOV-25,G
3430,AAC01131,BO019,TCS PVT LTD MUltan,TCS Area office 958/b tareen road opp sports ground multan,MULTAN,01-AUG-84,G
3431,FAA01096,BO006,TELENOR PAKISTANPVT LTD,61 Siddique center 3rd floor abdali road multan,MULTAN,15-MAR-05,G
3432,BOA03779, 000,THE CARE TAKERS HUMAN RESOURCE PVT LTD,NBP REGIONAL OFFICE CHOWK KETCHERY,MULTAN,01-JUN-24,G
3433,BOA01805, 000,THE COUNTRY SCHOOL (AL FOUZAN CAMPUS),2230-NUSRAT SHAHEED ROAD MUMTAZABAD,MULTAN,01-JUL-12,G
3434,BOA02358, 000,THE EDUCATOR (BOYS CAMPUS),SHARAH-E-RASHID VEHARI ROAD,MULTAN,01-JAN-15,G
3435,BOA00894, 000,THE EDUCATOR(MUMTAZABAD),NUSRAT ROAD MUMTAZABAD CAMPUS ,MULTAN,05-OCT-03,G
3436,BOA00893, 000,THE EDUCATORSAL-QADIR CAMPUS,RAILWAY ROAD ,MULTAN,10-JAN-04,G
3437,BOA02639, 000,THE GRAND HOTEL,OPP SHARIF PLAZA KUTCHERY CHOWK LMQ ROAD ,MULTAN,01-MAR-17,G
3438,BOA02860, 000,THE INTERNATIONAL SCHOOL ZAINAB CAMPUS,"NUSRAT ROAD, NEAR LATIF ULLAH CHOWK, MUMTAZABAD, MULTAN",MULTAN,01-JAN-18,G
3439,BOA02811, 000,THE LAUREATE SCHOOL (SHAMAS CAMPUS),176- EID GAH ROAD SHAMSABAD COLONY MULTAN,MULTAN,01-MAR-18,G
3440,BOA01822, 000,THE PAK EDUCATIONAL SCHOOL,TAL WALA CHOWK T.B. HOSPITAL ROAD NEAR CHUNGI # 14,MULTAN,01-JAN-11,G
3441,BOA02623, 000,THE ROOTS PUBLIC SCHOOL,165- SHAMSABAD Eid gah ROAD ,MULTAN,01-JUL-16,G
3442,BOA00262, 000,THE SULTAN FOUNDATION ,MUMTAZABAD MULTAN ,MULTAN,01-APR-84,G
3443,BOA00073, 000,THREE STARS HOSIERY,HASSAN PARWANA COLON MULTAN ,MULTAN,01-JUL-76,G
3444,BOA02017, 000,TOP TASTE HOTEL,SHARIF PLAZA KTUCHERY ROAD,MULTAN,01-JUL-10,G
3445,BOA00523,BO001,TOYOTA CITY MOTORS,CHOWK NAWAN SHEHAR ABDALI ROAD ,MULTAN,01-FEB-01,G
3446,BOA03896, 000,TRANGO CONSULTANTS (DPEBSL-GHS-WB(JV)) ( TAUNSA),VEHARI ROAD SABZI MANDI AL REHMAN GARDEN C BLOCK TAUNSA,D.G. KHAN,01-FEB-25,G
3447,BOA03900, 000,TRANGO CONSULTANTS (DPEBSL-GHS-WB(JV))( RAJANPUR),CANAL ROAD NEAR AL NOOR SCHOOL RAJANPUR,RAJAN PUR,01-FEB-25,G
3448,AAE00748,BO002,TRAVEL SOLUTIONS PVT LTD.,1ST FLOOR MULTAN ARCADE KUTCHERY ROAD,MULTAN,01-NOV-13,G
3449,BOA01137, 000,TUMAN CNG PUMP,494 AL TAMASH ROAD,MULTAN,01-JAN-09,G
3450,BIB01503,BO003,UNITED AUTO INDUSTRIES PVT. LTD,"REGIONAL OFFICE 53, HASSAN PARWANA COLONY, AZMAT WASTI ROAD, MULTAN.",MULTAN,01-OCT-17,G
3451,AAB02147,BO004,UNITED MARINE AGENCIES PVT LTD,ROOM2 2ND FLOOR INTERNATIONAL PLAZA BOHRA STREET ,MULTAN,01-FEB-02,G
3452,BID00824,BO001,UNITED TRACK SYSTEM PVT LTD,AL AZIZ MANZIL 1ST FLOOR FIESTA GARDEN MULTAN,MULTAN,01-JAN-14,G
3453,BOA01401, 000,UNITY HOME COLLECTIONS,03-HOMETEX EXPORT ZONE ANSAR COLONY,MULTAN,03-JUN-10,G
3454,AAB00676,BO007,UNIVERSAL BUISNESS EQUIPMENT LIMITED,HALIM SQUARE KUTCHERY ROAD MULTAN ,MULTAN,01-SEP-84,G
3455,BID00045,BO029,UNIWORTH APPAREL (PRIVATE) LIMITED,"SHOP # 5, KUTCHERY CHOWK, SHARIF PLAZA MULTAN",MULTAN,01-JUL-17,G
3456,BOA02138, 000,WAQAR AGENCIES PVT LTD,REHMAN COMMERCIAL CENTER GHALLA MANDI,MULTAN,01-JAN-14,G
3457,BOA03088, 000,WASAIB SANWARO (ALL PAKISTAN),"hOUSE #1776/3A CHAH USMANI WALA, LMQ ROAD, mULTAN.",MULTAN,01-FEB-20,G
3458,AAE03440,BO001,YAMAHA MOTOR PAKISTAN PVT LTD.,OFFICE 12 1ST FLOOR MASHALLAH PLAZA AZMAT WASTI ROAD,MULTAN,15-APR-15,G
3459,BOA00050, 000,YAQOOB SOAP FACTORY,VEHARI ROAD MULTAN ,MULTAN,01-JUL-76,G
3460,BOA03592, 000,YASEEN CLOTH CENTRE,RABI CLOTH MARKET CHUNGI NO. 14,MULTAN,01-FEB-20,G
3461,BOA03288, 000,YASRIB HOSPATILITY (FALETTI GRAND HOTEL,BUILDING NO.8 AZMAT WASTI ROAD NAWAN SHEHAR MULTAN,MULTAN,01-MAR-21,G
3462,BOA03736, 000,YCDO HOSPITAL GHANTA GHAR,CHOWK GHANTA GHAR NEAR NAVEED BIRYANI,MULTAN,01-JUL-22,G
3463,BOA03737, 000,YCDO HOSPITAL HASSAN PARWANA,HASSAN PARWANA ROAD,MULTAN,01-JUL-22,G
3464,BOA02648, 000,YOUNAS & BROTHERS,"MOHALLAH ISLAM PURA, MAIN NASIRABAD NEAR STREET NO 4 MUMTAZABAD",MULTAN,01-JAN-17,G
3465,BOA02856, 000,ZAHEER MEDICAL CENTER,"449-D, MUMTAZABAD, MULTAN",MULTAN,01-JAN-18,G
3466,BOA02722, 000,ZAIN TRAVELS AND TOURS,"10-SAEED CENTRE, KUTCHERY ROAD, MULTAN",MULTAN,01-JUL-17,G
3467,BOA02642, 000,ZAKRAIYA METAL WORKS,OPPOSITE COCA COLA FACTORY NEAR DARBAR PIR UMAR LOHAR COLONY VEHARI ROAD,MULTAN,01-JAN-17,G
3468,BOA00449, 000,ZENABIA FOUNDATION HIGH SCHOOL,"1-A HASSAN PARWANA ROAD, MULTAN",MULTAN,01-JAN-92,G
3469,BOA03646, 000,ZIAFAT FAMILY RESTAURANT,"86-B, LATIF ULLAH CHOWK, MUMTAZABAD",MULTAN,01-JUL-23,G
3470,BOA01648, 000,hammad packages(old al sattar),MUMTAZABAD EXCHANGE WALI GALI VEHARI ROAD,MULTAN,01-JUL-10,G
3471,BOA00964, 000,mega cotton textiles,OLD BUDHLA ROAD NEAR ANSARI CHOWK ,MULTAN,01-SEP-05,G
3472,BOA02741, 000,veda TRANSIT SOLUTIONS (PVT) LTD.,mETRO bus depot 18-km ferozpur road lahore ,LAHORE,01-AUG-16,G
3473,BOA03340, 000,1ST STEP SHOES AND BAGS,10-A MAIN GULGUSHT MARKET MULTAN,MULTAN,01-JUL-21,H
3474,BOA03948, 000,7 ELEVEN SUPER MARKET ,"GROUND FLOOR, SHOPPING ARCADE, DHA MULTAN",MULTAN,07-NOV-24,H
3475,BOA02200, 000,A C E GALLERIA ,95-A GULGHAST COLONY OPP PUNJAB COLLEGE OF COMMERCE ,MULTAN,15-OCT-14,H
3476,BOA03253, 000,A N (PRIVATE) LTD,"42-A WAPDA TOWN, NOTHREN BY PASS ROAD , MULTAN",MULTAN,01-DEC-20,H
3477,BOA03008, 000,A ONE SHAHEEN MODEL SCHOOL,NEAR CITI HOUSING SOCIETY LUTFABAD BOSAN ROAD ,MULTAN,01-JUL-18,H
3478,AAE02719,BO091,A Q MAN POWER (C/O PH MALL OF MULTAN),"4TH FLOOR FOOD COURT MALL OF MULTAN, BOSAN ROAD",MULTAN,01-JAN-18,H
3479,BOA02157, 000,AAM DEVELOPERS PVT LTD,C/O MALL OF MULTAN BOSAN ROAD ,MULTAN,01-JUL-13,H
3480,BOA03059, 000,AANGAN,40-A GULGASHT COLONY,MULTAN,01-JUL-19,H
3481,BOA02663, 000,AAYAN FILLING STATION ( ADMORE ),GRAY WAL CHOWK HEAD MUHAMMAD WALA ROAD,MULTAN,01-SEP-16,H
3482,BOA01228, 000,ABBAS BROTHERS PETROLIUM SERVICES ( PSO ),BADHARPUR CHOWK BOSAN ROAD MULTAN ,MULTAN,01-JUL-09,H
3483,BOA02661, 000,ABEX ( COLLEGE OF PROFESSIONAL STUDY),HOUSE # 280 /B GULGHAST COLONY ,MULTAN,01-SEP-16,H
3484,BIB02115,BO004,AFAQ ASSOCIATION FOR ACADEMIC QUALITY ,"safdar Imam Street, Near Toyota Showroom, Shalimar Colony, Multan",MULTAN,01-JAN-10,H
3485,BOA02665, 000,AFZAL ELECTRONICS,JALA MASJID ROAD GULGHAST COLONY ,MULTAN,01-MAR-16,H
3486,BLA01213,BO032,AFZAL ELECTRONICS,"HAANS PLAZA, METRO SHALIMAR CHOWK BOSAN ROAD, MULTAN",MULTAN,01-NOV-17,H
3487,BOA03909, 000,AGROVATE CHEMICALS,"PLOT # 222 PHASE-II, MULTAN INDUSTRIAL ESTATE MULTAN",MULTAN,03-APR-25,H
3488,BIB03777,BO015,AHEAD BRANDS SMC PVT LTD,SHOP#17-A GOL BAGH ROAD GULGASHT COLONY,MULTAN,01-MAY-19,H
3489,BOA01537,BO001,AHMED SWEATS (BRANCH-II),COMMERICAL AREA B BLOCK MODEL TOWN CHOWK,MULTAN,01-JAN-25,H
3490,BOA01942, 000,AL AMIR PUBLIC SCHOOL ,OPP MULTAN PUBLIC SCHOOL DURANA LANGANA ,MULTAN,01-JUL-10,H
3491,BOA00655, 000,AL ATTA FLOUR MILLS,BASTI MEHMOOD KOT BOSAN ROAD ,MULTAN,01-JAN-00,H
3492,BOA01936, 000,AL FAHAD CLOTH HOUSE BRANCH NO. 03 ,TESHAIL CHOWK MOOR BOSAN ROAD MULTAN ,MULTAN,01-JUL-11,H
3493,BOA01181, 000,AL FALAH INSURANCE COMPANY LTD ,10-A 2nd Floor Tehsil chowk bosan road multan,MULTAN,01-FEB-10,H
3494,BOA02336, 000,AL FLAH MODEL CITY ,MATTAL ROAD NORTHERN BY PASS ROAD ,MULTAN,01-JUL-14,H
3495,BOA01132, 000,AL HAMD CNG FILLING STATION ,OPP NASHMAN COLONY BOSAN ROAD MULTAN ,MULTAN,01-JAN-09,H
3496,BOA03957, 000,AL KAIF PIZZA & BURGER,"81-A, GULGHAST COLONY MULTAN",MULTAN,01-JAN-25,H
3497,BOA02077, 000,AL KARAM STUDIO PNP,PACE N PACE CHANGI06 BOSAN ROAD ,MULTAN,01-JUL-13,H
3498,BOA03656, 000,AL KAREEM MEMORIAL HOSPITAL ,ADA BAND BOSAN NEAR PSO PUMP MULTAN ,MULTAN,12-JUN-22,H
3499,BOA02637, 000,AL KHAIR B B Q AND RESTURANT ,NAUSHAMAN COLONY BOSAN ROAD ,MULTAN,01-FEB-17,H
3500,BOA01231, 000,AL KHAIR PUBLIC SCHOOL ,NEW SHALIMAR COLONY MULTAN ,MULTAN,01-JUL-08,H
3501,BOA02765, 000,AL KHIDMAT FOUNDATION MULTAN,"85/A GULGASHT COLONY,",MULTAN,01-JAN-18,H
3502,BOA02765,BO001,AL KHIDMAT FOUNDATION SOUTH PINJAB,"1ST FLOOR, 85-A GUGASHT COLONY MUTAN",MULTAN,01-JUL-21,H
3503,BOA01963, 000,AL LATIF GENERAL STORE ,HAIDERIA CHOWK JALAIL MASJID ROAD GULGHAST COLONY MULTAN ,MULTAN,01-OCT-12,H
3504,BOA01963,BO001,AL LATIF SUPER STORE-II,"MODEL TOWN,NORTHERN BYPASS ROAD, MULTAN",MULTAN,20-JUN-24,H
3505,BOA01108, 000,AL NAJAM FRIED CHICKEN (AFC),10 A GULGHAST COLONY MULTAN ,MULTAN,01-JAN-09,H
3506,BOA02477, 000,AL NEMAIT RESTURANT & BBQ,BATA CHOWK NEW SERVICE SHOES GULGASHT,MULTAN,01-APR-16,H
3507,BOA02514, 000,AL- SANA GARMENTS GULGASHT,GARDEZI MARKET GULGASHT COLONY,MULTAN,01-JUL-16,H
3508,BOA03488, 000,AL-KAIF,"MALL OF MULTAN, NORTHERN BYPASS MULTAN",MULTAN,01-MAY-21,H
3509,BOA00822, 000,AL-REHMAN PUBLIC SCHOOL,LODHI COLONY M.D.A ROAD ,MULTAN,27-NOV-02,H
3510,BOA00264, 000,ALI GARH MODEL GIRLS HIGH SCHOOL,GULGUSHT COLONY MULTAN ,MULTAN,01-JUL-76,H
3511,BOA02936, 000,ALKARAM STUDIO,"SHOP # 4, BUILDING # 93-A, GULGHASHT COLONY",MULTAN,01-APR-18,H
3512,BOA02293, 000,ALLIED SCHOOL (AL-RAFAY CAMPUS),MULTAN PUBLIC SCHOOL ROAD,MULTAN,01-MAR-15,H
3513,BOA02692, 000,ALLIED SCHOOL (GULGHAST CAMPUS ),House no-175/35 block X-EX opp Al jannat Homes Gulgasht colony Multan ,MULTAN,01-MAR-16,H
3514,BGA02150,BO002,ALMAIDA PIZZA GARDEN,2-C GULGASHT MAIN BOSAN ROAD mULTAN,MULTAN,20-FEB-18,H
3515,AAF01118,BO037,AMIR ADNAN (SHARPAR PVT LTD),SHOP # 08 MALL OF MULTAN,MULTAN,01-DEC-22,H
3516,AAF01118,BO036,AMIR ADNAN (SHARPAR PVT LTD),SHOP NO 12 GULGHAST AVENUE,MULTAN,01-DEC-22,H
3517,BOA03125,BO001,AMJAD STEEL TRADERS,NEAR DHA MULTAN ADJACENT BUCH VILLAS SOCIETY,MULTAN,01-JAN-22,H
3518,BOA03838, 000,AMTAL ASSOCIATES,"OFFICE NO. 10-A, WECHS-1",MULTAN,01-DEC-19,H
3519,BOA02172, 000,ANWAR SHAHZAD SURGICAL HOSPITAL,ADA BUND BOSAN OPP HBL ,MULTAN,01-JAN-14,H
3520,BOA03657, 000,AQEEL AND CO,AHBAB COLONY NEAR MASJID UMER BOSAN ROAD MULTAN,MULTAN,01-SEP-23,H
3521,BOA02466, 000,AQEEL BROTHERS PETROLEUM SERVICE,BOSAN ROAD ADDA BUND BOSAN,MULTAN,01-JAN-16,H
3522,BOA01380, 000,AQUA 7 PLUS INTERNATIONAL ,NEAR RAZIA IQBAL MEDICAL CENTER BOSAN ROAD ,MULTAN,01-JUL-09,H
3523,BOA03159, 000,ASAD AND SAAD FILLING STATION,NEAR 300 METER BZU TOWARD BUCH VILLAS BOSAN ROAD,MULTAN,01-JAN-19,H
3524,BOA00517,BO001,ASIA POULTRY FEEDS (HEAD OFFICE),15-B GULGHAST COLONY,MULTAN,01-APR-12,H
3525,BOA01807, 000,ASIA POULTRY FEEDS PVT LTD BREEDER FARMS MATITAL,NORTHERN BY PASS ROAD MATITAL MULTAN,MULTAN,01-AUG-12,H
3526,BOA03121, 000,ASIF SHEHZAD GOVERNMENT CONTRACTOR,H#3 STREET NO 10GULSHANE MEHRE COLONY BAOSAN ROAD,MULTAN,01-FEB-20,H
3527,BOA03860, 000,ASK ITALIAN,"S-37 MAIN  BOULEVARD, BUCH VILLAS",MULTAN,01-FEB-24,H
3528,BOA02986, 000,ASKARI ASSOCIATES PETROLEUM,"OPPOSITE YUMS SWEETS BAKERS, SAIDAN WALA BY PASS",MULTAN,01-JUN-18,H
3529,BOA02551, 000,ASPIRE COLLEGE MULTAN ,SAIDAN WALA BY PASS CHOWK OOF BOSAN ROAD ,MULTAN,01-SEP-16,H
3530,BOA02445, 000,ATZAN NATURAL PRODUCTS R D,PLAT II 12 KM BOSAN ROAD ,MULTAN,01-MAR-16,H
3531,BOA02604, 000,AUSTRALIAN EDUCATION COUNSEL,276- B GULGHAST COLONY ,MULTAN,01-JUL-16,H
3532,BOA01351, 000,AUTO PICK CNG STATION,LODHI COLONY,MULTAN,01-JUL-09,H
3533,BOA02768, 000,AV FOODS (VENETO GRILL & CAFE),"106-A, MODEL TOWN ",MULTAN,01-JAN-18,H
3534,BOA03029, 000,AVENTEL HEALTH CARE,224 a SHAMSA ABAD NEAR WASA OFFICE,MULTAN,01-JAN-19,H
3535,BOA03251, 000,AWAIS IQABAL & DAOW RAJPUT ASSOCIATE COMPANY PVT L,OFFICE AWAIS IQBAL AT BOSAN ROAD NEAR MAIN GATE DHA MULTAN,MULTAN,01-DEC-20,H
3536,BOA02053, 000,B J LAWN MARRIAGE HALL ,NORTHERN BY PASS BOSAN ROAD ,MULTAN,01-JUL-12,H
3537,BOA02821, 000,BABA ICE CREAM,TEHSIL CHOWK GULGASHT COLONY,MULTAN,01-JAN-18,H
3538,BOA02990, 000,BABYCARE SHOP,"30-A GULGASHT, PIZZA HUT ROAD",MULTAN,01-SEP-18,H
3539,BOA03178, 000,BACHAA PARTY,GULGASHT AVENUE,MULTAN,01-JAN-20,H
3540,BOA00941, 000,BAKHTAWAR AMIN MEMORIAL TRUST,RAJAPUR NORTHERN BY PASS ROAD ,MULTAN,08-MAY-99,H
3541,BOA02437, 000,BAKHTWAR AMEEN MEDICAL AND DENTAL COLLEGE,NORTHERN BYPASS MULTAN,MULTAN,01-APR-15,H
3542,BOA01369, 000,BALOACH ENTERPRISES MULTAN,MEDICINE PLAZA GHANTA GHAR,MULTAN,28-APR-10,H
3543,BOA03451, 000,BATA SHOP,"MODEL TOWN CHOWK, A-BLOCK,MULTAN",MULTAN,01-JUL-21,H
3544,AAE02110,BO004,BE ENERGY LIMITED,SUIT NO 505 5TH FLOOR ABDALI ROAD MULTAN,MULTAN,01-OCT-22,H
3545,BIA01185,BO003,BEACON HOUSE PUBLIC SCHOOL,6 K.M Bahadurpur Bosan road multan,MULTAN,13-SEP-87,H
3546,BIA01185,BO046,BEACON HOUSE PUBLIC SCHOOL JUNIOR BRANCH,10-E OFFICERS COLONY ,MULTAN,01-FEB-07,H
3547,BIA01185,BO074,BEACON HOUSE SCHOOL SYSTEM A- LEVEL ,06 K M off BOSAN ROAD Multan,MULTAN,01-OCT-13,H
3548,BIA01185,BO086,BEACON HOUSE SCHOOL SYSTEM BOYS CAMPUS,13 - E OFFICERS COLONY ,MULTAN,01-OCT-15,H
3549,BIA01185,BO088,BEACONHOUSE NEWLANDS,4 -E OFFICERS COLONY NEAR MILLAN MARRIAGE ,MULTAN,04-JUN-16,H
3550,BOA02481, 000,BEAUTY EXPERTS (PRIVATE) LIMITED,BEAUTY EXPERTS (PVT) LTD ,MULTAN,01-MAR-16,H
3551,BOA03224, 000,BEE-EPC & C (CONSTRUCTION)(DHA MULTAN),SARWAR TWON PLOT # 1 PIRAN GHAIB ROAD MULTAN,MULTAN,01-NOV-20,H
3552,BOA03054, 000,BELLEZA BEAUTY STUDIO,"79-A, CHOPPERS TOWER MAIN GULGASHT COLONY",MULTAN,01-FEB-19,H
3553,BOA03101, 000,BH MANAGEMENT SYSTEM PVT LTD,OPPOSIT MODEL TOWN C BLOCK BEHIND RIZWAN PETROLEUM SERVICE NORTHREN BY PASS,MULTAN,01-JUL-18,H
3554,BOA03920, 000,BILLAY DA DERA,NORTHERN BYPASS ROAD NEAR WAPDA TOWN PHASE-2 OPPOSITE BYCO PETROL PUMP MULTAN,MULTAN,08-APR-25,H
3555,BLA01709,BO001,BIN TAYYAB/ BABA IS BABA,"95-A, GOL BAGH ROAD, GULGHAST COLONY MULTAN",MULTAN,01-JUN-23,H
3556,BOA03704, 000,BLADES MEN SALON,"87-A SKH ABDUL HAMEED RD, GULGHAST-A, MULTAN",MULTAN,01-JAN-23,H
3557,BOA02697, 000,BLING HOTEL INTERNATIONAL,BESIDE BUSINESS CITY PLAZA BOSAN ROAD ,MULTAN,01-JUL-16,H
3558,BOA00457, 000,BLOOM FIELD HALL,1.5 Km off boson road mps road multan,MULTAN,04-MAY-92,H
3559,BOA02983, 000,BLOOMFIELD HALL SCHOOL,"NEAR SAHER VILLAS, BESIDE PUBLIC SCHOOL ROAD",MULTAN,01-SEP-18,H
3560,BOA03397, 000,BLOOMFIELD HALL SCHOOL (ROYAL ORCHARD BRANCH),"ROYAL ORCHARD COLONY, MPS ROAD, MULTAN",MULTAN,01-AUG-21,H
3561,BOA02403, 000,BLOOMFIELD HALL SCHOOL BUCH VILLAS CAMPUS,BUCH VILLAS BOSAN ROAD ,MULTAN,07-DEC-15,H
3562,BOA01063, 000,BLOOMFIELD HALL SCHOOL GIRLS BRANCH,3-E OFFICERS COLONY KHANEWAL ROAD ,MULTAN,02-SEP-08,H
3563,BOA02101, 000,BLOOMFIELD HALL SCHOOL MODEL TOWN,238-240 MODEL TOWN B NORTHERN BY PASS MULTAN,MULTAN,01-JUL-13,H
3564,BOA03780, 000,BLOOMFIELD HALL SCHOOL MODEL TOWN BRANCH,OPPOSITE MODEL TOWN BLOCK  BEHIND PSO PUMP MULTAN,MULTAN,01-MAY-24,H
3565,BOA00614, 000,BLOOMFIELD JUNIORS SCHOOL,21-OFFICERS COLONY PH: 223283 ,MULTAN,01-SEP-97,H
3566,BOA03671, 000,BLUE CASCADE,"TOWER 79A GULGHAST A COLONY, MULTAN",MULTAN,01-JUL-23,H
3567,BOA03968, 000,BOMBAY CHOWPATTY RESTAURANT ,"USP, 9KM, BOSAN ROAD, OPP DHA, MULTAN",MULTAN,01-AUG-25,H
3568,BOA02395, 000,BONANZA SHOP GULGHAST MULTAN,08- A GULGHAST COLONY ,MULTAN,21-AUG-15,H
3569,BIA01991,BO059,BORJAN PVT LTD (GULGASHT SHOP),"NEAR JALAL MASJID CHOWK, C BLOCK GULGASHT COLONY",MULTAN,01-NOV-20,H
3570,BOA03158, 000,BOSAN FILLING STATION,"NEAR ADDA BAND BOSAN,  BOSAN ROAD ",MULTAN,01-JUL-19,H
3571,BOA03719, 000,BRAIN STANDARD SCIENCE SCHOOL,KHAN VILLAGE ROAD NAKA CHOWK MULTNA,MULTAN,01-JAN-23,H
3572,BOA03009, 000,BRIGHT STARS PUBLIC SCHOOL,ADDA BAND BOSAN ,MULTAN,01-NOV-18,H
3573,BOA02786, 000,BRIT INTERNATIONAL SCHOOL NETWORK,"MAIN ZIKRIYA TOWN, NEAR STREET NO. 26, BOSAN ROAD ",MULTAN,01-JAN-18,H
3574,BOA02689, 000,BRIT INTERNATIONAL SCHOOL NETWORK,19-A OPP LGS OFFICERS COLONY ,MULTAN,01-MAR-16,H
3575,BOA02789, 000,BRIT INTERNATIONAL SCHOOL NETWORK,"NASHEMAN COLONY, BOSAN ROAD",MULTAN,01-JAN-18,H
3576,BOA02124, 000,BRITAIN INTERNATIONAL COLLEGE NETWORK,06 BOSAN ROAD TEHSIL CHOWK ,MULTAN,01-JAN-14,H
3577,BOA03854, 000,BRITAIN INTERNATIONAL SCHOOL SYSTEM AL NAFAY ,"C1,C2,C3,C49 SECTOR-C, DHA VILLAS",MULTAN,01-MAR-24,H
3578,BOA03548, 000,BRITIAN INTERNATIONAL SCHOOL SYSTEM,MODEL TOWN NORTHERN BYPASS ,MULTAN,01-AUG-22,H
3579,BOA00750, 000,BRITISH INTERNATIONAL SCHOOL (Main Campus),"14-e, OFFICERS COLONY ",MULTAN,01-JAN-02,H
3580,BOA01958, 000,BRITISH INTERNATIONAL SCHOOL SYSTEM (AL KAREEM CA,11- OFFICER COLONY MULTAN ,MULTAN,02-JUL-12,H
3581,BOA01956, 000,BRITISH INTERNATIONAL SCHOOL SYSTEM (AL REHMAN CA,1971-PIRKHURSHEED COLONY MULTAN ,MULTAN,01-NOV-12,H
3582,BOA01451, 000,BRITISH INTERNATIONAL SCHOOL SYSTEM (Al-Noor Campu,11- MAIN NASHEMAN COLONY,MULTAN,01-JUL-10,H
3583,BOA01450, 000,BRITISH INTERNATIONAL SCHOOL SYSTEM (Muhammad Camp,"sabzazar colony, multan",MULTAN,01-JUL-10,H
3584,BOA02127, 000,BRITISH INTERNATIONAL SCHOOL SYSTEM BOYS BRANCH,04-B OFFICERS COLONY CHANGI 09 ,MULTAN,01-JUL-12,H
3585,BOA01957, 000,BRITISH INTERNATIONAL SCHOOL SYSTEM HEAD OFFICE ,20-E OFFICER COLONY MULTAN ,MULTAN,02-JUL-12,H
3586,BOA02687, 000,BRITISH INTERNATIONAL SCHOOL SYSTEM(AL SHAKOOR CAM,33- BEHINDE LADIES PARK GULGHAST COLONY ,MULTAN,01-JAN-16,H
3587,BOA00929, 000,BRITISH UNIVERSITY COUNCIL,NEAR CHUNGI NO. 9 LMQ ROAD,MULTAN,05-MAR-04,H
3588,BOA03221, 000,BROADWAY PIZZA(MALL OF MULTAN),"FOURTH FLOOR, MALL OF MULTAN, BOSAN ROAD ",MULTAN,15-OCT-20,H
3589,BOA02005, 000,BROOKFIELD SCHOOL ,NAAKA CHOWK KAHKASHAN STREET NORTH GULGHAST ,MULTAN,02-JAN-12,H
3590,BOA03062, 000,BUCH ATHLETICS,"THE GRAND MALL,BUCH EXECUTIVE VILLAS",MULTAN,01-FEB-19,H
3591,BOA03535, 000,BUCH INTERNATIONAL HOSPITAL PVT LTD,BUCH VILLAS MULTAN,MULTAN,01-SEP-22,H
3592,BOA02536, 000,BUKHARI ENTERPRISES,TELENOR FRANCHISE SHALIMAR CHOWK BOSAN ROAD ,MULTAN,01-AUG-16,H
3593,BOA03768, 000,BUNDU KHAN ROYAL,9-STAR ARCHADE-OPP-DHA BOSAN ROAD MULTAN,MULTAN,01-APR-24,H
3594,BOA03629, 000,BURAQ ENERGY FILLING STATION,BAHADURPUR BOSAN ROAD,MULTAN,01-MAR-23,H
3595,BOA03364, 000,BURGER LAB,MALL OF MULTAN 4TH FLOOR BOSAN ROAD MULTAN,MULTAN,01-MAR-21,H
3596,BOA03486, 000,CAFE NIGHT,NAGANA CHOWK NORTHERN BYPASS MULTAN,MULTAN,01-JUL-21,H
3597,BOA01107, 000,CALTEX CITY CNG STATION ,PIR KHURSHEED COLONY ROAD CHANGI 8,MULTAN,01-JUL-08,H
3598,FAA05523,BO001,CAPITAL CONSTRACTOR,DHA NATIONAL FAST UNIVERSITY MULTAN,MULTAN,01-JUN-25,H
3599,BOA01366, 000,CAPTAIN DEVELOPERS (BUCH EXECYTIVE VILLA ),BOSAN ROAD MULTAN ,MULTAN,01-DEC-09,H
3600,BOA02607, 000,CARE DRY CLEANER AND STEAM LAUNDRY ,NAUSHAMAN COLONY BOSAN ROAD ,MULTAN,01-JAN-17,H
3601,BOA02207, 000,CARE PLUS PHARMACY,C/O CITY HOSPITAL PEER KHURSHEED COLONY ,MULTAN,01-JUL-14,H
3602,BOA03588, 000,CARE PUBLISHERS PVT LTD,HOUSE # 1 MPS ROAD NEAR AGRICS TOWN OPP WAPDA TOWN GATE ,MULTAN,15-JAN-23,H
3603,BOA03628, 000,CEDOR ENERGY SERVICE STATION,BAHADURPUR BOSAN ROAD ,MULTAN,01-MAR-23,H
3604,BOA00720, 000,CENTRAL COLLEGE Multan,"KHAKWANI HOUSE NEAR TCS OFFICE , KATCHARY ",MULTAN,01-JAN-01,H
3605,BOA02822, 000,CHACHA PIRU MALL OF MULTAN,"4TH FLOOR, FOOD COURT MALL OF MULTAN, BOSAN ROAD",MULTAN,01-DEC-17,H
3606,BOA03182, 000,CHADHAR BROTHERS ENTERPRISES & JENITORIAL SERVICE,"IQBAL LODGE, NEW SHALIMAR COLONY, NEAR WAPDA TOWN",MULTAN,01-AUG-20,H
3607,BOA02191, 000,CHASE UP SHOPPING CITY,PACE N PACE SHOPPING MALL CHANGI06 BOSAN ROAD ,MULTAN,01-JUL-14,H
3608,BOA03252, 000,CHAUDHARY TRADERS (DHA MULTAN),"AHBAB COLONY, NEAR ALI CHOWK, BOSAN ROAD ",MULTAN,01-DEC-21,H
3609,BOA02664, 000,CHENAB RUTT BAR B CUE & RESTURENT,NEAR BRIDGE HEAD MUHAMMAD WALA ,MULTAN,01-JUL-16,H
3610,BOA03487, 000,CHILL BAR,"CHUNGI # 6, GULGHAST-B, BOSAN ROAD, MULTAN",MULTAN,01-JAN-21,H
3611,BOA03855, 000,CHILL BAR,TEHSIL CHOWK BOSAN ROAD ,MULTAN,01-OCT-24,H
3612,BOA03485, 000,CHINESE FUSION,"52-SHEIKH ABDUL HAMEED ROAD, GULGHAST A COLONY, MULTAN",MULTAN,01-JUL-21,H
3613,BOA03817, 000,CHOPPERS MEN SALON,195-ACOMMERCAIL AREA MODEL TOWN A MULTAN,MULTAN,01-JUN-23,H
3614,BOA03055, 000,CHOPPERS MEN SALON,"CHOPPERS TOWER, MAIN GULGASHT COLONY, 79-A",MULTAN,01-JAN-19,H
3615,BJA03212,BO001,CITI HOUSING PVT LTD,LUTFABAD BOSAN ROAD ,MULTAN,01-NOV-18,H
3616,BOA01543, 000,CITY COLLEGE OF SCIENCE COMMERCE,17-A- OFFICERS COLONY MULTAN,MULTAN,01-MAR-11,H
3617,BOA03254, 000,CITY COLLEGE OF SCINCE & COMMERCE IQBAL CAMPUS,OPPOSIT CHUNGI # 6 BOSAN ROAD ,MULTAN,06-JAN-21,H
3618,BOA01894, 000,CITY DEVELOPERS,C/O CITY TOWER CHUNGI NO-9,MULTAN,01-JUL-12,H
3619,BOA01016, 000,CITY HEALTH CARE PVT LTD.,PEER KHURSHID COLONY ROAD ,MULTAN,01-OCT-07,H
3620,BOA02125, 000,CITY PHARMACY ,INSIDE CITY HOSPITAL PEER KHURISHED COLONY,MULTAN,01-JUL-12,H
3621,BOA03724, 000,CLINIX PHARMACY,NEAR EMERSON UNIVERSITY BOSAN ROAD MULTAN,MULTAN,01-FEB-24,H
3622,BOA03321, 000,CLIVE SHOES,"31-A BLOCK GULGUSHT AVE, GULGUSHT COLONY MULTAN",MULTAN,01-JUL-21,H
3623,BOA01384, 000,COLLEGE OF EXCELLANCE ,10-B GULGHAST COLONY BOSAN ROAD ,MULTAN,01-JUL-09,H
3624,BOA03882, 000,CONCEPT SCHOOLS,MODEL TOWN ,MULTAN,01-FEB-25,H
3625,BOA03883, 000,CONCEPT SCHOOLS,BOSAN ROAD MULTAN,MULTAN,01-FEB-25,H
3626,DAA00320,BO004,CONCERN WORLD WIDE PAKISTAN,"H#1542, GALAXY TOWN, NEAL KOT, BOSAN ROAD",MULTAN,01-NOV-17,H
3627,BOA03134, 000,CONDIS TRADERS PVT LTD,"CRYSTAL MALL, NEAR CHUNGI # 9 BOSAN ROAD",MULTAN,01-MAR-20,H
3628,BOA03430, 000,CORNER CLINIC PVT LTD,"BUILDING NO. 583, WARD X-EX BLOCK,GULGHAST, MULTAN",MULTAN,01-JAN-22,H
3629,BOA03429, 000,CORNER CLINIC PVT LTD,"BUILDING NO 583 WARD C-EC BLOCK-C, GULGHAST COLONY MULTAN",MULTAN,01-JAN-22,H
3630,BOA03482, 000,CORVIT SYSTEM,"279-B, GULGHAST COLONY, MULTAN",MULTAN,01-MAR-22,H
3631,BOA00706, 000,COSLAB (PVT) LTD,11 KM BOSAN ROAD ,MULTAN,01-NOV-01,H
3632,BOA01893, 000,COTHM college of tourism hotel management ,278/B GULGASHT COLONY ,MULTAN,01-SEP-12,H
3633,BOA02681, 000,COUNTRY GRAMMER SCHOOL,LUTFABAD MAIN BOSAN ROAD MULTAN,MULTAN,01-MAY-22,H
3634,BOA02165, 000,CRESSET SCHOOL SYSTEM C S S ,NEAR BAHADUR PUR CHOWK BOSAN ROAD,MULTAN,01-JAN-13,H
3635,BOA00737, 000,CRYSTAL FILLING STATION,10-B OFFICERS COLONY BOSAN ROAD ,MULTAN,01-OCT-02,H
3636,BOA02442, 000,CRYSTAL MALL,NEAR FRI CHICKS BOSAN ROAD,MULTAN,01-MAR-15,H
3637,AAE00663,BO018,CYBER INTERNET SERVICES (PVT) LIMITED,PEER KHURSHID COLONY MULTAN,MULTAN,01-FEB-17,H
3638,BOA03142, 000,Cleaning solutions pvt ltd,BOSAN ROAD ROAD,MULTAN,01-JAN-19,H
3639,BOA03452, 000,D. MARINA PHARMACY & COSMETICS,NORTHERN BYPASS CHOWK BOSAN ROAD MULTAN,MULTAN,01-JUL-21,H
3640,BIA02557,BO020,DAEWOO METRO BUS SERVICE MULTAN,METRO BUS DEPOT NEAR BZU BOSAN ROAD ,MULTAN,01-JAN-17,H
3641,BOA02215, 000,DAIL CITY INFORMATION DATE MULTAN,3-A NAKA CHOWK NEW GULGHAST,MULTAN,01-OCT-14,H
3642,AAA03213,BO015,DALDA FOODS LIMITEED,"HOUSE# 02, NASHEMAN COLONY,MAIN BOSAN ROAD",MULTAN,01-OCT-17,H
3643,BOA03100, 000,DANA PANI RESTURANT,552 C BATA CHOWK GULGASHT COLONY,MULTAN,01-JUL-17,H
3644,BOA02444, 000,DAR -E-ARQAM high SCHOOL Shafi'ee Campus MULTAN,Opposite income tax officers colony faisal street bosan road multan,MULTAN,01-MAR-16,H
3645,AAB03322,BA009,DAWLANCE ELECTRONICS PVT LTD,HOUSE 12/A LMQ ROAD..,MULTAN,01-JAN-12,H
3646,BOA02334, 000,DAWOOD FAMILY TAKFUL LTD ,OFFICE#5 6 7 SECOND FLOOR BUSINESS CITI PLAZA BOSAN ROAD ,MULTAN,01-JUL-14,H
3647,AAB03322,BO014,DEL ELECTRONICS PVT LTD WARE HOUSE,"MAIN BOASAN RD,OPPOSIT AGHA KHAN LAB CHUNGI # 6, N",MULTAN,01-AUG-16,H
3648,BOA03762, 000,DEPILEX BEAUTY CLINIC,"108/A, LOWER GROUND FLOOR MUSA CENTER GULGHAST MTN",MULTAN,01-JAN-24,H
3649,BOA03131, 000,DERMALAB PVT LTD,SIDDIQABAD 11 KM BOSAN ROAD ,MULTAN,01-AUG-17,H
3650,BIA01381,BO074,DESCON ENGINEERING LTD,DESCON SITE OFFICE RING ROAD DHA,MULTAN,01-AUG-19,H
3651,BOA03747, 000,DEVOUR,"50-A SKH ABDUL HAMEED RD, GULGHAST-A ,MULTAN",MULTAN,01-APR-23,H
3652,BOA03658, 000,DHARTI RESTAURANT,"5TH FLOOR, MALL OF MULTAN, BOSAN ROAD, MULTAN",MULTAN,01-JUL-23,H
3653,AAC01081,BO009,DHL PAKISTAN PVT LTD,QASIM ROAD -------------------- -------------------- --------------------,MULTAN,01-JAN-94,H
3654,BOA02196, 000,DINERS STORE,97-A GULGHAST COLONY MULTAN,MULTAN,01-SEP-14,H
3655,BOA01932, 000,DOABA FOUNDATION ,"H # 01, ST #, 02 SHALIMAR COLONY, BEHIND TOYATA MOTORS, BOSAN ROAD MULTAN ",MULTAN,01-JUL-10,H
3656,BOA03715, 000,DOUBLE CHEEZE,"NEAR CHAAYE KHANA, PIR KHURSHEED COLONY ",MULTAN,01-JAN-24,H
3657,BOA01364, 000,EAT ON RESTURANT ,BUSINESS CITY PLAZA BOSAN ROAD MULTAN ,MULTAN,01-MAR-10,H
3658,BIA02683,BO053,"EHSAN CHAPPAL STORE PVT (LTD)	",PIZZA HUT ROAD GULGASHT COLONY,MULTAN,01-SEP-19,H
3659,BOA00372,BO001,EHSAN CHAPPLE STORE ,GARDAZI MARKEET GULGASHT COLONY,MULTAN,01-MAR-16,H
3660,BOA03636, 000,ELECTROMECH SOLUTIONS,KEHKASHAN STREET NO 08 GULGHAST ,MULTAN,03-NOV-22,H
3661,BOA03120, 000,ELEGANT COMPUTERS,URDU BAZAR GOL BAGH BOSAN ROAD,MULTAN,01-FEB-20,H
3662,BOA03763, 000,ELEGANT EXECUTIVE SUITES,"77-A, BLOCK, GULGHAST COLONY, MULTAN",MULTAN,01-FEB-24,H
3663,BOA02516, 000,EMIRATES SCHOOL,KHAN VILLAGE ROAD NEAR QAZI MARKET,MULTAN,01-JUL-16,H
3664,BOA02515, 000,EMIRATES SCHOOL MUSTAFA CAMPUS,SHALIMAR MEHMOOD GYM ROAD BUILDING NO 3,MULTAN,01-JUL-16,H
3665,BOA03921, 000,ENGINE,GULGHAST AVENUE BRAND ROAD MULTAN,MULTAN,01-JUL-23,H
3666,BOA01515, 000,ENGLISH SHOES,CHOWK JALAL MASJID GULGASHT COLONY,MULTAN,01-JAN-11,H
3667,BOA03285, 000,ESTATE AGENCY21 INTERNATIONAL (PVT) LTD,5TH FLOOR CITY TOWER CHUNGI # 9 BOSAN ROAD MULTAN,MULTAN,01-SEP-21,H
3668,AAE03629,BO005,ETIMAD PRIVATE LIMITED,"OLD FOOD STREET, CHUNGI # 9, MULTAN",MULTAN,01-OCT-18,H
3669,BOA02746, 000,EXCLUSIVE INTERNATIONAL,310/B GULGASHT COLONY,MULTAN,01-OCT-17,H
3670,BOA03393, 000,EXPO STORE,A BLOCK GULGUSHT COLONY MULTAN,MULTAN,01-NOV-21,H
3671,BOA03703, 000,FABBIES,NEAR TASTY ZAIQA JALAL CHOWK GULGHAST MULTAN,MULTAN,01-JUL-23,H
3672,BOA01282, 000,FACTORY SHOP NO 01,GULGHAST BRANCH GOL BAGH GULGHAST COLONY,MULTAN,01-JUL-08,H
3673,BOA03580, 000,FAIZ CLINIC ,254 B GULGHAST COLONY ,MULTAN,01-MAR-22,H
3674,BOA01977, 000,FARMERS DEVELOPMENT ORGANISATION,"House # 11, Danish Street Ahbab Colony Bahadurpur  Chowk Bosan Road .",MULTAN,01-JAN-13,H
3675,BOA03341, 000,FASHION PAKISTAN LOUNGE,94-A GULGUSHT COLONY PIZZA HUT ROAD MULTAN,MULTAN,01-JAN-21,H
3676,BOA03949, 000,FAST NATIONAL UNIVERSITY OF COMPUTER EMERGING SCIE,"EC-D, MUHAMMAD ALI JINNAH VENUE, EDUCATION CITY, LIAQAT ALI GATE, MULTAN ROAD, DHA MULTAN ",MULTAN,01-JUL-25,H
3677,BOA03160, 000,FAST TRAK CONSTRUCTION LTD,DHA BOSAN ROAD,MULTAN,01-APR-19,H
3678,BOA03001, 000,FATIMA SCHOOL SYSTEM MULTAN,"1-A SULTANA ABAD, OPP AL-JANNAT HOMES GATE NO.01, GULGASHT COLONY",MULTAN,01-SEP-16,H
3679,BBA02302,BO003,FAUJI MEAT LIMITED,H#15 ALAMDAR STREET BOSAN ROAD BY PASS  MULTAN,MULTAN,01-MAY-17,H
3680,BOA03228, 000,FAUZ ENGINEERING PVT LTD (DHA MULTAN),8-KM RIWIND ROAD LAHORE,MULTAN,01-JAN-18,H
3681,BOA01101, 000,FINE AUTOS ,OPP TOYOTA SHOW ROOM BOSAN ROAD MULTAN ,MULTAN,01-SEP-08,H
3682,BOA01761, 000,FINOLA BEAUTY PARLOUR ,FATIMA JINNAH PARK ROAD GULGHAST COLONY ,MULTAN,01-JUL-10,H
3683,BOA03692, 000,FLAMES BY ZAYTOON,"ROOF TOP, THE GRAND MALL, BUCH EXECUTIVE VILAS MULTAN",MULTAN,15-DEC-23,H
3684,BOA02256, 000,FLASH FASHION MALL,19 - B GULGHAST COLONY MULTAN,MULTAN,01-JAN-15,H
3685,BOA02256,BO001,FLASH FASHION MALL (BR-II),"MAIN MODEL TOWN ROAD, MULTAN",MULTAN,01-NOV-25,H
3686,BOA03868, 000,FLIPCOST PVT LTD,HOUSE # 11 STREET # 11 SHALIMAR COLONY NEAR AL REHAN MASJID ,MULTAN,01-FEB-25,H
3687,BOA02163, 000,FOOD CHOICE,MODEL TOWN NORTHREN BY PASS,MULTAN,01-JUL-13,H
3688,BOA03322, 000,FOOD EXPERT,19-A POST OFFICE STREET GULGUSHT MULTAN,MULTAN,01-OCT-21,H
3689,BOA02301, 000,FOOD FESTIVEL CLASSIC,NEAR CHANGI #06 MAIN BOSAN ROAD ,MULTAN,29-APR-15,H
3690,BOA00947, 000,FOOD STREET,NEAR KHANA FARHANG L.M.Q ROAD NR. CHUNGI NO.9 ,MULTAN,01-MAR-05,H
3691,BOA02870, 000,FORKS N KNIVES RESTAURANT,"PACE N PACE PLAZA, CHUNGI NO. 06, NEAR CHASE UP, BOSAN ROAD",MULTAN,01-MAY-17,H
3692,BOA03394,BO001,FRESCHO SWEETS AND BAKERS,"PLOT #122,BLOCK-B, COMMERCIAL MODEL TOWN CHOWK",MULTAN,01-MAY-24,H
3693,BOA03394, 000,FRESHCO BOSAN ROAD,5-A MAIN BOSAN ROAD NEAR GULGUSHT METRO STATION MULTAN,MULTAN,01-APR-22,H
3694,BOA02997, 000,FRIENDS ENTERPRISES (O MY BUNS & TUTTI FRUTTI),"29-A, GULGASHT COLONY",MULTAN,01-JUL-18,H
3695,BOA03950, 000,FUN FOREST PARK,"NEAR BUCH VILLAS, BOSAN ROAD, MULTAN",MULTAN,01-AUG-25,H
3696,BIA02566,BO031,GAM CORP PVT LTD,"MCDONALD'S KIOSK # 10,FOOD COURT, MALL OF MULTAN, BOSAN ROAD",MULTAN,01-JAN-17,H
3697,BIA05683,BO001,GCS PVT LTD,"H # 1601, MAIN NAKA CHOWK NORTH GULGHAST MULTAN",MULTAN,01-OCT-25,H
3698,BOA03925, 000,GERRY'S INTERNATIONAL EXPRESS (PVT) LTD,"CRYSTAL MALL BOSAN ROAD, MULTAN",MULTAN,01-SEP-24,H
3699,POA00005, 000,GERRYS INTERNATIONAL PVT LTD,shop # 25- 26 business citi plaza bosan road ,MULTAN,14-SEP-02,H
3700,BOA01760, 000,GHANI PACKAGES,NISHATCOLLEGE ROAD LODHI COLONY MULTAN ,MULTAN,01-JUL-08,H
3701,AAF00939,BO013,GHAZI SECURITY (PVT) LTD,503 HANAN CENTER PLOT 55 BLOCK 7 D.A.C.H.S SHAHRA E FAISAL ,KARACHI,01-SEP-22,H
3702,BOA01283, 000,GHUARI TIKKA BROAST SHOP ,CHOWK JALAL MASJID GULGHAST COLONY ,MULTAN,01-JUL-08,H
3703,BOA03872, 000,GIBS BUILDERS & DEVELOPERS LTD,E 153 VA NEW SUPER TOWN WALTON ROAD,LAHORE,01-JUL-24,H
3704,BOA00858, 000,GIRLS PUBLIC SCHOOL/COLLEGE MULTAN,P.O.302 BOSAN ROAD ,MULTAN,03-APR-00,H
3705,AAB00128,BO005,GLAXO LABORATORIES PAKISTAN LTD,"35-Dockyard road, west wharf, karachi",KARACHI,01-JAN-78,H
3706,AAA00133,BO006,GLAXOO SMITHKLINE,"35-Dockyard road, west wharf, karachi",KARACHI,01-JUL-76,H
3707,BOA02179, 000,GLORIA JEANS COFFES,92-A GULGHAST COLONY ,MULTAN,01-APR-14,H
3708,BOA02374, 000,GOURMET BAKERS AND SWEETS ,GULGHAST COLONY ,MULTAN,01-JUL-15,H
3709,BOA03287, 000,GRAANA PRIVATE LIMITED,HOUSE # 54 LANE A GREEN NEAR NAB OFFICE BOSAN ROA MULTAN,MULTAN,07-JUL-21,H
3710,BOA03911, 000,GRAND SHALIMAR HOTEL,"B-BLOCK, MODEL TOWN, MULTAN",MULTAN,23-MAR-25,H
3711,AAE00598,BO101,GRAY MACKENZIE RESTAURANTS INTERNATIONAL LTD,"13 A, GULGASHT COLONY",MULTAN,11-NOV-17,H
3712,AAE00598,BO100,GRAY MACKENZIE RESTAURANTS INTERNATIONAL LTD,"KFC, MALL OF MULTAN FOOD COURT, BOSAN ROAD",MULTAN,28-DEC-17,H
3713,BOA02971, 000,GREAVES AIR CONDITIONING PVT LTD,H#26 MAIN ZAKRIYA TOWN BOSAN ROAD MULTAN,MULTAN,01-JUL-18,H
3714,AAB00294,BO005,GREAVES PAKISTAN PVT LTD,HOUSE#26 MAIN ZAKIRYA TOWN OFF BOSAN ROAD ,MULTAN,24-JAN-17,H
3715,BOA02008, 000,GREEN FIELD HALL SCHOOL SYSTEM ,LODHI COLONY ,MULTAN,01-MAR-11,H
3716,BOA02931, 000,GRILLIN RESTAURENT,"CHAPTER NO.2 BOOK CENTRE,  NEAR MULTAN BOARD OFFICE",MULTAN,01-APR-18,H
3717,AAE01611,BO011,GUARDS MARK SECURITY SERVICES PVT LTD,MAIN MPS ROAD NEAR MODEL TOWN MULTAN,MULTAN,01-AUG-25,H
3718,BOA01700, 000,GULGASHT HOSPITAL,BOSAN ROAD MULTAN,MULTAN,01-JUL-11,H
3719,BOA01978, 000,GULGHAST CAMPUS THE EDUCATORS shalimar campus,24-NEW SHALIMAR COLONY BOSAN ROAD ,MULTAN,02-JAN-12,H
3720,BOA03260, 000,HABIB RAFIQ (PVT) LTD (DHA),"NEAR MAIN DHA ADMINISTRATION OFFICE, DHA MULTAN",MULTAN,01-JAN-21,H
3721,BOA00609, 000,HAMAZ PHARMACEUTICALS (PVT) LTD.,13 K.M BOSAN ROAD PH: 220395 - 223556 ,MULTAN,01-JAN-98,H
3722,BOA03722, 000,HAMEEDA RASHEED INSTITUTE ,"GULSHAN E WAHID, NAGANA CHOWK NEAR WAPDA TOWN PHASE 1 MULTAN",MULTAN,01-JUL-22,H
3723,BOA03847, 000,HAMZA ENTERPRISES & JANITORIAL SERVICES PVT LTD,"janat vilas,ali street, taraf mubarak awal, multan   ",MULTAN,01-JUL-24,H
3724,BOA03293, 000,HANGRY CAFE,21-B GUGASHT COLONY ,MULTAN,01-JAN-21,H
3725,BOA02170, 000,HANIF RAJPUT CATERERS,OPP TOYOTA MOTORS MAIN BOSAN ROAD,MULTAN,01-JAN-14,H
3726,BOA00990, 000,HARIS TRADERS,5E-6 OFFICERS COLONY BOSAN ROAD ,MULTAN,05-MAR-06,H
3727,BOA02337, 000,HAYYAT BROTHERS CONSTRUCTION CO ,C/O WOMEN UNIVERSITY MATTAL ROAD ,MULTAN,01-JUL-14,H
3728,BOA01897, 000,HEELS SHOES AND HAND BAGES ACCESSIOERS ,234- B GULGHAST COLONY MULTAN ,MULTAN,02-JUL-12,H
3729,BOA03196, 000,HEELS SHOES MULTAN (014),NEAR TEHSIL CHOWK GULGASHT COLONY MULTAN,MULTAN,01-SEP-19,H
3730,BOA03197, 000,HEELS SHOES MULTAN (025),OPPOSITE GOVT. GIRLS COMPREHENSIVE SCHOOL GARDAZI MARKET ,MULTAN,01-MAR-20,H
3731,BOA03787, 000,HIVE DENTAL & MEDICAL COMPLEX,"SHOP # 14-15 DHA COMMERCIAL ARCADE, MULTAN",MULTAN,16-FEB-24,H
3732,BOA02788, 000,HN SCIENCE SCHOOL,"TOYOTA MULTAN MOTORS, BOSAN ROAD, NORTHERN BY PASS ",MULTAN,01-JUL-17,H
3733,BOA02787, 000,HN SCIENCE SCHOOL ,CHUNGI NO. 06 OPP CHASE UP BOSAN ROAD,MULTAN,01-JUL-17,H
3734,BOA03173, 000,HONDA MULTAN PVT. LTD,NORTHEN BYPASS ,MULTAN,01-JAN-20,H
3735,BOA03053, 000,HOTEL AVALON SUITES,"79-A, CHOPPERS TOWER MAIN GULGASHT COLONY",MULTAN,01-FEB-19,H
3736,BOA03238, 000,HOUSE OF CHARIZMA,93-A GULGASHT COLONY OPPOSITE POST OFFICE PIZA HUT ROAD GULGASHT COLONY,MULTAN,22-OCT-20,H
3737,BPA00474,BO054,HR UNION ENTERPRISES PVT LTD(GAS & OIL PAKISTAN),MAILSI ROAD CHOWK MAITLA,MAILSI,01-NOV-23,H
3738,AAF01982,BO091,HRS PVT LTD C/O BEPL MULTAN,"H # 6, AMJAD HOUSE NEW SHALIMAR COLONY, BOSAN ROAD, MULTAN",MULTAN,01-JUN-25,H
3739,BIB00501,BO021,HUSH PUPPIES,"SHOP NO. 93-A,OPP PAKISTAN POST OFFICE,GULGASHT COLONY",MULTAN,01-AUG-19,H
3740,BIB00501,BO009,HUSH PUPPIES GULGHAST BRANCH ,SHOP# 3 4 JALAL CHOWK GULGHAST COLONY MULTAN ,MULTAN,06-AUG-12,H
3741,FAA00068,BO006,HYDROCARBON DEVELOPMENT INSTITUTE OF PAK,PETROLEUM TESTING ZAKARIYA TOWN -------------------- --------------------,MULTAN,01-JUL-89,H
3742,BOA03726, 000,HYUNDAI CHENAB MULTAN,HEAD MUHAMMAD WALA ROAD MULTAN BYPASS,MULTAN,01-JAN-23,H
3743,AAF02082,BO005,ICEBERG INDUSTRIES,"204/B, MODEL TOWN , BLOCK B NOTHERN BYPASS, MULTAN",MULTAN,01-JUL-25,H
3744,BOA01099, 000,IDEAL BAKERES AND SWEETS ,CHANGI#06 BOSAN ROAD MULTAN ,MULTAN,01-JUL-08,H
3745,BOA02608, 000,IDEAL MALL (SWEETAND BAKERS),CHOWK CHANGI#06 BOSAN ROAD ,MULTAN,01-JAN-17,H
3746,BOA02050, 000,IDEAL PUBLIC SCHOOL SYSTEM,NAWAB PUR ROAD LODHI COLONY ,MULTAN,01-JUL-12,H
3747,AAC02002,BO086,IDEAS GULGASHT,"IDEAS BY GUL AHMAED, STREET NO. 16-A, MUSA CENTER",MULTAN,01-MAR-18,H
3748,AAF04662,BO027,IDEAS GULGASHT,"PLAZA MUSA CENTRE, GOL BAGH ROAD GULGUSHT MULTAN",MULTAN,30-OCT-21,H
3749,AAC02002,BO054,IDEAS PACE N PACE ,PACE N PACE SHOP#15-18 AND 24-30 GROUND FLOOOR CHANGI #06 BOSAN ROAD,MULTAN,21-MAR-15,H
3750,AAC02559,BO045,IMTIAZ GROUP SMC PVT LTD,THE GRAND MALL BUCH VILLAS ,MULTAN,01-JAN-25,H
3751,AAE00903,BO004,INBOX BUSINESS TECHNOLOGIES PVT LTD,HOUSE#1601 MIAN NAKA CHOWK NORTH GULGHAST,MULTAN,01-DEC-16,H
3752,BOA02809, 000,INSIGNIA GULGASHT-STYLISH SHOES,"NEAR GOLL BAGH, OPP POST OFFICE, GULGASHT COLONY",MULTAN,01-JUL-17,H
3753,BOA03184, 000,INSTITUTE OF RESEARCH & ADVANCED STUDIES (IRAS),NEAR MULTAN MARQUEE METRO STATION MULTAN,MULTAN,01-APR-19,H
3754,BOA01499, 000,INSTITUTE OF SOUTHERN PUNJAB,31-A GULGASHT MULTAN,MULTAN,01-JUL-10,H
3755,BOA02004, 000,INSTITUTE OF SOUTHERN PUNJAB ,09 KM UNIVERSITY ROAD BOSAN ROAD ,MULTAN,01-SEP-12,H
3756,BOA02456, 000,INTESAR PETROLIUM SERVICE,853- B BOSAN ROAD,MULTAN,01-JAN-15,H
3757,BOA02652, 000,IQRA PUBLIC SCHOOL,"CHANAB TOWN, NEAR SHEHZAD HOSPITAL,ADDA BAND BOSAN",MULTAN,01-JUL-16,H
3758,BOA01720, 000,ISLAMI/AWAMI/MULTAN BRICKS,CHAH FAIZ CHASMAY WALA NEAR ZAKRIA TOWN,MULTAN,01-JUL-10,H
3759,BOA01512, 000,ITALIAN PIZZA,25-B GULGASHT COLONY NEAR BANK OF PUNJAB,MULTAN,01-JAN-11,H
3760,BOA02662, 000,ITHM (INSTITUTE OF TOURISM AND HOTEL MANAGEMENT),OPP EMERSAN COLLEGE MAIN BOSAN ROAD ,MULTAN,01-JAN-16,H
3761,BIA01106,BO068,IZHAR CONSTRUCTION PVT LTD,CASH & CARRY STORE AND SHOPPING COMPLEX AT BOSAN ROAD,MULTAN,01-JAN-20,H
3762,BOA01091, 000,JACK & JILL PUBLIC SCHOOL ,10-D/12 HAIDERIA ROAD GULGHAST COLONY MULTAN ,MULTAN,01-JUL-08,H
3763,AAE00535,BO005,JAFFER JEES PVT LTD,"SHARIF COMPLEX SHOP # 06, GULGHAST AVENUE ",MULTAN,01-SEP-22,H
3764,BOA02991, 000,JAMIL TRADERS,100-LODHI COLONY,MULTAN,01-JUL-18,H
3765,BOA01866, 000,JAVEED PHARMACY ,NEAR FOOD FESTIVAL STORE BOSAN ROAD MULTAN ,MULTAN,02-FEB-11,H
3766,BOA02635, 000,JET PETROUIUM SERVICES (ASKAR -1),SAYDEEN WALA BY PASS NEAR ZAKARIYA PUBLIC SCHOOL,MULTAN,01-SEP-16,H
3767,BOA02364, 000,JINNAH HIGHS GIRLS HIGHER SECONDARY SCHOOL,42-A GULGHAST COLONY ,MULTAN,01-SEP-15,H
3768,BOA02082, 000,JINNAH HIGHS PRE O LEVEL ,28 - A OFFICERS COLONY ,MULTAN,01-JUL-13,H
3769,BOA00671, 000,JINNAH HIGHS SCHOOL,17 OFFICERS COLONY BOSAN ROAD ,MULTAN,01-JAN-01,H
3770,BOA00671,BO001,JINNAH HIGHS SCHOOL (GIRLS BRANCH),93-b gulghast colony,MULTAN,01-SEP-03,H
3771,BOA01899, 000,JINNAH PUBLIC SCHOOL ,269-B GULGHAST COLONY BOSAN ROAD MULTAN ,MULTAN,01-JUL-11,H
3772,BOA00875, 000,JOINT FORCES CADET SCHOOL & COLLEGE,96-A GULGASHT COLONY ,MULTAN,01-NOV-03,H
3773,AAB02488,BO029,JUBILEE LIFE INSURANCE COMPANY LIMITED,10-A IST FLOOR TWIN TOWERS TEHSIL CHOWK BOSAN ROAD MULTAN,MULTAN,01-MAR-11,H
3774,BOA03585, 000,JUGNU'S BEAUTY SALOON,21 B GULGHAST COLONY OPP WHAT A PARATHA ,MULTAN,01-JAN-23,H
3775,BOA03404, 000,JW HOLDINGS (PRIVATE) LIMITED,"H-2, KEHKASHAN ST # 7, NEAR AL-NAWAB MASJID, KHAN VILLAGE ROAD, NEW GULGHAST COLONY, MULTAN",MULTAN,25-MAR-21,H
3776,AAC00520,BO004,K N POULTRY FORM,H.NO 1777/15 CHAH OSMANIWALA KHANEWAL ROAD ,MULTAN,03-JAN-01,H
3777,BOA03952, 000,KABAB MEHAL ,"AMFAHS PLAZA, SABZAZAR, BOSAN ROAD, MULTAN",MULTAN,08-AUG-25,H
3778,BOA03922, 000,KABABJEES FRIED CHICKEN,MALL OF MULTAN 4TH FLOOR FOOD COURT MULTAN,MULTAN,01-JAN-25,H
3779,BOA02372, 000,KAIMS INTERNATIONAL INSTITUTE MULTAN ,NEAR ORIENT OFFICE MODEL TOWN BY PASS ,MULTAN,01-SEP-15,H
3780,AAH01269,BO002,KAPRAY (AL-RAHIM RETAIL LIMITED),"PLOT 17-A, GOL BAGH ROAD, GULGASHT COLONY",MULTAN,01-APR-18,H
3781,BOA00704, 000,KAREEM SONS FLOUR MILLS,NORTHERN BY PASS NEAR WAPDA TOWN BASTI HAJI PUR ,MULTAN,01-JAN-02,H
3782,BIB04346,BO001,KASHIF TRADING (MONARK),MALL OF MULTAN,MULTAN,01-DEC-21,H
3783,BOA01756, 000,KASHMIR CLOTH HOUSE ,JALAL MASJID ROAD GARDZI MARKET ,MULTAN,01-JUL-10,H
3784,BOA01344, 000,KASIB POLY TECH INSTITUTE & VOCATIONAL INST,242-B GULGHAST COLONY MULTAN ,MULTAN,01-JUL-08,H
3785,AAA02612,BO055,KHAADI,SHOP NO. 94A/5 GULGASHT COLONY PIZZA HUT ROAD,MULTAN,01-JUN-18,H
3786,BOA03379, 000,KHANCEPT EDUCATIONAL SOLUTIONS ( THE STEM SCHOOL),HOUSE NO.34 A GULGUSHT COLONY MULTAN,MULTAN,12-OCT-21,H
3787,BOA00049, 000,KHAWAJA TANNERIES LTD,OFF NAWABPUR ROAD MANZIL LOHARI GATE MULTAN ,MULTAN,01-JUL-76,H
3788,BOA03406, 000,KHAWAR CONSTRUCTION COMPANY (PRIVATE) LIMITED,"OPP. SUZUKI MOTORS, AHMED VILLAS ROAD, MULTAN",MULTAN,30-JAN-20,H
3789,BOA00093, 000,KHWAJA BASHIR AHMAD&SONS (PVT) LTD/h.o,"05, GHAGRA VILLAS KHAWAJA KAMA UD DIN ANWAR ROAD LINK MPS ROAD MULTAN",MULTAN,01-JUL-76,H
3790,BOA01237, 000,KIDNEY CENTER RAZIA SAEED HOSPITAL ,17-E OFFICERS COLONY BEHINDE EID GAH ,MULTAN,01-JUL-09,H
3791,BOA01930, 000,KIDS BREAK-OUT,233-B GULGHAST COLONY MULTAN ,MULTAN,02-JUL-12,H
3792,BIB04945,BO002,KIDS COMPANY ,"14/A POST OFFICE ROAD, GULGHAST COLONY, MULTAN",MULTAN,01-APR-25,H
3793,BOA03453, 000,KIPS COLLLEGE,SABZAZAR METRO STATION BOSAN ROAD MULTAN,MULTAN,01-JUL-18,H
3794,BOA03440, 000,KIPS GIRLS SCHOOL MULTAN,"19-A, OFFICER COLONY MULTAN",MULTAN,01-JUN-22,H
3795,BOA01238, 000,KIPS PREPARATIONS PVT LTD,GULGHAST COLONY MAIN BOSAN ROAD MULTAN ,MULTAN,01-JUL-09,H
3796,BOA02695, 000,KIYANI ENTERPRISES ,BOSAN STOP CHANGI#05 NAWABPUR ROAD ,MULTAN,01-MAY-16,H
3797,BOA00353, 000,LA SALLE HIGHer secondary SCHOOL,BOSAN ROAD MULTAN ,MULTAN,01-APR-89,H
3798,BIA01898,BO073,LAHORE GRAMMAR SCHOOL ,"GREEN AVENUE ROAD, NEAR TEACHER HOUSING SOCIETY OPPS MPS ROAD MULTAN",MULTAN,01-SEP-25,H
3799,BIA01898,BO040,LAHORE GRAMMAR SCHOOL ,26-B OFFICERS COLONY MULTAN,MULTAN,01-DEC-12,H
3800,BIA01898,BO010,LAHORE GRAMMAR SCHOOL PVT LTD,12-A OFFICERS COLONY ,MULTAN,30-SEP-98,H
3801,BOA03174, 000,LAHORE WASTE MANAGEMENT COMPANY,"169, A-BLOACK, MODEL TOWN",MULTAN,24-MAY-20,H
3802,BOA01131, 000,LASANI CHARGA AND FAST FOOD,ZAKARIYA SHOPPING CENTER BOSAN ROAD MULTAN,MULTAN,01-JAN-09,H
3803,BOA02815, 000,LAUREATE HIGH SCHOOL (ZAKARIYA CAMPUS),"MAIN ZAKARIYA TOWN, ZAKARIYA TOWN ROAD",MULTAN,01-FEB-18,H
3804,BOA02814, 000,LAUREATES HIGH SCHOOL (LODHI COLONY),"OPP WORKERS WELFARE SCHOOL, LODHI COLONY",MULTAN,01-MAR-18,H
3805,BOA03951, 000,LAYERS BAKESHOP,"SHOP # 34-A, KUNDAN PLAZA GULGHAST MULTAN",MULTAN,01-SEP-25,H
3806,BOA03544,BO003,LE CAFE ,36-B COMMERICAL AREA B BLOCK MODEL TOWN NORTHERN BYPASS ROAD,MULTAN,01-JUL-22,H
3807,BOA03544,BO002,LE CAFE ,29-A GULGHAST COLONY OPPOSITE PIZZA HUT,MULTAN,01-JUL-22,H
3808,BOA03386, 000,LIFE SCHOOLS PRIVATE LIMITED (THE STEM SCHOOL) ,FAISAL STREET NEAR MASHALLAH ELECTRONICS CHUNGI NO 6 BOSAN ROAD MULTAN,MULTAN,15-OCT-21,H
3809,BOA02674, 000,LONDON COURTYARD RESTURANT,35 -A GULGHAST COLONY MULTAN .,MULTAN,01-MAY-17,H
3810,BOA01937, 000,LONDON SCHOOL SYSTEM ,OPP SHELL PETROL PUMP TESHAL CHOWK GULGHAST COLONY MULTAN ,MULTAN,02-JAN-12,H
3811,BOA03873, 000,LOTUS SERVICE STATION (TOTAL),BOSAN ROAD ADJACENT SHANGRILLA CUSINE CHUNGI NO 9,MULTAN,01-JAN-25,H
3812,BOA01934, 000,LUCKY BEVERAGE C/O COCA COLA DISTRIBUTER ,OPP BEACON HOUSE SCHOOL BOSAN ROAD MULTAN ,MULTAN,02-JUL-12,H
3813,BIB04218,BO003,LULUSAR,SHOP G-02 SHARIF COMPLEX GULGHAST COLONY ,MULTAN,01-JUL-22,H
3814,BOA01804, 000,M D S FOODS PVT LTD HARDEES RESTURANT ,14-A GULGHAST COLONY MULTAN ,MULTAN,09-JUL-12,H
3815,BOA03147, 000,M/S ARENA HOTEL RESTURANT AND MARQUEE,DHA BOSAN ROAD,MULTAN,01-JUN-19,H
3816,BOA03146, 000,M/S K K MART,h.no.64 shareef pura multan,MULTAN,01-JAN-19,H
3817,BOA03090, 000,M/S SELECTO ASSOCIATES(PROJECT OF SHARIF COMPLEX),NEAR SHARIF FILLING STATION TEHSIL CHOWK GULGASHT COLONY BOSAN ROAD,MULTAN,01-JUL-18,H
3818,BOA01269, 000,MAK INTERNATIONAL (CNG STATION ),SHALIMAR COLONY MOUZA NEEL KOT BOSAN ROAD ,MULTAN,01-JAN-09,H
3819,BOA03725, 000,MALL OF CENTRAL SQUARE C/O DHA MULTAN,"CHUNGI NO 9, BOSAN ROAD MULTAN",MULTAN,01-JUL-22,H
3820,BOA00639, 000,MAMOONA POST GRADUATE COLLEGE FOR WOMEN,14-A PEER KHURSHID COLOLY MULTAN,MULTAN,01-JUL-97,H
3821,AAF01113,BO029,MARIE STOPES SOCIETY MULTAN MAIN CENTER,H3403 BLOCK-C GULGHAST COLONY BOSAN ROAD MULTAN ,MULTAN,01-JUN-05,H
3822,BOA03746, 000,MARJAN EDUCATIONAL SERVICES(PVT) LTD-SECOND CUP FR,"ISP, 9-KM, BOSAN ROAD, MULTAN",MULTAN,25-DEC-23,H
3823,BOA02368, 000,MASHAL GARMENTS. ,94-A GULGHAST COLONY ,MULTAN,01-SEP-15,H
3824,BOA01652,BO002,MASHALLAH ELECTRONICS,"NEAR CHASEUP, BOSAN ROAD MULTAN",MULTAN,01-SEP-20,H
3825,BOA00682, 000,MASOOD AND COMPANY, ada bagh wala near main gate b z u BOSAN ROAD ,MULTAN,01-JAN-01,H
3826,BOA00682,BO002,MASOOD AND COMPANY LUBRICANTS,SHAH PUR HOUSE NEAR JAMIA MASJID NASHMAN COLONY ,MULTAN,01-JAN-13,H
3827,BOA01900, 000,MASOOM RESTURANT,10-A GULGHAST COLONY BOSAN ROAD,MULTAN,01-JUL-11,H
3828,BOA03815, 000,MASOOMS BAKERY & RESTURANT,"DHA MAIN COMMERCIAL MARKET, MULTAN",MULTAN,01-JAN-24,H
3829,BOA03331,BO001,MASTER BIRYANI,"SHOP NO 118, MODEL TOWN CHOWK MULTAN",MULTAN,01-NOV-25,H
3830,BOA03331, 000,MASTER BIRYANI,600 C BLOCK A GULGUSHT COLONY NEAR CHUNGI NO.6 MULTAN,MULTAN,01-OCT-21,H
3831,BOA02706, 000,MATERO SHOES  (GULGHAST BRANCH),BULDING #10/A PIZZA HUT ROAD GULGHAST COLONY ,MULTAN,19-JUN-17,H
3832,BOA03484, 000,MAVEN SCHOOL SYSTEM,"CHUNGI # 6, BOSAN ROAD, MULTAN",MULTAN,01-JAN-22,H
3833,BOA03579, 000,MAYPOLE PVT LTD (LIMELIGHT),49-A GULGHAST AVENUE OPP PIZA HUT ,MULTAN,01-NOV-22,H
3834,BIB03303,BO029,MAYPOLE PVT LTD (LIMELIGHT),TOYATA MULTAN MOTORS BUILDING BOSAN ROAD MULTAN MALL OF MULTAN,MULTAN,01-OCT-22,H
3835,AAE00428,BO095,MCR PVT LTD (BURGER KING MULTAN),"4TH FLOOR FOOD COURT MALL OF MULTAN, BOSAN ROAD",MULTAN,01-JAN-18,H
3836,AAE00428,BO093,MCR PVT LTD (PIZZA HUT MULTAN),"BOSAN ROAD, 4TH FLOOR, FOOD COURT MALL OF MULTAN",MULTAN,01-JAN-18,H
3837,BOA00886, 000,MCR PVT LTD(PIZZA HUTT),MAIN GOAL BAGH ROAD GULGASHT COLONY ,MULTAN,01-DEC-03,H
3838,BOA01804,BO001,MDS FOOD PVT LTD HARDEES RESTAURANT ,"MALL OF MULTAN, BOSAN ROAD, MULTAN",MULTAN,01-JUL-24,H
3839,BOA02628, 000,MEDIKS (I STOP PHARMACY ),NEAR PACE N PACE PLAZA CHANGI#06 BOSAN ROAD MULTAN,MULTAN,01-JAN-17,H
3840,BOA03047, 000,MELT 9 PIZZA & STEAK HOUSE,"24-A, KAMRAN PLAZA PEER KHURSHEED COLONY ROAD BLOCK-A",MULTAN,01-FEB-19,H
3841,BOA03632, 000,MENDER ENGINEERINGS (PVT) LTD,KEHKASHAN ST # 07 KHAN VILLAGE ROAD NEW GULGHAST ,MULTAN,01-MAR-23,H
3842,BOA03157, 000,MEP SOLUTIONS PVT LTD(Metro mal Multan,C/O Metro cash and carry bosand road ,MULTAN,01-NOV-19,H
3843,BIA03239,BO009,METRO Pakistan PVT. LTD.,"mOZA SALIH MAHAY, BOSAN ROAD, OPP TO BZU MULTAN",MULTAN,19-AUG-19,H
3844,BOA02175,BO001,METRO SHOES,JALAL MASJID CHOWK GULGASHT COLONY MULTAN,MULTAN,01-MAY-16,H
3845,BOA03297, 000,MGH ENGINEERING & CONTROL (PVT) LTD,"10-B NEW MODEL TOWN, MULTAN PUBLIC SCHOOL ROAD MULTAN",MULTAN,04-MAY-21,H
3846,BOA03227, 000,MIAN GROUP (MG) CONSTRUCTION PVT LTD (DHA MULTAN),"MIAN HEIGHTS, SOAN GARDEN ISLAMABAD",MULTAN,01-JAN-18,H
3847,BOA01763, 000,MILLAN Mahal MARRAIGE CLUB ,"Plot H 404, H Block Block H Shah Rukn E Alam Housing Scheme, Multan",MULTAN,01-JUL-10,H
3848,BOA02873, 000,MIND START SCHOOL,"31-A SHALIMAR COLONY, NEAR TOYOTA MULTAN MOTORS BOSAN ROAD",MULTAN,01-DEC-17,H
3849,BOA03433, 000,MINI SO,"FIRST FLOOR, MINI SO NEAR AFC, GULGHAST AVENUE, MULTAN",MULTAN,01-MAR-22,H
3850,BIA05141,BO002,MINISO LIFESTYLE PAKISTAN (004692),"2ND FLOOR, MALL OF MULTAN, BOSAN ROAD",MULTAN,09-JUN-18,H
3851,BOA01513, 000,MIRROR BEAUTY BREEZE,15-A GULGASHT ,MULTAN,01-JAN-11,H
3852,BOA02006, 000,MIRZA NEHARI HOUSE ,495-C GULGHAST COLONY MULTAN ,MULTAN,02-JAN-12,H
3853,BOA03947, 000,MITHAS MODEL TOWN,7/C B-BLOCK MODEL TOWN MULTAN,MULTAN,14-AUG-25,H
3854,BOA03339, 000,MIZAJ,GULGUSHT COLONY A BLOCK MULTAN,MULTAN,01-NOV-21,H
3855,BOA03794, 000,MIZAJ RESTURANT,"1-A , GULGHAST COLONY MULTAN",MULTAN,08-FEB-24,H
3856,BOA02161, 000,MODEL TOWN FILLING STATION (PSO),MODEL TOWN NORTHERN BY PASS ,MULTAN,01-FEB-14,H
3857,BOA01106, 000,MODERN FUELS,PIR KHURSHEED COLONY ROAD CHANGI 08,MULTAN,01-JUL-08,H
3858,BOA02195, 000,MONARCH SECURITY SERVICES PVT LTD,STREET HBL MONARCH HOUSE SABZAZAR COLONY BOSAN ROAD ,MULTAN,01-JAN-13,H
3859,BOA03395, 000,MPS SECURITY GUARDS SERVICES,OFFICE E 2ND FLOOR HAMZA PLAZA COMMERCIAL MARKET RAWALPINDI ,MULTAN,01-APR-22,H
3860,BOA02097, 000,MR BOOKS,GOLE BAGH GULGASHT COLONY,MULTAN,01-JUL-11,H
3861,BOA01244, 000,MR DRY CLEANERS AND LAUNDRY ,CHANGI #06 BOSAN ROAD MULTAN ,MULTAN,01-JUL-08,H
3862,BIB05284,BO001,MTJ,"GULGHAST AVENUE BRAND ROAD, MULTAN ",MULTAN,01-JUN-23,H
3863,BOA00738, 000,MUGHAL BROTHERS PETROLIUM SERVIS,CHONGI NO 6 BOSAN ROAD ,MULTAN,03-DEC-02,H
3864,BOA03262,BO001,MUGHALS PAKISTAN (PVT) LTD.,"DHA MAIN OFFICE BUILDING, DHA MULTAN",MULTAN,01-JUL-21,H
3865,BOA03262, 000,MUGHALS PAKISTAN (PVT) LTD.(DHA CLUB HOUSE),RUMANZA GOLF COURSE DHA MULTAN,MULTAN,01-APR-21,H
3866,BOA00904,BO001,MUGHEES TEXTILES,1/2 KM OFF KHANEWAL ROAD NORTHERN BY PASS MULTAN ,MULTAN,01-JAN-07,H
3867,AAB00137,BO004,MULLER & PHIPPS PAKISTAN LTD MULTAN DEPOT,"DHER CHOWK, MUJAHID TOWN, MULTAN",MULTAN,01-SEP-80,H
3868,BOA03924, 000,MULTAN AJWA VALLEY,"HEAD MUHAMMAD WALA ROAD, NEAR SIKANDARI CANAL MULTAN",MULTAN,01-DEC-24,H
3869,BOA01304, 000,MULTAN COLLEGE OF EDUCATORS (BOYS BR ),1971 PEER KHURSHEED COLONY MULTAN ,MULTAN,01-JUL-08,H
3870,BOA02963, 000,MULTAN CUISINE & MARQUEE,"CHUNGI NO. 6, NEAR NASHEMAN COLONY, BOSAN ROAD",MULTAN,01-JUL-18,H
3871,BOA02193, 000,MULTAN FLORET SCHOOL SYSTEM,MAIN ZAKARIYA TOWN BOSAN ROAD ,MULTAN,01-JAN-14,H
3872,BOA02122, 000,MULTAN ICSI CENTRE PVT LTD ,INSIDE CITY HOSPITAL PEER KHURISHED COLONY ROAD ,MULTAN,01-OCT-12,H
3873,BOA02158, 000,MULTAN INSTITUTE OF HEALTH SCIENCES,MULTAN PUBLIC SCHOOL ROAD ,MULTAN,01-MAY-14,H
3874,BOA01859, 000,MULTAN KITAB GHAR ,OPP BOSAN ROAD COLLEGE GULGHAST COLONY MULTAN .,MULTAN,01-JUL-10,H
3875,BOA00388, 000,MULTAN LAW COLLEGE,14-A BLOCK B GULGUSHT COLONY MULTAN. ,MULTAN,01-SEP-88,H
3876,BOA00843, 000,MULTAN LYCEUM SCHOOL,20-21 LODHI COLONY MDA ROAD multan ,MULTAN,27-NOV-02,H
3877,BOA00447, 000,MULTAN PUBLIC SCHOOL,BOSAN ROAD MULTAN ,MULTAN,03-JAN-90,H
3878,BOA03863, 000,MULTAN SWISS HOTEL,"NORTHERN BY PASS GILLANI STREET,  BOSAN ROAD",MULTAN,01-NOV-24,H
3879,BOA02748, 000,MULTI TASK COMPANY (CHAAYE KHANA),"24-A, GULGASHT COLONY, MULTAN",MULTAN,01-NOV-17,H
3880,BOA03223, 000,MYCO GROUP OF COMPANIES (DHA MULTAN),65 JAFAR TWON SHER-E-RABBANI CHOWK LINK RIWIND ROAD LAHORE,MULTAN,01-JAN-18,H
3881,BOA01306, 000,Multan college of THE EDUCATOR,PEER KHURSHEED COLONY NEAR CITY HOSPITAL,MULTAN,01-JUL-08,H
3882,BOA03627, 000,NAEEM ELECTRONICS MBR 1,CHUNGI # 6 BOSAN ROAD ,MULTAN,01-FEB-23,H
3883,BOA01286, 000,NAFEES MEDI CARE ,GULGHAST COLONY ,MULTAN,01-JUL-09,H
3884,BOA01240, 000,NAI ZINDGHI HOSPITAL ,scheeme mor nawab pur road ,MULTAN,01-JUL-08,H
3885,BID01963,BO002,NASEEM ENTERPRISES AND TRADING PVT LTD,93-A GULGASHT ROAD,MULTAN,01-SEP-19,H
3886,AAH01058,BO002,NATIONAL PROGRESSIVE DISTRIBUTORS (PVT) LTD ,"HOUSE#09,STREET NO.03,SHARIFABAD",MULTAN,01-SEP-17,H
3887,FAA00408,BO044,NATIONAL RURAL SUPPORT PROGRAM (NRSP),ALAMDAR GILLANI STREET NEAR NORTHERN BYPASS CHOWK MULTAN,MULTAN,01-APR-23,H
3888,BOA03841, 000,NAVEED CHICKEN BIRYANI & CHICKEN BROAST (GULGASHT),"OPP EMERSON UNIVERSITY, BOSAN ROAD MULTAN",MULTAN,01-AUG-24,H
3889,FAA01091,BO005,NAYATEL PVT LTD ,"NAGANA CHOWK NEAR BYCO PETROL PUMP, MULTAN BYPASS ROAD",MULTAN,01-JUN-22,H
3890,BOA02009, 000,NCBAE NATIONAL COLLEGE OF BUSINESS ADMIN ,11-B GULGHAST COLONY MULTAN ,MULTAN,01-JUN-12,H
3891,BIA01556,BO004,NEW AGE CABLES (PVT). LTD,"9-10 B-BLOCK, COMMERCIAL AREA MODEL TOWN MULTAN",MULTAN,01-OCT-23,H
3892,BOA01926, 000,NEW HEAVEN SCHOOL ,NORTHERN BY PASS SHALIMAR COLONY MULTAN ,MULTAN,01-OCT-12,H
3893,BOA01514, 000,NEWS CORNER,NEW BRANCH OPP FALCON HOUSE GOLE BAG ,MULTAN,01-JAN-11,H
3894,BOA03363, 000,NIGANA FILLING STATION,MODEL TOWN ROAD NIGANA CHOWK MULTAN,MULTAN,01-FEB-22,H
3895,BOA02109, 000,NIRALA SAMOSA CORNER,CHOWK JALAL MASJID GULGASHT MULTAN,MULTAN,01-JUL-10,H
3896,BOA02257, 000,NISHAT COLLEGE OF SCCIENCE,LODHI COLONY MULTAN,MULTAN,05-DEC-14,H
3897,BOA03549, 000,NISHAT COLLEGE OF SCIENCE (FOR GIRL),29-OFFICERS COLONY KHANEWAL ROAD ,MULTAN,01-JUL-22,H
3898,BOA00499,BO001,NISHAT HIGHer secondary SCHOOL SHALIMAR,"SHALIMAR COLONY, BOSAN ROAD NEAR TOYATA MOTORS, MULTAN",MULTAN,01-NOV-93,H
3899,BOA00499,BO004,NISHAT JUNIOR BOYS SCHOOL (pkc),PIR KHURSHID COLONY ,MULTAN,01-JAN-08,H
3900,BGA51231,BO001,NISHAT LINEN PVT LTD ,"CRYSTAL MALL BOSAN ROAD, GULGASHT MULTAN",MULTAN,15-FEB-12,H
3901,BOA00499,BO008,NISHAT SCHOOL ,DHA MULTAN,MULTAN,01-JUL-24,H
3902,BOA00499,BO002,NISHAT boys high SCHOOL ,lodhi colony NAWAB PUR ROAD ,MULTAN,01-MAR-96,H
3903,BOA02601, 000,NISHATIAN GRAMMER SCHOOL,BAND BOSAN MULTAN,MULTAN,01-JAN-14,H
3904,BOA01701, 000,NOBLES COLLEGE FOR GIRLS,6-A GULGASHT COLONY BOSAN ROAD MULTAN,MULTAN,01-DEC-11,H
3905,BOA02841, 000,NOUKHAZ PUBLIC SCHOOL (SHALIMAR),"SHALIMAR COLONY, AL KHAIR SCHOOL ROAD",MULTAN,01-APR-18,H
3906,BOA02636, 000,NUM NUM FOODS (FAST FOOD OUT LET),JALAL MASJID CHOWK GULGHAST COLONY ,MULTAN,01-OCT-16,H
3907,BQA00719,BO001,O FIVE ,"95-A GOL BAGH ROAD, GULGHAST COLONY MULTAN",MULTAN,01-JUN-23,H
3908,BOA00863, 000,OLIVE TREE HOUSE SCHOOL,"House # 2B-1 (Old Passport Office Building),? Gulgasht Colony? Multan",MULTAN,01-SEP-02,H
3909,BOA03362, 000,ONE LIFE STORE ,MALL OF MULTAN SHOP 7 GROUND FLOOR BOSAN ROAD MULTAN,MULTAN,01-NOV-21,H
3910,BOA02710, 000,OREGANO PIZZA ,23 / A PEER KHURSHEED COLONY ,MULTAN,01-JUL-17,H
3911,BIB02119,BO001,ORIENT ELECTRONICS (PVT) LTD,SOUTHREN BY PASS MODEL TOWN OFF BOSAN ROAD,MULTAN,01-OCT-07,H
3912,AAG01170,BO003,ORIENT TEXTILE MILLS LIMITED (SHOP),93-A OPPOSITE TO PAKISTAN POST PIZZA HUT ROAD GULGASHT COLONY,MULTAN,01-OCT-20,H
3913,BOA01098, 000,OSMAN CNG STATION ,NEAR LASANI GARDEN HOTEL BOSAN ROAD MULTAN ,MULTAN,01-JUL-08,H
3914,AAC00245,BO002,OSMANI AND COMPANY PVT LTD,HOUSE NO.106 GULSHAN E MEHAR COLONY BOSAN ROAD,MULTAN,12-MAY-15,H
3915,BOA02872, 000,OSTERIA FUSION & AL BAHAR OSTERIA,"50-A, GULGASHT COLONY",MULTAN,01-JAN-18,H
3916,BOA02869, 000,OUTFITTERS STORES (S330),"2ND FLOOR, MALL OF MULTAN, BOSAN ROAD",MULTAN,01-MAY-18,H
3917,BOA02038,BO001,OUTFITTERS STORES ETHNIC,94 - A GULGHAST COLONY ,MULTAN,15-SEP-15,H
3918,BOA02038, 000,OUTFITTERS STORES S141,95 - A GULGHAST COLONY ,MULTAN,01-MAR-13,H
3919,BOA02982, 000,OUTFITTERS STORES S178,"GROUND FLOOR, MALL OF MULTAN, BOSAN ROAD",MULTAN,01-AUG-18,H
3920,AAB00068,BO006,OXFORD UNIVERSITY PRESS,NEAR NBP GOAL BAGH GULGHAST COLONY MULTAN,MULTAN,01-DEC-97,H
3921,BOA00563, 000,PAK ASKARIA MODEL SCHOOL,ALLAH SHAFI  CHOWK MDA ROAD ,MULTAN,01-JAN-96,H
3922,BOA01548, 000,PAK CLOTH SALES DEPOT,CHOWK JALAL MASJID GULGASHT COLONY ,MULTAN,01-MAY-11,H
3923,BOA00683, 000,PAK NATIONAL DISTRIBUTORS, adda bagh wala near main gate b z u BOSAN ROAD ,MULTAN,01-JAN-01,H
3924,BOA01001, 000,PAK SECURITY SERVICES (PVT) LTD,6-LAWYERS COLONY CHUNGI NO.9 ,MULTAN,01-OCT-06,H
3925,BOA00931,BO002,PAK-TURK MAARIF INTERNATIONAL SCHOOLS & COLLEGES,"MPS ROAD, BEHIND MODEL TOWN MULTAN",MULTAN,01-MAR-24,H
3926,BOA02022, 000,PAKISTAN LIONS YOUTH COUNCIL,786/6 SHALIMAR COLONY BEHAIND TOYOTA MOTORS BOSAN ROAD ,MULTAN,01-APR-13,H
3927,BOA01477, 000,PAKISTAN PILOT SCHOOL,MILLAT ROAD PIR KHURSHEED COLONY ,MULTAN,01-JAN-11,H
3928,FAA00695,BO001,PATTAN DEVELOPMENT ORGANISATION MULTAN ,MOUZA BAHADUR PUR BOSAN ROAD MULTAN ,MULTAN,01-JAN-99,H
3929,BOA01855, 000,PEACE INTERNATIONAL SCHOOL ,BAHDUR PUR CHOWK BOSAN ROAD MULTAN ,MULTAN,01-JUL-10,H
3930,BIA00016,BO005,PEL SERVICE CENTRE,officers colony near UCL COLLEGE MULTAN,MULTAN,01-JUL-92,H
3931,BOA03701, 000,PIZZA MAX MULTAN,"30-A, GULGHAST AVENUE, MULTAN",MULTAN,01-JUL-21,H
3932,BOA01142, 000,PLATINUM PHARMACEUTICALS PVT LTD,HOUSE52 GULSHAN-E- MAHER COLONY CHUNGI6 BOSAN RO,MULTAN,01-JUL-09,H
3933,BOA03931, 000,POWER WING SERVICES ,"1429 QUAID E AZAM ROAD, NEW NORTH GULGHAST MULTAN",MULTAN,01-AUG-25,H
3934,BOA01287, 000,PREMIER PUBLIC SCHOOL ,OPP TOYOTA MOTORS SHOW ROOM BOSAN ROAD ,MULTAN,01-JUL-08,H
3935,BOA00645, 000,PRIDE SECURITY SERVICES,40 PRACHA BUILDING GOAL BAGH GULGASHT COLONY ,MULTAN,04-JAN-00,H
3936,AAE01449,BO012,"PRIME HUMAN RESOURCE SERVICES pVT LTD,INBOX MULTAn",C /O INBOX NAKA CHOWK NORTH GULGHAST ,MULTAN,01-DEC-16,H
3937,BOA02606, 000,PRIME life GIRLS HOSTEL,"GULSHAN E MEHR COLONY, MULTAN",MULTAN,01-JUL-16,H
3938,BOA02984, 000,PRO-HEALTH (C/O BUCH INTERNATIONAL HOSPITAL),"BUCH INTERNATIONAL HOSPITAL BUCH VILLAS, NEAR BZU",MULTAN,01-APR-18,H
3939,AAE00984,BO116,PROFESSIONAL EMPLOYEES PVT LTD CYBERNET,"1-C JHELUM BLOCK GREEN FORTS 2, CANAL ROAD",LAHORE,01-FEB-23,H
3940,BOA03286, 000,PROPSURE DIGITAL SOLUTIONS (PVT) LTD.,"5TH FLOOR CITY TOWER, CHUNGI # 9",MULTAN,01-JUL-21,H
3941,BOA03284, 000,PROTON ZAKARIA MOTORS MULTAN,CRYSTALL MALL PLAZA CHUNGI # 9 OPPOSITE PSO PUMP,MULTAN,01-APR-21,H
3942,BOA03740, 000,"PSO, NASEEM II PETROLEUM SERVICES","NORTHERN BYPASS ROAD, NEAR SUZUKI SOUTH PUNJAB MULTAN",MULTAN,01-FEB-24,H
3943,BOA00959, 000,PUNJAB COLLEGE FOR WOMEN,13-B GULGASHT COLONY MULTAN,MULTAN,01-AUG-05,H
3944,BOA02751, 000,PUNJAB GROUP OF COLLEGES MULTAN,"MONZA BAHADUR PUR OPP. MEHMOOD KOT METRO STATION, NEAR NORTHERN BY PASS,",MULTAN,01-DEC-17,H
3945,BIB01134,BO006,PUNJAB RURAL SUPPORT PROGRAMME,Ahbab Colony Bahadarpur chowk bosan Road,MULTAN,01-JUL-98,H
3946,BOA00931,BO001,Pak-Turk Maarif International Schools and Colleges,SHalimar West opposite mall of multan bosan road,MULTAN,01-SEP-05,H
3947,BOA03846, 000,QAISER AND BROTHERS & JANITORIAL SERVICE PVT LTD,"janat vilas,ali street, taraf mubarak awal, multan   ",MULTAN,01-JUL-24,H
3948,FAA02216,BO016,QATAR CHARITY,AL QURESH HOUSING SOCIETY PHASE II MULTAN,MULTAN,01-NOV-25,H
3949,FAA02216,BO017,QATAR CHARITY,AL QURESH HOUSING SOCIETY PHASE II MULTAN,MULTAN,01-NOV-25,H
3950,BOA02667, 000,RAFIQ FILLING STATION ( PSO ),NAWAB PUR ROAD ,MULTAN,01-JAN-17,H
3951,BIA01991,BO078,RAFUM RETAIL PVT LTD(BORJAN SHOES SHOP),GOL BAGH-II (113/10 M QUAID E AZAM INDUSTRIAL ESTATE KOT LAKHPAT,MULTAN,01-NOV-24,H
3952,BIA01991,BO096,RAFUM RETAILS PVT. LTD,GOL BAGH MULTAN,ABBASPUR,01-APR-25,H
3953,BIA01991,BO087,RAFUM RETAILS PVT. LTD(BORJAN SHOES STORE,"UB/10- M, QUAID E AZAM INDUSTRIAL ESTATE KOT LAKHPAT LAHORE , MALL OF MULTAN OUTLET",MULTAN,01-APR-25,H
3954,BIA01991,BO097,RAFUN RETIAL PVT. LTD,MODEL TOWN MULTAN,MULTAN,01-APR-25,H
3955,BOA03368, 000,RANA TRADING CO (ROYAL TAG),PROPERTY#12-A OPP WASA OFFICE GULGUSHT COLONY MULTAN,MULTAN,01-FEB-22,H
3956,BOA01494,BO001,RASHEED COLD CORNER,"GOAL BAGH, BOSAN ROAD, MULTAN",MULTAN,01-JUL-21,H
3957,BOA01494,BO003,RASHEED COLD CORNER (DHA),"MAIN BOULEVARD, COMMERICAL MARKET BOSAN ROAD GATE DHA",MULTAN,01-JAN-25,H
3958,BOA01494, 000,RASHEED COLD DRINK CORNER,CHOWK JALAL MASJID GULGASHT MULTAN,MULTAN,15-FEB-11,H
3959,BOA01494,BO002,RASHHED COLD CORNER,MODEL TOWN BYPASS MULTAN,MULTAN,01-JAN-22,H
3960,BOA01541, 000,RAZIA IQBAL MEDICAL CENTRE,9-SHALIMAR COLONY LANE 2 BOSAN ROAD ,MULTAN,01-JUL-02,H
3961,BOA02630, 000,READ (THE SCHOOL SHOP ),OPP NEWS CORNER GOAL BAGH GULGHAST COLONY MULTAN ,MULTAN,01-JUL-16,H
3962,AAE03690,BO012,RESOURCE LINKED (PVT) LIMITED C/O LEVI'S,"LEVI'S SHOP, SHOP # 93-A, GULGHAST COLONY, MULTAN",MULTAN,01-NOV-25,H
3963,BIB03805,BO007,RETAIL CONCEPTS(BREAK OUT),14-A POST OFFICE ROAD NEAR HARDEES GULGUSHT COLONY MULTAN,MULTAN,01-MAR-22,H
3964,BOA03365, 000,REVIVE MENS LOUNGE,105-B GULGASHT COLONY MULTAN,MULTAN,01-JUL-21,H
3965,BOA03250, 000,RI-ASSOCIATE SMC-PRIVATE LIMITED,RI-ASSOCIATE FIRST FLOOR NATIONAL PHARMACY NEAR DHA MAIN GATE ,MULTAN,19-OCT-20,H
3966,BOA03969, 000,RICHEESE,"PLOT #123, B BLOCK, MODEL TOWN ",MULTAN,01-NOV-25,H
3967,BOA01305, 000,RISE COLLEGE OF SCIENCE ,1972-PEER KHURSHEED COLONY OPP NISHAT H/ SCHOOL ,MULTAN,01-JUL-09,H
3968,BOA01288, 000,RISE COOLEGE OF SCIENCE / SCHOOL OF ACCOUNTANCY,11-B GULGHAST COLONY BOSAN ROAD MULTAN ,MULTAN,01-JUL-08,H
3969,BOA02725, 000,RIZWAN PETROLIUM SERVICE (PSO),NORTHERN BY PASS NEAR WAPDA TOWN PHASE #01,MULTAN,01-MAR-17,H
3970,BOA03057, 000,RMCON ENGINEERS & CONTRACTORS,"MASOOD HOUSE OPP NASHEMAN COLONY,NEAR DAR E ARQAM SCHOOL",MULTAN,01-JUL-19,H
3971,BOA01764, 000,ROOP BEAUTY PARLOUR ,NAFEES MEDICARE HOSPITAL ROAD ,MULTAN,01-JUL-10,H
3972,BOA03880, 000,ROOTS MILLENNIUM SCHOOL,1 MPS ROAD NEAR SAYINDA WALA BYPASS ,MULTAN,01-FEB-25,H
3973,BOA02300, 000,ROYAL DEVELOPER BUILDERS PVT LTD,MULTAN PUBLIC SCHOOL ROAD ,MULTAN,01-JUL-14,H
3974,BOA02373, 000,ROYAL INSTITUTE OF MEDICAL SCIENCES( RIMS)," Bosan Rd, A Block Gulgasht Colony,",MULTAN,01-JUL-13,H
3975,BOA03387, 000,ROYAL INTERNATIONAL SCHOOL ,MAIN NORTHERN BYPASS CHOWK BOSAN ROAD MULTAN,MULTAN,01-AUG-21,H
3976,BOA03030, 000,ROYAL SELECTION,"COMMERCIAL AREA BUCH VILLAS OFFICE NO. 1,",MULTAN,01-JAN-19,H
3977,BOA03910, 000,ROYAL SOLOR ENERGY PVT LTD,888/9 E NEAR PTCL EXCHANGE CHUNGI NO 6 MULTAN,MULTAN,01-JAN-25,H
3978,BOA03698, 000,ROZNAMA QAUM,AMEERABAD NEAR FIA OFFICE MULTAN,MULTAN,01-JUL-23,H
3979,BOA02463, 000,RS & F DISTRIBUTION HOUSE,ADDA BAGH WALA NEAR BZU CHOWK BOSAN ROAD ,MULTAN,01-JAN-16,H
3980,BOA03777, 000,RUMANZA BY PERAL CONTINENTEL,RUMANZA DHA MULTAN,MULTAN,01-JAN-24,H
3981,BOA02680, 000,S&T Merchandise (Pvt) Ltd,19 -A NEAR GPO GULGHAST COLONY ,MULTAN,01-MAR-17,H
3982,AAG01512,BO001,S. S ENTERPRISES,C/O METRO PAKISATAN (PVT) LTD BOASAN ROAD MULTAN,MULTAN,01-SEP-20,H
3983,BOA02679, 000,SABIR  CUISNE ( RESTURANT),19 - A NEAR GPO GULGHAST COLONY ,MULTAN,01-MAR-17,H
3984,BOA02853, 000,SAEED AJMAL STORE,"CRYSTAL MALL, CHUNGI NO. 9, BOSAN ROAD",MULTAN,01-APR-18,H
3985,BOA02726, 000,SAIBAN KISAN SOCIETY,SKS  HOUSE#02 STREET#30 ZAKARIYA TOWN ,MULTAN,01-APR-17,H
3986,BIB02448,BI010,SAID NAAM PVT LTD(MOCCIANI GULGASHT),"PLOT NO.30A, PIZZA HUT ROAD, GULGASHT COLONY",MULTAN,01-JUN-19,H
3987,BOA02332, 000,SAKIMS ACADMEY ,NEAR EAT-ON RESTURANT CHANGI#09 BOSAN ROAD ,MULTAN,01-JUL-14,H
3988,BOA02255, 000,SAMAR DESIGNERS COLLECTION ,12-A GULGHAST COLONY ,MULTAN,01-OCT-14,H
3989,BOA02370, 000,SANA SAFINAZ ,RAYWEL PLAZA SHOP#1/2 GROUND FLOOR GULGHAST COLONY ,MULTAN,01-JAN-15,H
3990,BIA02991,BO001,SAPPHIRE FILLING STATION,CHOWK SAIDAN WALA BY PASS ,MULTAN,01-JUL-19,H
3991,BIA04573,BO012,SAPPHIRE RETAIL LIMITED,"SAPPHIRE MAIN GULGASHT,PIZZA HUT ROAD",MULTAN,01-DEC-18,H
3992,BOA03161, 000,SARCO PVT LTD PROJECT OF DHA,DHA PROJECT BOSAN ROAD,MULTAN,01-NOV-19,H
3993,BOA03835, 000,SATHI FOUNDATION ,"HOUSE NO 6, BAJWA HOUSE, GULGHAST COLONY NAKKA CHOWK MULTAN",MULTAN,01-JUL-24,H
3994,BOA03836, 000,SATHI FOUNDATION (2),"NEW SHALIMAR COLONY ST # 10, MULTAN",MULTAN,01-JUL-24,H
3995,BOA00669, 000,SCHOLARS COLLEGE,"LMQ ROAD, OPP BRITISH UNIVERSITY COUNCIL, MULTAN",MULTAN,01-APR-99,H
3996,BOA02696, 000,SCIENCE SCHOOL,KHAN VILLAGE ROAD NEW NORTH GULGHAST,MULTAN,01-JAN-17,H
3997,BOA01904, 000,SCIENCE SCHOOL ,NEAR SIAA CNG STATION LMQ ROAD MULTAN ,MULTAN,01-JUL-10,H
3998,BOA02868, 000,SECURITY 2000 PVT. LTD. (METRO MULTAN PROJECT),"HOUSE 39, LODHY COLONY, NEAR ALLAH SHAFI ROAD, MULTAN.",MULTAN,01-JAN-17,H
3999,BIA02418,BO036,SEEFAM PVT LTD(ALL GUGASHAT BRANCHES & MALL OF MUL,BREEZE SHOP TEHSIL CHOWK GUGASHAT COLONY,MULTAN,01-JAN-21,H
4000,BIA00013,BO092,SERVIS SHOES STORE SB-146,"BOSAN ROAD MALL OF MULTAN, MULTAN",MULTAN,01-AUG-23,H
4001,BIA00013,BO039,SERVIS SHOES-SB062(SERVICE INDUSTRIES LIMITED),"GARDEZI MARKET NEAR JALAL MASJID CHOWK GULGHAST COLONY, MULTAN",MULTAN,01-APR-21,H
4002,BOA03332, 000,SF ENTERPRISES ,108-A MUSA CENTER GULGUSHT COLONY MULTAN,MULTAN,01-JUL-21,H
4003,BOA02126, 000,SH FAZAL U REHMAN CONTRACTOR PARKING ,C/O CITY HOSPITAL PEER KHURSHEED COLONY ,MULTAN,01-JAN-14,H
4004,BOA03908, 000,SH IQBAL AKHTAR & CO.,HOUSE NO 30 KAREEM GARDEN DPS ROAD MIAN CHANNU ,MIAN CHUNNU,01-MAR-25,H
4005,AAD05245,BO003,SHAFFER & CO.,"95-A, GOL BAGH ROAD, GULGHAST COLONY, MULTAN",MULTAN,01-JUN-23,H
4006,BOA01019, 000,SHAH JAHAN BANQUET HALL,8-OFFICERS COLONY MULTAN ,MULTAN,01-JAN-08,H
4007,BOA01952, 000,SHAH JAHAN GRILL ,OPP PIZZA HUT GULGHAST COLONY MULTAN ,MULTAN,01-NOV-12,H
4008,BOA01349, 000,SHAHWAR FOUNDATION SCHOOL (BOSAN ROAD CAMPUS),GULSHAN MEHR COLONY BOSAN ROAD MULTAN ,MULTAN,01-JUL-09,H
4009,BOA03023, 000,SHANGRILLA BAKERS,"16-B OFFICERS COLONY, BOSAN ROAD",MULTAN,01-JAN-19,H
4010,BOA01154, 000,SHANGRILLA CUISINE,16-B OFFICERS COLONY BOSAN ROAD MULTAN ,MULTAN,01-SEP-09,H
4011,BOA03378, 000,SHANGRILLA CUISINE BAKERS & SWEETS,MODEL TOWN CHOWK MULTAN,MULTAN,01-JUL-21,H
4012,BOA03781, 000,SHANGRILLA ROYAL ORCHARD MARQUEE,"MPS ROAD, ROYAL ORCHARD MULTAN",MULTAN,01-JUN-23,H
4013,BOA01052, 000,SHARIF FILLING STATION,20-A TEHSIL CHOWK GULGASHT ,MULTAN,18-JAN-08,H
4014,BIA00013,BO008,SHOE BOX (SERVICE INDUSTRIES),"TEHSIL CHOWK, GULGASHT COLONY",MULTAN,01-SEP-18,H
4015,BIA01958,BO009,SICAS KIDS CAMPUS,"8, 24 SECTOR D PHASE 1 DHA",MULTAN,01-JUN-19,H
4016,AAE00703,BO068,SIZA FOODS PVT LTD,MCDONALD'S KIOSK # 10 4TH FLOOR FOOD COURT MALL OF MULTAN,MULTAN,01-FEB-23,H
4017,BOA03595, 000,SKECHERS SHOES PVT LTD,PLOT NO 34 A OPPOSSITE CHAY KHANA GULGHAST,MULTAN,21-OCT-22,H
4018,BIA04336,BO002,SKILLS HUB (PVT.) LTD.,"STREET # 2, SABZA ZAR COLONY, BOSAN ROAD, MULTAN",MULTAN,01-JAN-17,H
4019,BOA01757, 000,SLEEK BEAUTY PARLOUR ,NEAR NEAL KOT BOSAN ROAD MULTAN ,MULTAN,01-JUL-10,H
4020,BOA03675, 000,SMART CLEANING SOLUTION ,"SUIT NO 1, 1ST FLOOR, M-BLOCK, MODEL TOWN LAHORE",MULTAN,01-NOV-23,H
4021,BOA03958, 000,SNM HOLDINGS (PVT) LTD,FUN N MUCH OFFICE 101 MAIN BOULEVARD DHA MULTAN ,MULTAN,01-OCT-25,H
4022,BOA03834, 000,SOGHAAT RESTURANT ,"HEAD MUHAMMAD WALA ROAD, MULTAN ",MULTAN,01-JUL-24,H
4023,BOA02168, 000,SOUK SUPER MARKET,NEEL KOT BOSAN ROAD,MULTAN,01-JAN-13,H
4024,BOA03696, 000,SOUTH TODAY,ISP UNIVERSITY BOSAN ROAD MULTAN,MULTAN,01-JUL-23,H
4025,BOA02438, 000,SOUTHERN PETROLEUM PVT.LTD,48-L BUSINESS CITY PLAZA BOSAN ROAD MULTAN,MULTAN,24-JUN-15,H
4026,BOA02992, 000,STAR BROTHERS CLEANING SERVICES,"1ST FLOOR MALL OF MULTAN, BOSAN ROAD",MULTAN,01-SEP-18,H
4027,BOA03481, 000,STARS ACADEMY,"NEAR CITY HOSPITAL, PEER KHURSHEED COLONY MULTAN",MULTAN,01-JUL-18,H
4028,BOA02575, 000,STYLO FRANCHISE CS Gulgasht,9 - A OPP PIZZA HUT GULGHAST COLONY ,MULTAN,09-DEC-16,H
4029,BOA03583, 000,STYLO FRANCHISE-WH 1237,"PLOT # 106, BLOCK A COMMERICAL MARKET MODEL TOWN",MULTAN,10-DEC-22,H
4030,BOA01171, 000,STYLO Franchise GULGAShT,430-C GARDAZI MARKET GULGHAST COLONY MULTAN ,MULTAN,01-JUL-09,H
4031,BOA02675, 000,SUBWAY (GULGHAST BRANCH),10 -A  GULGHAST COLONY ,MULTAN,01-MAY-16,H
4032,BOA02676, 000,SUBWAY (WAPDA TOWN BRANCH),WAPDA TOWN PHASE #01 NORTHERN BY PASS ,MULTAN,01-JAN-17,H
4033,BIA01799,BO001,SUPER SPACE ,"3RD FLOOR, MALL OF MULTAN, BOSAN ROAD",MULTAN,01-SEP-18,H
4034,BOA03859, 000,SUPER SPACE (AA JOYLAND PVT LTD),"4TH FLOOR, SHARIF COMPLEX, GULGASHT COLONY",MULTAN,01-NOV-24,H
4035,BOA01163,BO001,SUPER TECH SERVICE C/O PROJECT DHA MULTAN,DHA MULTAN CHAPTER BOSAN ROAD ,MULTAN,14-DEC-16,H
4036,BOA01896, 000,SUPERIOR GRAMMER SCHOOL,"mps road, near bosan road multan ",MULTAN,01-JUL-12,H
4037,BOA01033, 000,SUPERIOR GROUP OF COLLEGES,BOSAN ROAD ,MULTAN,01-MAR-08,H
4038,BOA02727, 000,SUZUKI  SOUTH PUNJAB ,Northern Bypass Road Multan,MULTAN,01-JUL-17,H
4039,BOA03543, 000,SWEET CREME ,GULGHAST COLONY OPPOSITE CHAY KHANA ,MULTAN,01-SEP-22,H
4040,BIA01044,BO006,SYSTEMS LIMITED,842/23 BOSAN ROAD NEAR NORTHERN BYPASS SABAZAR COLONY ,MULTAN,01-OCT-22,H
4041,BOA02164, 000,Sakims COLLEGE FOR BOY,SEYAL STREET ASHRIF COLONY BOSAN ROAD ,MULTAN,01-JAN-13,H
4042,BOA03011, 000,Super ready mix concrete,"ADDA SHAH PUR, BOSAN ROAD",MULTAN,01-JAN-19,H
4043,BOA02605, 000,TABBASH FOODS FAMILY RESTAURANT,JALAL MASJID ROAD GULGHAST COLONY ,MULTAN,01-SEP-16,H
4044,BOA02128, 000,TASTY STUDENT ZAIQUA ,NEAR JALAL MASJID GULGHAST COLONY ,MULTAN,15-MAY-14,H
4045,BOA02294, 000,TAYYAB PETROLEUM SERVICES (BYCO),NORTHERN BY PASS OPP PSEHS.,MULTAN,01-APR-15,H
4046,BOA03145, 000,TEHZEEB BY TASTY,ROYAL ARCHARD HOUSIONG COLONY MULTAN PUBLIC SCHOOL ROAD,MULTAN,01-APR-20,H
4047,BOA00956,BO002,THAHEEM CONSTRUCTION COMPANY (C/O BUCH HOSPITAL),"BUCH INTERNATIONAL HOSPITAL, BUCH VILLAS, NEAR BZU ",MULTAN,01-APR-18,H
4048,BOA03046, 000,THE ATLAS SCHOOL,"OPP BZU, BOSAN ROAD ",MULTAN,01-MAR-19,H
4049,BOA03124, 000,THE BRILLIANT TRAINING HOME,H # 10 DERA NOON STREET NASHEMAN COLONY BOSAN ROAD,MULTAN,01-FEB-20,H
4050,BOA02051, 000,THE CANTERBURY SCHOOL ,BOSAN ROAD ,MULTAN,01-JUL-12,H
4051,BOA01375, 000,THE CITY CNG AND SERVICES ,CHOWK PEER KHURSHEED COLONY ROAD MULTAN ,MULTAN,01-OCT-09,H
4052,AAC01467,BO039,THE CITY NURSERY,34-A OFFICERS COLONY ,MULTAN,01-SEP-00,H
4053,AAC01467,BO025,THE CITY SCHOOL MULTAN,Near NCBA nothren by pass,MULTAN,01-MAR-96,H
4054,BOA03337, 000,THE CLOSET,"ADIDAS SHOP NO.93 GULGUSHT COLONY, MULTAN",MULTAN,01-FEB-22,H
4055,BOA01928, 000,THE COUNTRY SCHOOL (SHALIMAR CMPUS ),SHALIMAR COLONY BOSAN ROAD MULTAN ,MULTAN,01-SEP-11,H
4056,BOA02996, 000,THE DUKE HIGH SCHOOL,"MILLAT CHOWK, NAWAB PUR ROAD, NEAR CHUNGI NO 08",MULTAN,01-JUL-18,H
4057,BOA02011, 000,THE EDUCATIONAL TORCH BEARERS  PVT LTD,11-A GULGHAST COLONY ,MULTAN,01-JUL-11,H
4058,BOA02693, 000,THE EDUCATIONAL TORCH BEARERS (PVT) LTD.,OPP BZU METRO BUS TERMINAL BOSAN ROAD ,MULTAN,01-JAN-17,H
4059,BOA01979, 000,THE EDUCATOR REGIONAL OFFICE ,96-A/1 GULGHAST COLONY ,MULTAN,01-AUG-12,H
4060,BOA00762, 000,THE EDUCATORS,33-A GULGASHT COLONY ,MULTAN,10-DEC-02,H
4061,BOA02194, 000,THE EDUCATORS NAWAB PUR CAMPUS,NAWAB PUR ROAD BASTI NAWAB PUR,MULTAN,01-JAN-14,H
4062,BOA03123, 000,THE FITTEST SERVICES INTERNATIONAL,H# 15 ALAMDAR STREET NORTHERN BY PASS BOSAN ROAD,MULTAN,01-FEB-20,H
4063,BOA02192, 000,THE KNOWLEDGE SCHOOL TAHA CAMPUS,94-96 LODHI COLONY OBHHAYA MARKET ,MULTAN,01-JAN-14,H
4064,BOA01291, 000,THE LAHORE LYCUM (MULTAN CAMPUS ),12-B GULGHAST COLONY BOSAN ROAD MULTAN ,MULTAN,01-JUL-09,H
4065,BOA00670, 000,THE NATIONAL COLLEGE OF COMPUTER SCIENCE,BOSAN ROAD ,MULTAN,01-JAN-98,H
4066,AAE01492,BO022,THE POTATO FACTORY INTERNATIONAL(OPTP) MALL OF MUL,"4TH FLOOR, FOOD COURT, MALL OF MULTAN, BOSAN ROAD",MULTAN,01-JUL-20,H
4067,BOA03673, 000,THE SICILAIN/DESPARADO,24/A KAMRAN PLAZA PEER KHURSHEED COLONY MULTAN,MULTAN,01-SEP-23,H
4068,BOA02333, 000,THE SMART SCHOOL ,26- A OPP CITY SCHOOL GULGHAST COLONY ,MULTAN,01-MAY-15,H
4069,BOA02629, 000,THE SUPERIOR SCHOOL,MODEL TOWN T CHOWK NORTHERN BY PASS,MULTAN,01-JUL-16,H
4070,BOA01895, 000,THE UNIVERSAL INSURANCE,OFFIC NO-55 1-FLOOR BUSINESS CITY CENTER BOSON ROAD,MULTAN,01-JUL-12,H
4071,BOA03122, 000,THINK I TECH SERVICES,URDU BAZAR GOL BAGH BOSAN ROAD ,MULTAN,01-MAR-20,H
4072,BOA03670,BO001,TIMES CONSULTANT BOSAN ROAD,"MAIN BOSAN ROAD, BESIDES K K MART ",MULTAN,01-FEB-24,H
4073,BOA03257, 000,TMT YHB (JV) PVT LTD,SECTOR R DHA ,MULTAN,01-AUG-20,H
4074,BOA03398, 000,TONI AND GUY,"C-5 A-BLOCK, MODEL TOWN, MULTAN ",MULTAN,01-FEB-22,H
4075,BOA00523, 000,TOYOTA MULTAN MOTORS pvt ltd.,BOSAN ROAD ,MULTAN,01-JAN-95,H
4076,BOA01094, 000,TREND STORE,25-B GULGHAST COLONY MULTAN ,MULTAN,01-JUL-08,H
4077,BOA02381, 000,U&I Garments (Pvt) Ltd - JDOT- Multan-03 Gulgahst,SHOP#10 / A GUGHAST COLONY ,MULTAN,01-MAR-15,H
4078,BOA01505, 000,U.C.L BUSINESS SCHOOL MULTAN,BLOOMFIELD HALL UPPER SCHOOL MULTAN PUBLIC SCHOOL ,MULTAN,02-OCT-10,H
4079,BOA01767, 000,UMM AL QURA EDUCATION SYSTEM ,HOUSE #268 BLOCK -B GULGHAST COLONY ,MULTAN,01-JAN-10,H
4080,AAE01274,BO017,UNIQUE FOOD SERVICE CO PVT LTD( DOMINS PIZZA )    ,93 - A GULGHAST COLONY NEAR GOAL BAGH ,MULTAN,01-JUL-17,H
4081,BOA01085, 000,UNITED CNG FILLING STATION ,SHALIMAR COLONY MAIN BOSAN ROAD MULTAN,MULTAN,01-JUL-08,H
4082,BOA02254, 000,UNITED CUISINE ,32-A GULGHAST COLONY ,MULTAN,01-NOV-14,H
4083,BOA02470,BO001,UNITED MALL GULGASHT,21-A GULGASHT COLONY OPP ISP GULGASHT,MULTAN,01-JAN-18,H
4084,BOA02470,BO002,UNITED MALL GULGASHT,21A GULGASHT COLONY OPPOSIT ISP GULGASHT BOSAN ROAD,MULTAN,01-JAN-18,H
4085,AHA00356,BO008,UNITED REFRIGERATION INDUSTRIES LTD, 06 NO CHUNGI OPP PTCL EXCHANGE BOSAN ROAD,MULTAN,01-JUL-94,H
4086,BOA02520, 000,UNIVERSAL CINEMA ,"H # 6, ST # 17, Samanabad Lahore",LAHORE,01-JAN-16,H
4087,BOA01300, 000,UNIVERSITY FILLING STATION (PSO ),BADHAR PUR BOSAN ROAD ,MULTAN,01-JUL-08,H
4088,BID00045,BO028,UNIWORTH APPAREL (PRIVATE) LIMITED,"SHOP # 30-A, GULGASHT COLONY, MULTAN",MULTAN,01-JUL-17,H
4089,BOA03126, 000,URBAN SOLE ,GUGASHT COLONY BOSAN ROAD,MULTAN,01-JAN-19,H
4090,AAC01142,BO005,VIKOR ENTERPRISES PVT LTD,2352 WARD NO.XXIV NEAR MALL OF MULTAN BOSAN ROAD,MULTAN,01-JAN-19,H
4091,BOA03226, 000,WAJID & CO PVT LTD (DHA MULTAN),"ASKARI PHASE-III BEHIND AREANA HOTEL , DHA MULTAN",MULTAN,01-JAN-18,H
4092,BOA01506, 000,WALI FOODS,424-C GULGASHT COLONY,MULTAN,01-JAN-11,H
4093,BOA01133, 000,WAPDA EMPLOYEES COOP HOUSING SOCIETY LTD MULTAN ,WAPDA TOWN MDA NORTHERN BY PASS ROAD MULTAN ,MULTAN,01-JAN-96,H
4094,BOA02744, 000,WARDA DESIGNER COLLECTION PVT LTD,WARDA GULGASHT GOL BAGH ROAD,MULTAN,01-JUL-17,H
4095,BOA03294, 000,WHAT A PARATHA MULTAN,249 B NEAR GIRLS COMPREHENSIVE SCHOOL GULGASHT ,MULTAN,01-APR-20,H
4096,BIA02432,BO007,WORLD WIDE FUND FOR NATURE -PAKISTAN," WWF-Pakistan |Regional Office, H. No. 1640, Galaxy Town, Bosan Road, Multan",MULTAN,01-MAR-21,H
4097,BOA03048, 000,X-2 RESTAURANT,"25-A, GULGASHT COLONY",MULTAN,01-FEB-19,H
4098,BOA02052, 000,YAHYA PAKWAN ,OPP-LADIS PARK GULGHAST COLONY ,MULTAN,01-JUL-12,H
4099,BOA03738, 000,YCDO HOSPITAL BOSAN ROAD ,BOSAN RAOD NEAR CITY HOSPITAL MULTAN,MULTAN,01-JAN-23,H
4100,BOA03156, 000,YOUNAS RESTURANT,"ADDA BAND BOSAN, BOSAN ROAD",MULTAN,01-JUL-19,H
4101,BIA01418,BO003,YUMMY MILK PRODUCTS LTD (MULTAN ) ,BAHADUR PUR CHOWK BOSAN ROAD MULTAN ,MULTAN,01-JUL-08,H
4102,BOA02159, 000,YUMS SWEET AND BAKERS,NOTHERN BY PASS CHOWK BOSAN ROAD ,MULTAN,01-APR-14,H
4103,BBA02272,BO008,ZAHIR KHAN & BROTHERS ENGINEERS &CONSTRUCTORS,"DHA DEVELOPMENT PROJECT, DEFENCE HOUSING AUTHORITY,",MULTAN,05-SEP-17,H
4104,BOA00337, 000,ZAKARYIA PUBLIC SCHOOL,BOSAN ROAD MULTAN ,MULTAN,01-APR-88,H
4105,BOA01024, 000,ZAKFAS PHARMACUTICAL PVT LIMITED,12-KM BOSAN ROAD ,MULTAN,01-SEP-07,H
4106,BOA03483, 000,ZAMEEN.COM,"MODEL TOWN-A, NOTHERN BYPASS MULTAN",MULTAN,01-JUL-21,H
4107,BOA02384, 000,ZAMIR JUNIOR & GIRLS SCHOOL,NEAR LASANI GARDEN HOTEL BOSAN ROAD ,MULTAN,01-JUN-15,H
4108,BOA02386, 000,ZAMIR KIDS SCHOOL,GULSHAN E MEHR COLONY HOUSE#03 BOSAN ROAD ,MULTAN,01-JUN-15,H
4109,BOA00825, 000,ZAMIR PUBLIC SCHOOL,CHUNGI NO.6 BOSAN ROAD OPP GULSHAN MEHER COLONY ,MULTAN,27-NOV-02,H
4110,BOA02385, 000,ZAMIR PUBLIC SCHOOL AL QURESH CAMPUS,KASHIF STREET NEAR NORTHERN BY PASS CHOWK BOSAN ROAD ,MULTAN,01-JUN-15,H
4111,BOA02742, 000,ZAMIR SIR SYED PUBLIC SCHOOL,"ADDA BUND BOSAN, MULTAN",MULTAN,01-SEP-17,H
4112,BOA01296, 000,ZAVIA SCHOOL SYSTEM ,51- B GULGHAST COLONY MULTAN ,MULTAN,01-JUL-08,H
4113,BOA02666, 000,ZEENAT JAVEED MEDICAL COMPLEX,268 /B GULGHAST COLONY MAIN BOSAN ROAD ,MULTAN,01-APR-16,H
4114,AAH01269,BO001,ZELLBURY (AL-RAHIM RETAIL LIMITED),"PLOT 13-A,GOL BAGH ROAD, GULGASHT COLONY",MULTAN,01-APR-18,H
4115,BOA03961, 000,ZUBAIDA IRSHAD HOSPITAL ,LODHI COLONY NEAR AWAAN CHOWK MULTAN,MULTAN,01-APR-25,H
4116,BOA00818, 000,science school system,LODHI COLONY M.D.A ROAD ,MULTAN,27-NOV-02,H
4117,BTA00045,BO008,sheikhupura textile mills ltd (cross stitch),"SHOP # 15, GROUND FLOOR MALL OF MULTAN ",MULTAN,01-JAN-24,H
4118,BOA02105, 000,(KHANI FABRICS) IMPERIAL FABRICS,AZIZ SHAHEED ROAD IMPERIAL CHOWK,MULTAN,05-JUL-13,J
4119,BOA03714,BO001,7-SPICE RESTAURANT,HIGH COURT,MULTAN,01-MAY-24,J
4120,BOA03913, 000,A & S BROTHER ,HOUSE # 7A /1 ALTAF TOWN TARIQ ROAD ,MULTAN,01-APR-25,J
4121,BOA03345, 000,A-DEMAS JEWELLERS,"8-HASSAN ARCADE, MULTAN CANTT",MULTAN,01-JAN-19,J
4122,BOA03864, 000,AA ENTERPRISES (MULTAN AIRPORT),"INSIDE STAFF CAR PARKING, AT FAISALABAD INTERNATIONAL AIRPORT FAISLABAD",FAISALABAD,16-OCT-24,J
4123,BOA03939, 000,ABDULLAH CREATIVES,STAFF PARKING AREA NEAR CAA WELFARE CATEEN ,MULTAN,15-AUG-25,J
4124,AAB00345,BO012,ADAMJEE INSURANCE COMPANY LIMITED,HASSAN ARCADE CANTT MULTAN ,MULTAN,14-JUN-77,J
4125,BOA03669, 000,ADVANCED GI & LIVER TOWER,TANK CHOWK JAMILABAD NEAR AIRPORT ,MULTAN,01-SEP-23,J
4126,BLA01213,BO029,AFZAL ELECTRONICS,"NEAR EXCISE OFFICE, MDA CHOWK, MDA ROAD, MULTAN",MULTAN,01-NOV-17,J
4127,BOA00978, 000,AHMED FINE TEXTILE MILLS LIMITED (HEAD OFFICE),"59/3 Abdali Rd, Adali Colony, Multan",MULTAN,01-MAY-06,J
4128,BSA00122,BO001,AHMED FINE TEXTILE MILLS LTD S.U.(H.O),1ST FLOOR INERNATIONAL PLAZA BOHRA STREET MULTAN,MULTAN,01-DEC-92,J
4129,BOA00569,BO003,AHMED FIne weaving LTD W.U.2H.O,1ST FLOOR INERNATIONAL PLAZA BOHRA STREET MULTAN,MULTAN,11-MAY-04,J
4130,BOA00569, 000,AHMED FIne weaving LTD. u-1 H.o,1ST FLOOR INTERNATIO NAL PLAZA BOHRA STRE ET ,MULTAN,01-JUN-96,J
4131,BOA01537, 000,AHMED SWEETS,CHOEK MDA ,MULTAN,01-JUL-10,J
4132,BOA03914, 000,AHS CLEANING SERVICES PVT LTD,HOUSE # 7A/1 ALTAF TOWN TARIQ ROAD ,MULTAN,01-APR-25,J
4133,BOA03668, 000,AHSAN MEDICINE COMPANY,NISHTER ROAD JUSTICE HAMEED COLONY,MULTAN,01-JUL-22,J
4134,BOA03468, 000,AIMYS VILLA GUEST HOUSE,"OPPOSITE TAC OFFICE, KALMA CHOWK, LMQ RD, MULTAN",MULTAN,01-JUL-21,J
4135,FAA02484,BO001,AIR BLUE FLIGHT CATERING (PVT) LTD,"HOUSE # 4, JAIL ROAD, OPP. GATE #05 NISHTER MEDICAL COLLEGE",MULTAN,01-DEC-16,J
4136,BIA04421,BO001,AIRLINK COMMUNICATION,143-144 MALL PLAZA MULTAN CANTT,MULTAN,01-JUL-13,J
4137,AAE01884,BO002,AISHA STEEL MILLS LTD,606-A 6TH FLOOR UNITED MALL ABDALI ROAD NAWASHER CHOWK MULTAN,MULTAN,01-JAN-23,J
4138,BOA01923, 000,AL BASIT MEDICAL CENTRE,AL-RAHIM COLONY NISHTER ROAD MULTAN,MULTAN,01-NOV-12,J
4139,BOA03499, 000,AL KAIF,NUSRAT ROAD OPP RADIO PAKISTAN LAL KURTI CANTT MULTAN,MULTAN,01-JUL-20,J
4140,BOA00583, 000,AL KHALIQ MEDICAL CENTRE,NISHTER ROAD ,MULTAN,01-NOV-94,J
4141,BOA01949, 000,AL-BADAR CHAMP HOUSE,NEAR MULTAN ARTS COUN. PUL MOAJ DARYA ROAD MULTAN,MULTAN,01-OCT-12,J
4142,AAE03982,BO031,AL-KARAM CANTT MULTAN,SHOP # 4 NIRALA CENTRE CANT BAZZA MULTAN,MULTAN,01-AUG-24,J
4143,BOA00882, 000,AL-RAHIM HOSPITAL,OLD BAHAWALPUR ROAD NISHTER CHOWK ,MULTAN,28-NOV-02,J
4144,BOA00322, 000,ALHAMD CORPORATION (PVT) LIMITED.,123-A-14 LALAZAR COLONY OLD BAHWALPUR ROAD MULTAN,MULTAN,01-JUL-87,J
4145,BOA03602, 000,ALI PETROLEUM SERVICES ,GHOUSUL AZAM CHOWK ,MULTAN,11-DEC-22,J
4146,BOA03278, 000,ALI TRADERS C/O SAPS,K-205 SHAH RUKN ALAM COLONY,MULTAN,23-JUN-21,J
4147,AAF01118,BO035,AMIR ADNAN (SHAPAR PVT),M-7 CHENONE TOWER ABDALI ROAD MULTAN,MULTAN,01-DEC-22,J
4148,AAF01118,BO034,AMIR ADNAN (SHAPAR PVT),"SHOP#21,22 GROUND FLOOR UNITED MALL MULTAN",MULTAN,01-DEC-22,J
4149,AAG01702,BO007,ASF SECURITY PVT LTD,FOUNDATION BUILDING ASF CAMP MULTAN AIRPORT,MULTAN,01-MAR-19,J
4150,BOA01196, 000,ASIM QAISAR & COMPANY (SHAPES),SIDDIQUE CENTER 61 ABDALI ROAD ,MULTAN,01-JUL-08,J
4151,BOA01134, 000,ASKARI CASH IN TRANSIT SERVICE(ACIT),HOUSE-160 JAMEEL ABAD ROAD NEAR CHUNGI NO 01,MULTAN,01-JUL-09,J
4152,BBA00655,BO007,ASKARI GEN INSURANCE CO LTD,2ND FLOOR JALIL CENTRE ABDALI ROAD ,MULTAN,20-JUL-96,J
4153,BOA00759, 000,ASKARI GUARDS PVT LTD,"HOUSE 450, BISMILLAH COLONY OPP BAKHTAWER AMIN COMPLEX NEAR CHUNGI 01 SURAJ MIANI ROAD",MULTAN,01-MAR-03,J
4154,BOA00759,BO008,ASKARI GUARDS PVT LTD C/O MWMC,HOUSE #160 JAMILABAD AIRPORT NEAR CHUNGI NO.1 ,MULTAN,01-AUG-25,J
4155,BOA03277, 000,ATRULE TECHNOLOGIES PVT LTD,2ND FLOOR KHAWAR CENTRE NEAR SP CHOWK,MULTAN,01-JUL-21,J
4156,BOA02975, 000,AVARI XPRESS Multan,OPPOSITE HIGH COURT ROAD NEAR SUBWAY,MULTAN,01-JUL-16,J
4157,BOA01682, 000,AZEEM HOSPITAL,55-B TARIQ ROAD ,MULTAN,01-AUG-11,J
4158,AAE05116,BO003,AZTEC SECURITY SOLUTIONS (PVT) LTD MULTAN AIRPORT,HOUSE # 2507/25/10-A NEW ABDALI COLONY DERA ADDA MULTAN,MULTAN,16-JAN-25,J
4159,BOA00814, 000,Ashraf Health Clinics & DiA. Center( X-YousaF Med),"opposite pso f/s, PUL Wasil chowk, ",MULTAN,21-DEC-02,J
4160,BOA01420,BO001,BABA ICE CREAM ,MALL RD MULTAN CANTT,MULTAN,05-APR-12,J
4161,BOA00941,BO001,BAKHTAWAR AMIN MEMORIAL TRUST HOSPITAL,"CHUNGI # 1, SURAJ MIANI ROAD ",MULTAN,01-JAN-19,J
4162,BOA00891, 000,BARKAT ALI CO. ICE FAC COLD STORAGE,SHADAB COLONY SOORIJ MIANI ROAD ,MULTAN,10-SEP-03,J
4163,BOA03898, 000,BASHIR AHMAD LABOUR CONTRACTOR ( NAUBAHAR MULTAN),C/O NAUBAHAR BOTTELING COMPANY JAIL ROAD MULTAN,MULTAN,21-MAR-25,J
4164,BOA00789, 000,BELL 'N' TELL,58-MALL PLAZA MULTAN CANTT ,MULTAN,10-NOV-02,J
4165,BOA03259, 000,BELMORRIS HOTELS & RESORTS,"83-ABDALI ROAD, MULTAN CANTT",MULTAN,01-NOV-20,J
4166,BOA03498, 000,BEREKET NATURALS PVT LTD,"Property no. 6, 2km bhawalpur bypass, bhawalpur road, Multan",MULTAN,01-MAY-21,J
4167,FAA00480,BO008,BESTWAY CEMENT LTD Sales office multan,5TH FLOOR CHENONE TOWERS ABDALI ROAD MULTAN,MULTAN,01-MAR-19,J
4168,BOA03497, 000,BETHEL RUFIN HIGH SCHOOL MULTAN,CHRISTAN COLONY NEAR QASIM BELA KHAIRPUR BHUTTA MULTAN,MULTAN,09-OCT-21,J
4169,BIA05802,BO002,BEYOND EAST,NIRALA CENTER NEAR KHAN PLAZA MULTAN CANTT,MULTAN,01-DEC-22,J
4170,BOA00675, 000,BLOOMFIELD TODDLERS,2510\2 AIBAK ROAD ABDALI ROAD ,MULTAN,01-OCT-00,J
4171,BOA00675,BO002,BLOOMFIELD TODDLERS ( O & A LEVEL CAMPUS),QASWAR GARDEZI ROAD NEAR CANAL OFFICERS COLONY,MULTAN,01-SEP-13,J
4172,BOA00675,BO001,BLOOMFIELD TODDLERS (JUNIOR CAMPUS),7/8 ABDALI COLONY MULTAN CANTT,MULTAN,28-FEB-12,J
4173,BOA02612, 000,BOMANJI SQUARE (PVT) LTD,"84/2, NUSRAT ROAD, BOMANJI CHOWK",MULTAN,01-JAN-17,J
4174,BIA01991,BO003,BORJAN PVT LTD,SHOPING CENTER MULTAN CANTT,MULTAN,01-AUG-09,J
4175,BIA01991,BO004,BORJAN PVT LTD ,SADDAR BAZAR MULTAN CANTT,MULTAN,01-AUG-09,J
4176,BOA02576, 000,BRITIAN INT. SCHOOL SYSTEM (AHMED CAMPUS),"10-JAIL ROAD, MDA CHOWK",MULTAN,01-NOV-16,J
4177,BOA02507, 000,BRITISH INTERNATIONAL SCHOOL SYSTEM AL-GHAFOOR,ABDALI COLONY,MULTAN,01-JAN-15,J
4178,BOA03786, 000,BRITISH LAB ,NISHTER ROAD ,MULTAN,01-APR-24,J
4179,BOA00644, 000,BUNDU KHAN RESTAURANT,"64-B ABDALI ROAD, MULTAN ",MULTAN,01-JAN-00,J
4180,BOA01471, 000,BUX CONTRUCTION COMPANY,220 2ND FLOOR METRO PLAZA MULTAN CANTT,MULTAN,05-SEP-10,J
4181,BOA03473, 000,CALIFORNIA PIZZA CLUB,"13-MALL ROAD, MULTAN CANTT, MULTAN",MULTAN,01-JAN-21,J
4182,BIB04363,BO005,CALL COURIER(PVT) LTD,"2507/25A, AL-FATIMA HOUSE, NEW ABDALI COLONY, DERA ADDA MULTAN",MULTAN,01-JUL-21,J
4183,BOA00612, 000,CANTT FILLING,91 - QASIM ROAD MULTAN CANTT PH: 589005 ,MULTAN,18-NOV-97,J
4184,BOA03099, 000,CAR EX (SHOWROOM),"16- NUSRAT ROAD, MULTAN CANNT, ",MULTAN,01-FEB-20,J
4185,BOA03434, 000,CARDIOLOGY CONTRACTORS ,"CH PERVAIZ ELLAHI INSTITUTE OF CARDIOLOGY, MULTAN",MULTAN,01-OCT-21,J
4186,BOA02966, 000,CARE ASSOCIATES,OFF NO 40 2ND FLOOR KHAN CENTER ABDALI ROAD,MULTAN,01-JUL-18,J
4187,BOA03299, 000,CARE FAMILY HOSPITAL,"MAIN ROAD, QASIM BELA, MULTAN CANTT",MULTAN,01-JUL-21,J
4188,BOA03328, 000,CARE PLUS HOSPITAL,TARIQ ROAD MULTAN,MULTAN,01-JUL-21,J
4189,BIA01993,BO001,CARITAS PAKISTAN,63-AURANGZAIB ROAD CANTT ,MULTAN,01-JAN-07,J
4190,BOA01192, 000,CASARREDO FURNITURE AND INTERIOR,15 A OLD BAHAWALPUR ROAD,MULTAN,01-JUL-08,J
4191,BOA02344, 000,CHANAB HOSPITAL,NEAR CHUNGI NO. 1 SURAJ MIANI ROAD,MULTAN,01-JAN-15,J
4192,BOA03176, 000,CHAUDHRY SECURITY ENTERPRISES PVT LTD,"R-100, SHER SHAH ROAD",MULTAN,01-AUG-20,J
4193,BGA50348,BO007,CHENONE STORES LTD,IN FRONT OF SHEESH MEHAL CLUB ABDALI ROAD ,MULTAN,18-JAN-05,J
4194,BOA03083, 000,CHINA TOWN RESTAURANT MULTAN,ABDALI ROAD MULTAN,MULTAN,01-JAN-19,J
4195,BOA01129, 000,CHIRST THE KING SCHOOL,JAMILABAD CHUNGI#1 NISHTER ROAD MULTAN,MULTAN,01-JUL-08,J
4196,BOA03567, 000,CHOPPER SALON (CANT BRANCH),MALL OF CANT SP CHOWK MULTAN,MULTAN,01-AUG-22,J
4197,BOA03865,BO008,CHRONOS OUTSOURCING,KHAJI WALA OFFICE # 16 SECOND FLOUR ABDUL RASHEED MOBILE CENTERE KETCHARY ROAD MULTAB,MULTAN,01-JUL-25,J
4198,BOA03865,BO006,CHRONOS OUTSOURCING SOULTIONS,SURAJ MIANI OFFICE # 16 SECON FLOUR ABDUL RASHEED MOBILE CENTER KETCHARY ROAD MULTAN,MULTAN,01-JUL-25,J
4199,BIA02441,BO007,CHUGHTAIS LAHORE LAB,KHAN MEDICAL CITY NISHTER ROAD MULTAN,MULTAN,01-MAY-18,J
4200,BOA01791, 000,CITY CENTRE,NUSRAT ROAD S.P CHOWK MULTAN,MULTAN,01-MAY-12,J
4201,BOA02424, 000,CITY CENTRE SUITES,QUAID E AZAM SHOPPING CENTRE NO. 2 MAIN SADDAR BAZAR,MULTAN,01-JAN-16,J
4202,BOA03005,BO001,CITY SCIENCE HIGHER SECONDARY SCHOOL (GIRLS),GULSHAN E MADINA COLONY SURAJ MIANI ROAD ,MULTAN,01-JAN-18,J
4203,BOA03005, 000,CITY SCIENCE HIGHER SECONDARY SCHOOL FOR BOYS,AL-MERAJ CENTER SURAJ MIANI ROAD MULTAN,MULTAN,01-JAN-18,J
4204,BOA03723, 000,CLINIX PHARMACY,NEAR SHELL PUMP IMPERIAL CHOWK MULTAN CANTT,MULTAN,01-DEC-23,J
4205,BOA03321,BO001,CLIVE SHOES(MULTAN CANTT),MAJOR AZIZ SHAHEED ROAD MULTAN CANTT,MULTAN,01-JAN-24,J
4206,BOA03187, 000,COMRADE GENERAL SERVICES PVT LTD,"Comrade 561-C, Bata Chowk, Near Haideria Masjid, Gulgasht",MULTAN,01-SEP-20,J
4207,BOA03885, 000,CONCEPT SCHOOLS,JAIL ROAD MDA MULTAN,MULTAN,01-FEB-25,J
4208,BOA03884, 000,CONCEPT SCHOOLS,RAIWAY ROAD,MULTAN,01-FEB-25,J
4209,BOA00405, 000,CONIMPEX,1683 QUAID-E-AZAM MARKET MULTAN CANTT ,MULTAN,01-JUL-76,J
4210,AAA02280,BO019,CONTINENTAL ENGINEERING SERVICES PVT LTD C/O CAA ,CAA MULTAN AIRPORT CANTT,MULTAN,18-DEC-22,J
4211,BOA01040, 000,COUNTRY CAMP SCHOOLING SYSTEM ,12-DISTRICT JAIL RD. NEAR MDA CHOWK ,MULTAN,01-JAN-07,J
4212,BOA01193, 000,CRYSTAL FURNITURE SERVICE,OLD BAHAWALPUR ROAD,MULTAN,01-JUL-08,J
4213,AAC00086,BO002,DADEXETERNIT LTD,"Office No.4,1st floor royal plaza Azmat wasti road Multan",MULTAN,01-DEC-02,J
4214,BOA03542, 000,DAILY BAITHAK,64/A-A4 ALTAF TOWN MULTAN,MULTAN,01-SEP-22,J
4215,BOA02224, 000,DAILY HIJRAT,1122 BHATTI STREET MULTAN CANTT,MULTAN,01-OCT-14,J
4216,BOA02510, 000,DAILY PAKISTAN,124-NISHTAR CHOWK,MULTAN,01-JUL-14,J
4217,BOA01352, 000,DAR-UL- KABAB,SADDAR BAZAR MULTAN CANTT,MULTAN,01-MAR-10,J
4218,BIB00389,BO003,DIAMOND PAINTS,OFFICE 1 MAKKAH ARCADE LMQ ROAD NEAR DERRA ADDA,MULTAN,01-DEC-11,J
4219,BOA02178, 000,DIGICOM TRADING (Pvt) LTD,"SHOP.#1649 OPPOSITE MALL PLAZA CANTT, MULTAN",MULTAN,01-JUL-13,J
4220,BIA03091,BO001,DIGITAL WORLD PAKISTAN PVT LTD,PLOT16 MDA ARCADE OPP ART COUNCIL MDA RD,MULTAN,01-MAR-08,J
4221,BOA03279, 000,DISTRICT BAR ASSOCIATION MULTAN,DISTRICT COURTS CHOWK KUTCHARY,MULTAN,01-JUL-21,J
4222,BOA03480, 000,DOCTORS HOSPITAL ,"SURAJ MAINI ROAD, GILLANI COLONY MULTAN",MULTAN,01-JUL-21,J
4223,BOA03714, 000,DOUBLE CHEEZ,"OPPOSITE HIGH COURT, NEAR SP CHOWK ",MULTAN,01-DEC-23,J
4224,BOA03566, 000,DRAGON WOK,"ABU MUHAMMAD STREET SHOP#1007,1008 BEHIND DUBAI PLAZA CANTT MULTAN",MULTAN,01-NOV-22,J
4225,BRE00023,BO006,EASTERN PRODUCTS PVT LTD (CHENONE TOWER),"1ST FLOOR, CHENONE TOWER, ABDALI ROAD",MULTAN,01-OCT-24,J
4226,BOA02769,BO003,EDEN APPARELS PVT LTD,FIRST FLOOR UNITED MALL,MULTAN,01-JAN-17,J
4227,BOA02769, 000,EDEN APPARELS PVT LTD,FIRST FLOOR CHEN ONE TOWER,MULTAN,01-JUL-16,J
4228,BOA02769,BO001,EDEN APPARELS PVT LTD,BUKHARI ROAD MULTAN CANTT,MULTAN,01-JAN-17,J
4229,BOA02598, 000,EDUSOFT SYSTEM SOLUTIONS,"1ST FLOOR, KHAWAR CENTRE, NEAR SP CHOWK",MULTAN,01-NOV-16,J
4230,BIA06328,BO006,EGI-RETAIL MULTAN C/O EAST GATE INDUSTRIES,"GROUND FLOOR NIRALA CONTER, SP CHOWK PVT LTD CANTT",MULTAN,01-DEC-23,J
4231,BIA02683,BO006,EHSAN CHAPPAL STORE,1-1/A GANI BOKHARI ROAD MULTAN CANTT,MULTAN,20-FEB-11,J
4232,BIA02683,BO051,EHSAN CHAPPAL STORE PVT (LTD),AZIZ BHATTI ROAD HANIF PALAZA MULTAN CANTT,MULTAN,01-SEP-19,J
4233,BOA01147, 000,ENGLISH SHOES,52 BOHRA STREET MULTAN CANTT,MULTAN,01-JUL-09,J
4234,BOA01147,BO001,ENGLISH SHOES,KHAWAR CENTER SP CHOWK ,MULTAN,01-JAN-23,J
4235,AAB00036,BO006,ENGRO Fertilizers PAK LTD,RIAZ MOTORS BUILDING ABDALI ROAD NAWAN SHEHER MULTAN ,MULTAN,01-JUL-76,J
4236,BOA03317, 000,EXCEL LABS,"MEHAR CENTER, NISHTAR ROAD, MULTAN",MULTAN,01-DEC-21,J
4237,BOA02484, 000,EXECUTIVE HOUSE,BEHIND COSMOS BEAUTY PARLOUR OLD BAAHAWALPUR ROAD NEAR KFC,MULTAN,01-JUL-12,J
4238,BOA02509, 000,EXPRESS NEWS,"Pepsi Factory Godown, 147-A opp? Jail Rd, Jinnah Town, Multan",MULTAN,01-JAN-15,J
4239,BNA00049,BO002,FAISAL ASAD TEXTILE MILLS LTD,84 NUSRAT ROAD HASSAN ARCADE ,MULTAN,01-DEC-93,J
4240,BOA03170, 000,FAREED ENTERPRISES,"C/O NISHER HOSPITAL MULTAN.212-J, SHAH RUKN E ALAM COLONY",MULTAN,01-AUG-20,J
4241,BOA00580, 000,FATIMA ENTERPRISES LTD,78\78 A BOHRA STREET KAREEM SHOPPING CENTRE SADAR BAZAR ,MULTAN,01-JAN-97,J
4242,BOA01924, 000,FATIMA MEDICAL COMPLEX,AL-RAHIM COLONY NISHTER ROAD MULTAN,MULTAN,01-NOV-12,J
4243,BBA00175,BO005,FAUJI FERTILIZER CO LTD,85 QASIM ROAD MULTAN CANTT. ,MULTAN,01-JAN-78,J
4244,BOA00690, 000,FAZAL CLOTH MILLS LTD UNIT NO 3 HEAD OFFICE,"59/3 Abdali Rd, Adali Colony, Multan",MULTAN,01-MAY-01,J
4245,BOA02075, 000,FAZAL WEAVING MILLS LIMITED (HEAD OFFICE),129/1 OLD BAHAWALPUR ROAD MULTAN,MULTAN,01-JUL-13,J
4246,BOA03316, 000,FINE ARTS PLUS,"SHOP # 67, HASSAN ARCADE MULTAN CANTT",MULTAN,01-JUL-21,J
4247,BOA01759, 000,FOOD FESTIVAL,QUID-E-AZAM ROAD BRANCH MULTAN CANTT.,MULTAN,01-JAN-12,J
4248,BOA00526, 000,FOOD FESTIVAL,NISHTER CHOWK ,MULTAN,01-JUL-95,J
4249,BOA00526,BO004,FOOD FESTIVAL (EAZY PEAZY),MDA CHOWK,MULTAN,01-DEC-15,J
4250,BOA00992, 000,FOOD MELA RESTUARANT,KHAWAR CENTRE SP CHOWK ,MULTAN,15-JUN-06,J
4251,BOA02345, 000,FURQAN DIAGNOSTIC CENTRE,OPPOSITE NISHTAR HOSPITAL NISHTAR ROAD,MULTAN,01-JUL-13,J
4252,AAB00408,BO005,FuJI FILM pakistan PVT LIMITED,QUAID-E-AZAM SHOPPIN CENTER IMPERIAL CINEMA CHOW MULTAN.,MULTAN,15-JUL-86,J
4253,BOA02829, 000,GARRISION ACADEMY MULTAN,CHUNGI NO. 01 MULTAN NEAR JAMILABAD,MULTAN,01-APR-18,J
4254,BOA03643, 000,GB SECURITY SERVICES PVT LTD,Multan ,MULTAN,01-JUL-23,J
4255,AAC01811,BO003,GERRY'S DNATA,ROOM NO. 165 NORTHERN OFFICE BLOCK MULTAN AIRPORT,MULTAN,01-MAY-15,J
4256,BOA00989, 000,GHAURIS LAB,126-OLD BAHAWALPUR ROAD ,MULTAN,01-JUN-06,J
4257,BQA00625,BO002,GHULAM FARID & BROTHERS PVT LTD/pMU HOSPITALS.,"PLOT # 252-A, WARD # 9, ABDALI COLONY, MULTAN",MULTAN,02-DEC-19,J
4258,BID00827,BO001,GLOBAL CUSTOMER CARE(PVT) LTD,1ST FLOOR 74-CHENONE TOWER ABDALI ROAD ,MULTAN,01-JAN-11,J
4259,BOA03879, 000,GOGI LAB,9/A MDA ROAD OPPOSITE EXCISE OFFICE ,MULTAN,01-FEB-25,J
4260,BOA01022, 000,GRAMMAR HIGH SCHOOL,CB57 AVIATION BASE ROAD QASIM BELA ,MULTAN,01-FEB-08,J
4261,AAE00598,BO057,GRAY MACKENZIE RESTAURANTS KFC,RAILWAY SERVICES CLU B BAHAWALPUR ROAD OPP. MULTAN HIGH COU RT,MULTAN,01-OCT-07,J
4262,BOA02716, 000,GRC (GHULAM RASOOL AND COMPANY PVT LTD),"6-A LALAZAR COLONY, OLD BAHAWALPUR ROAD,",MULTAN,01-JUL-15,J
4263,BIA02630,BO001,GREEN STAR SOCIAL MARKETING,06-GULISTAN COLONY OPP-KHALID BIN WALEED HOSPITAL KASWAR GARDEZI ROAD MULTAN,MULTAN,01-MAR-07,J
4264,BOA03784, 000,H.H MULTANI DESI FOOD,KASWER GARDEZI ROAD CANTT,MULTAN,01-JUL-23,J
4265,BOA03479, 000,HAIDER HOSPITAL,PRINCE CLOTH STREET MULTAN,MULTAN,01-JAN-20,J
4266,BOA00815, 000,HALEEMA HOSPITAL COMPLEX,NISHTER ROAD ,MULTAN,21-DEC-02,J
4267,BIB04618,BO001,HAMEED LATIF HOSPITAL(BUSINESS DEVELOPMENT),MEHAR CENTER NISHTER ROAD MULTAN,MULTAN,01-NOV-22,J
4268,BOA03189, 000,HEELS SHOES MULTAN (022),HANIF PLAZA NEAR BANO MARKET AZIZ SHAHEED ROAD,MULTAN,01-JUL-19,J
4269,BOA03315, 000,HIGH COURT BAR ASSOCIATION,"NUSRAT ROAD, S.P CHOWK MULTAN CANTT",MULTAN,01-JUL-21,J
4270,BOA03264, 000,HIGHCOURT CLERKS BAR ASSOCIATION MULTAN BENCH,"SEAT#35, MOHAMADAN BLOCK,DISTRICT COURTS MULTAN",MULTAN,01-JUN-21,J
4271,BOA03733, 000,HN FOOD AFGHANI CUISINE ,NEAR LALAZAR COLONY KASWER GARDEZI ROAD ,MULTAN,01-JUL-21,J
4272,BOA02794, 000,HN SCIENCE SCHOOL,"NEAR POLICE LINE NO. 1, MULTAN.",MULTAN,01-JUL-17,J
4273,AAB00266,BO014,HOECHST PAKISTAN LTD (SANOFI AVENTIS PAK LTD),SUIT # 502 5TH FLOOR UNITED MALL PLAZA ABDALI ROAD,MULTAN,01-FEB-24,J
4274,BOA00515, 000,HOLIDAY INN HOTEL RAMADA,76 ABDALI ROAD MULTAN ,MULTAN,01-NOV-94,J
4275,BOA00659, 000,HONDA BREEZE,63 ABDALI ROAD ,MULTAN,01-APR-98,J
4276,BOA03609, 000,HOPE NICU & HOSPITAL,PULL WASIL ROAD OPP BANK AL HABIB MULTAN,MULTAN,01-JAN-23,J
4277,BOA03463, 000,HOTEL AMBASSADOR,"124-AZIZ AVENUE, MOTEL AMBASSADOR, LMQ ROAD, MULTAN",MULTAN,01-JAN-21,J
4278,BOA02944, 000,HOTEL BEST ONE,52/A TARIQ ROAD ,MULTAN,01-JAN-18,J
4279,BOA01463, 000,HOTEL CANTT VIEW,SHARAH-E-QUAID-E-AZAM DUBAI PLAZA MULTAN CANTT,MULTAN,30-DEC-10,J
4280,BOA03472, 000,HOTEL CHANCERY ONE,"LMQ ROAD, NAWAN SEHAHAR, NEAR TELEPHONE EXCHANGE MULTAN",MULTAN,01-JUL-21,J
4281,BOA02455, 000,HOTEL DE SHALIMAR,43-A TARIQ ROAD,MULTAN,25-DEC-15,J
4282,BOA03466, 000,HOTEL EXECUTIVE ONE,NISHTAR CHOWK FLYOVER NEAR FOOD FESTIVAL MULTAN.,MULTAN,01-JUL-20,J
4283,BOA00484, 000,HOTEL FIRDOS,DERA ADDA CHOWK,MULTAN,01-JAN-93,J
4284,BOA02506, 000,HOTEL GRACE INN,123-A LALAZAR COLONY OLD BAHAWALPUR ROAD,MULTAN,01-JAN-14,J
4285,BOA01194, 000,HOTEL GREEN PALM,123 A LALAZAR COLOLNY OLD BAHAWALPUR ROAD,MULTAN,01-JUL-08,J
4286,BOA02117, 000,HOTEL MULTAN CONTINENTAL,NISHTAR CHOWK OLD BAHAWALPUR ROAD NEAR HOTEL SINDBAD,MULTAN,01-JUL-13,J
4287,BOA03470, 000,HOTEL NEW STAR,"KHAN MEDICAL CITY, AL-RAHEEM,COLONY, MULTAN",MULTAN,01-JUL-21,J
4288,BOA02569, 000,HOTEL ONE (BY PEARL CONTINENTAL),"59-B, TARIQ ROAD",MULTAN,01-NOV-16,J
4289,BOA01127, 000,HOTEL ONE (PVT) LTD (FORMALY FORTALICE(PVT)LTD,9 A LALAZAR OLD BAHAWALPUR ROAD,MULTAN,01-JUN-08,J
4290,BOA02498, 000,HOTEL PACE INN,77-A ABDALI ROAD NEAR RAMADA HOTEL,MULTAN,01-JUL-14,J
4291,BOA03464, 000,HOTEL RESIDENCE INN,"1-ALTAF TOWN, MULTAN.",MULTAN,01-JAN-21,J
4292,BOA03356, 000,HOTEL ROYAL ONE,"TARIQ ROAD, MULTAN",MULTAN,28-OCT-21,J
4293,BOA03355, 000,HOTEL S.R LOUNGE,"TARIQ ROAD, MULTAN",MULTAN,28-OCT-21,J
4294,BOA00167, 000,HOTEL SINDBAD,PUL MOUJDARYA NISHTER ROAD NISHTAR ROAD MULTAN,MULTAN,01-JUL-79,J
4295,BOA03934, 000,HR SPARK PRIVATE LIMITED,OFFICE # 1 GOLDEN HEIGHTS PLAZA HIGH COURT ,MULTAN,07-APR-25,J
4296,BIB00501,BO020,HUSH PUPPIES,NISHTAR CHOWK MULTAN,MULTAN,01-OCT-17,J
4297,BIB00501,BO019,HUSH PUPPIES,AZIZ SHAHEED ROAD MULTAN CANTT,MULTAN,01-OCT-17,J
4298,BOA01666, 000,HUSSAIN HOSPITAL & MATERNITY HOME,AL-RAHIM COLONY MULTAN,MULTAN,01-JUL-11,J
4299,BOA03202, 000,HYUNDAI QASIS MULTAN,319-A SHER SHAH ROAD,MULTAN,01-SEP-20,J
4300,BOA03352, 000,IDEAL MARQUEE,"TARIQ ROAD, MULTAN",MULTAN,28-OCT-21,J
4301,AAC02002,BO042,IDEAS BY GUL AHMED MULTAN,ABDALI ROAD MULTAN,MULTAN,01-MAR-13,J
4302,AAF04662,BO026,IDEAS MULTAN,"KHAN PLAZA, NEAR CMH CHOWK, NIRALA TOWER, MULTAN",MULTAN,30-OCT-21,J
4303,BOA00821, 000,INSAF FABRICS,NR PRINCE DEP. STORE MULTAN CANTT ,MULTAN,18-DEC-02,J
4304,BIA05345,BO005,INSIGNIA GULISTAN E JOHAR,STYLISH SHOES 91-A SP CHOWK NUSRAT ROAD MULTAN CANTT,MULTAN,01-NOV-22,J
4305,BOA03323, 000,INSTA COM PVT LTD,"OFFICE # 6, 4TH FLOOR, CHEN ONE TOWER, ABDALI ROAD, MULTAN",MULTAN,01-JUL-17,J
4306,BOA03955, 000,IQNS PRIVATE LIMITED,20-CAPRI STREET GOLD CREST PLAZA JALILABAD COLONY MULTAN,MULTAN,01-SEP-25,J
4307,FAA02073,BO005,ISLAMABAD DIAGNOSTIC CENTRE PVT LTD,"AL KAMAL 94,OPP DOST PLAZA,NISHTER ROAD",MULTAN,01-SEP-20,J
4308,BOA03324, 000,ISLAMIA PUBLIC HIGH SCHOOL,CHAH BURHAN WALA SURAJ MIYANI MULTAN,MULTAN,01-JUL-17,J
4309,BOA01512,BO001,ITALIAN PIZZA,DUBAI PLAZA MALL ROAD MULTAN CANT,MULTAN,01-FEB-11,J
4310,POA00018, 000,JAVAID BROTHERS,124 NISHTER CHOWK ,MULTAN,15-NOV-02,J
4311,FAA01539,BO001,JIN TECHNOLOGIES PVT LTD (MULTAN),"3RD FLOOR, CHENONE TOWER, ABDALI ROAD ",MULTAN,01-FEB-25,J
4312,BOA00769, 000,JINNAH HOSPITAL,NISHTER ROAD ,MULTAN,01-SEP-02,J
4313,BOA00028, 000,JK SUGAR MILLS (PRIVATE) LIMITED,DISTRICT JALIL ROAD MULTAN ,MULTAN,01-JUL-76,J
4314,BOA03899, 000,JM HR AND LOGISTIC SERVICES ( NAUBHAR MULTAN),C/O NAUBHAR BOTTELLING JAIL ROAD,MULTAN,21-MAR-25,J
4315,BOA03405, 000,JUNAID JHAMSHAID PVT LTD(MULTAN CANTT),"NIRALA CENTRE OPPOSITE KHAN PLAZA, MULTAN CANTT",MULTAN,01-APR-22,J
4316,BOA03700, 000,KAMAL FOODS (14TH STREET PIZZA CANTT),NUSRAT ROAD SP CHOWK FASHION MALL CANTT,MULTAN,01-DEC-23,J
4317,FAA01262,BO005,KARAKARAM SECURITY SERVICE PVT. LTD.,9-LALAZAR COLONY NEAR SHADI KHAIL HOUSE,MULTAN,01-FEB-16,J
4318,FAA01262,BO006,KARAKORAM SECURITY SERVICES PVT LTD,C/O NISHTER HOSPITAL & UNIVERSITY MULTAN,MULTAN,01-NOV-20,J
4319,BOA00849, 000,KENT DRY CLEANER,OPP HIGH COURT ,MULTAN,16-DEC-02,J
4320,AAA02612,BO041,KHAADI,"GROUND FLOOR UNITED MALL ABDALI ROAD, multan",MULTAN,01-MAY-13,J
4321,BOA01333, 000,KHALID BIN WALEED HOSPITAL,OLD BAHAWAL PUR ROAD,MULTAN,01-JUL-08,J
4322,BOA01706, 000,KHAN RESTURANT AND HOTEL TAJ,81-ABDALI RD MULTAN,MULTAN,01-JAN-12,J
4323,BNA00051,BO001,KHOKHAR TEXTILE MILLS LTD.(HEAD OFFICE),90-QASIM ROAD ,MULTAN,01-FEB-05,J
4324,BOA02281, 000,KIDS FOUNDATION SCHOOL,NEAR CHUNGI#1 SURAJ MIANI ROAD,MULTAN,01-JAN-14,J
4325,FAA00839,BO001,KITCHEN CUISINE (PVT) LTD,"HOUSE #5B, HIGH COURT ROAD, GILLANI HOUSE",MULTAN,01-JUL-16,J
4326,BIB03296,BO002,KKT ORTHOPEDIC & SPINE CENTER,"GHOUS E AZAM ROAD, NEAR GILLANI COLONY, MULTAN",MULTAN,01-MAR-19,J
4327,BOA02282, 000,LA ATRIUM RESTAURANT,1ST FLOOR CHENONE TOWERS ABDALI ROAD,MULTAN,01-NOV-14,J
4328,BOA01128, 000,LASANI CHARGHA & CHINESE FOODS,5 MALL SHOPPING CENTRE,MULTAN,01-JAN-09,J
4329,BOA02283, 000,LATIF EDUCATION SYSTEM,22-SHAHZAD COLONY BEHIND MDA OFFICE DISTRICT JAIL ROAD,MULTAN,01-JAN-15,J
4330,FAA01229,BO003,LCC PAKISTAN PVT LIMITED,HOUSE1 STREET1 GULSHAN E SAKI SULTAN COL MULTAN,MULTAN,04-JUL-07,J
4331,BOA03544,BO001,LE CAFE,02 NUSRAT ROAD MULTAN CANTT,MULTAN,01-JUL-22,J
4332,BOA03544, 000,LE CAFE (KITCHEN),1-E SHEHZAD COLONY DISTT JAIL ROAD MULTAN,MULTAN,01-JUL-22,J
4333,BOA02380, 000,LEARNERS' CASTLE,MDA ROAD NEAR CHOWK KUTCHERY,MULTAN,01-OCT-15,J
4334,BOA03471, 000,LEO FOUNDATION,"36-SURAJ MAINI ROAD, MULTAN",ABBASPUR,01-JAN-21,J
4335,BOA03244, 000,LIFE IVF MULTAN PVT LTD,"MAHER CENTRE, NISHTER ROAD",MULTAN,13-SEP-19,J
4336,BOA03346, 000,LIGHT SHOES,AZIZ SHAHEED ROAD MULTAN CANTT,MULTAN,01-MAR-22,J
4337,BOA02485, 000,LORDS PALACE,BEHIND COSMOS BEAUTY PARLOUR OLD BAHAWALPUR ROAD,MULTAN,01-JAN-15,J
4338,AAC01916,BO003,LUCKY CEMENT LTD,"OFFICE NO. 607, 6TH FLOOR UNITED MALL, MULTAN",MULTAN,01-OCT-95,J
4339,AAB00235,BO013,LUCKY CORE INDUSTRIES LIMITED,3RD FLOOR UNITED MALL .,MULTAN,01-JAN-22,J
4340,BOA03865, 000,M/S CHRONOS OUTSOURCING SOLUTIONS,"JAIL ROAD NEAR MDA CHOWK INSIDE PEPSICO, JINNAH TOWN MULTAN",MULTAN,01-JAN-25,J
4341,BOA02309, 000,M/S Zain(DINER`S MULTAN CANTT),NEAR BABA ICE CREAM OPPOSITE MALL PLAZA MULTAN CANTT,MULTAN,01-APR-14,J
4342,BOA03570, 000,MACCA DIAGNOSTIC PVT LIMITED,SUIT NO.1 MEHAR CENTER NISHTER ROAD MULTAN,MULTAN,01-JAN-22,J
4343,BOA03570,BO001,MACCA DIAGNOSTIC PVT LTD,OPPOSITE NISHTER EMERGENCY GATE MULTAN,MULTAN,01-MAR-24,J
4344,BOA00553, 000,MADINA JUTE MILLS LTD,1626 SHOPPING CENTRE NO 2 MULTAN CANTT ,MULTAN,01-JAN-96,J
4345,BOA03603, 000,MALIK PROPERTY & REAL STATE OFFICE,NEAR DENTAL COLLEGE JAIL ROAD MULTAN,MULTAN,01-DEC-17,J
4346,BOA01066, 000,MARSHALLS CNG,OLD BAHAWALPUR ROAD ,MULTAN,01-NOV-08,J
4347,BOA01951, 000,MASOOD AND COMPANY (M-I),AL-RAHEEM COLONY PUL MOAJ DERYA RD. MULTAN,MULTAN,01-OCT-12,J
4348,BOA03239, 000,MEDICARE COLLEGE OF NURSING,"H NO. 1-B/1-X NUSRAT ROAD, NEAR KFC OPP HIGH COURT",MULTAN,01-OCT-20,J
4349,BOA00516, 000,MEDICARE HOSPITAL,62 ABDALI ROAD MULTAN ,MULTAN,16-SEP-94,J
4350,FAA01246,BO005,MENZIES-RAS PRIVATE LIMITED ,ROOM # 175 LEVEL II INTERNATIONAL SIDE MULTAN AIR PORT,MULTAN,01-MAR-16,J
4351,AAC00096,BO004,MERIN PVT LTD,"OFF # 202, INTERNATIONAL PLAZA BORA STREET ROAD MULTAN CANTT, MULTAN",MULTAN,01-MAY-22,J
4352,BOA00877, 000,MERRYAM SCHOOL SYSTEM,38-A TARIQ ROAD ,MULTAN,21-OCT-02,J
4353,BOA02175, 000,METRO SHOES,AZIZ SHAHEED ROAD MULTAN CANTT,MULTAN,18-APR-14,J
4354,BIA01347,BO002,MILK PAK LIMITED,"5 D plot, Industrial Area, Phase one",MULTAN,01-NOV-91,J
4355,BOA00743, 000,MILLAT PUBLIC SCHOOL,52 HIGH COURT ROAD NEAR CHONGI NO 1 ,MULTAN,01-JAN-00,J
4356,BOA01910, 000,MISALI clinic,VIP COLONY SURAJ MIANI ROAD MULTAN,MULTAN,01-NOV-12,J
4357,BOA03894, 000,MITHAAS,PLAZA NO 122 A MDA CHOWK OPPOSITE MDA OFFICE ,MULTAN,07-FEB-25,J
4358,BOA03953, 000,MITHASS SWEET & BAKERS,SHOP # 44/E AZIZ BHATTI SHAHEED ROAD CANNT MULTAN,MULTAN,14-AUG-25,J
4359,BOA03823, 000,MOD TAILORS,SADDAR IQBAL TOWN LAL KURTI CANTT,MULTAN,01-JUL-22,J
4360,BOA03970, 000,MUHAMMAD BILAL & COMPANY (SMC) PVT LTD,GUJAR KHUDA ALTUMAS ROAD MULTAN,MULTAN,01-NOV-25,J
4361,BOA03897, 000,MUHAMMAD SULEMAN LABOUR CONTRACTOR (NAUBAHR MULTAN,C/O NAUBHAHR BOTTLING COMPANY PVT DISTRICT JAIL ROAD ,MULTAN,21-MAR-25,J
4362,BOA03326, 000,MUHAMMADI ENTERPRISES,NISHTAR MULTAN,MULTAN,01-JAN-22,J
4363,BOA02973,BO001,MUKHTAR A. SHEIKH MEMORIAL WELFARE HOSPITAL,"M/S UNITED CUISINE, 2523/F-1 SHADMAN COLONY GHOUS-E-AZAM ROAD MULTAN",MULTAN,01-JAN-23,J
4364,BOA01075, 000,MULTAN CLOTH HOUSE,35 HASSAN ARCADE MULTAN CANTT,MULTAN,01-JUL-08,J
4365,BOA00153, 000,MULTAN FLYING CLUB.,CIVIL AIRPORT MULTAN. ,MULTAN,01-JUL-76,J
4366,BOA01859,BO001,MULTAN KITAB GHAR (CANT BRANCH),MALL ROAD MULTAN CANT,MULTAN,01-NOV-24,J
4367,BOA03589, 000,MULTAN MEDICAL COMPLEX ,SURAJ MIANI ROAD NEAR CHUNGI NO.1 MULTAN,MULTAN,01-JUN-22,J
4368,BOA01195, 000,MULTAN MRI CENTER,NEAR NISHTAR CHWOK NISHTAR ROAD,MULTAN,01-JAN-09,J
4369,AAE01053,BO002,MULTINET PAKISTAN (PVT) LIMITED,92-NUSRAT ROAD 2ND FLOOR KHAWAR CENTRE ,MULTAN,07-JUN-06,J
4370,BOA01006, 000,MUMTAZ PETROLEUM SERVICES,CIVIL LINES ROAD ,MULTAN,01-JUN-06,J
4371,BOA01709, 000,MUSHTAQ CLINICAL LIBORATRY,M.D.A CHOWK MULTAN,MULTAN,01-FEB-11,J
4372,BOA00616, 000,NAEEM GRAMMAR SCHOOL,CIVIL LINES ROAD ,MULTAN,01-NOV-96,J
4373,BIA03322,BO006,NATIONAL COMMUNICATION SERVICES SMC-PVT LTD,948 SARWAR ROAD NEAR GOVT MUSLIM BOYS HIGH SCHOOL POUL MAUJ DARYA DUNYA NEWS MULTAN,MULTAN,01-MAY-15,J
4374,AAB02541,BO002,NATIONAL INSTITUTIONAL FACILITATION TECH(NIFT,GROUND FLOOR STATE LIFE BUILDING NAWAN SHAHER ,MULTAN,16-APR-05,J
4375,FAA00026,BO004,NATIONAL POLICE FOUNDATION,29 A MAIN ROAD ALTAF TOWN,MULTAN,01-JUL-97,J
4376,FAA00026,BO012,NATIONAL POLICE FOUNDATION C/O NISHTER,29-A ALTAF TOWN TARIQ ROAD MULTAN,MULTAN,15-JAN-24,J
4377,FAA00408,BO026,NATIONAL RURAL SUPPORT PROGRAMME RSP,"Alrehman house no.1, firdous colony, near aljanaat home multan",MULTAN,01-FEB-10,J
4378,BJA00091,BO011,NAUBAHAR BOTTLING COMPANY (PVT) LTD UNITED # 4 MUL,DSTRICT JAIL ROAD NEAR MDA CHOWK MULTAN,MULTAN,01-JAN-25,J
4379,BOA00567, 000,NEGAHBAN SECURITY SERVICES PVT LTD,AL AMAN STREET GARDEN TOWN SHER SHAH ROAD MULTAN,MULTAN,01-MAY-96,J
4380,BOA02409, 000,NEW AL-SHEIKH BAR B Q NIGHT,NEAR MDA CHOWK KUTCHERY ROAD,MULTAN,01-OCT-15,J
4381,BOA01356, 000,NEW DEHLI NEHARI HOUSE,SADDAR BAZAR MULTAN CANTT,MULTAN,01-MAR-10,J
4382,BOA03467, 000,NEW PRIDE HOTEL,"NISHTAR ROAD, AL-RAHIM COLONY, MULTAN",MULTAN,01-JAN-20,J
4383,BIA04397,BO001,NEXTBRIDGE PVT. LTD.,601 UNITED MALL ABDALI ROAD,MULTAN,01-APR-14,J
4384,BOA00543, 000,NIDA INVESTMENT AND PRINTING CORP,74 HASSAN PARWANA COLONY MULTAN ,MULTAN,01-JUL-94,J
4385,BIA00256,BO002,NIDAI MILLAT LIMITED,ABDALI ROAD COLONY MULTAN ,MULTAN,01-JUL-76,J
4386,BOA03946, 000,NINESTAR MANPOWER SOLUTION (NAUBHAR MULTAN),GULSHAN E SADAT HASSAN ABAD GATE # 2 MULTAN,MULTAN,01-SEP-25,J
4387,BOA03027, 000,NIRALA SWEETS & BAKERS,75/A QASIM ROAD CANNT NEAR SP CHOWK MULTAN,MULTAN,01-DEC-18,J
4388,BOA00499, 000,NISHAT HIGH SCHOOL (for Girls),"POLICE LINES ROAD, multan ",MULTAN,01-NOV-93,J
4389,BGA51231,BO012,NISHAT LINEN (PVT) LTD,"S.P CHOWK, NUSRAT ROAD, MULTAN CANTT",MULTAN,01-OCT-16,J
4390,BOA01069, 000,NISHTER COLLEGE OF COMMERCE,4-GULISTAN COLONY OLD BAHAWALPUR ROAD,MULTAN,01-NOV-08,J
4391,BOA03477, 000,NOOR MAHAL,"TARIQ ROAD, MULTAN",MULTAN,28-OCT-21,J
4392,BOA03266, 000,ONZA RETAIL (SMC-PRIVATE) LIMITED,"PLOT 126-H, OLD BAHAWALPUR ROAD, KASWER GARDEZI ROAD",MULTAN,01-APR-21,J
4393,BIA03397,BO002,OPTIMUS LIMITED,KHAWAR PLAZA NUSRAT ROAD SP CHOWK,MULTAN,01-SEP-11,J
4394,AAF01682,BA004,ORIENT ENERGY SYSTEMPVT LTD,7-B ALHAIDER SHESH MEHEL COLONY ABDALI ROAD,MULTAN,01-DEC-11,J
4395,BOA01684,BO014,OUTRIDERS PVT LTD,"C/O PSO AVIAtion & Bank Alfalah,3RD FLOOR,GOLDEN HEIGHTS OPP HIGH COURT",MULTAN,01-FEB-21,J
4396,BOA01684, 000,OUTRIDERS PVT LTD,3rd FLOOR GOLDEN HEIGHTS OPP HIGH COURT MULTAN ,MULTAN,01-OCT-11,J
4397,BOA01684,BO008,OUTRIDERS PVT LTD,"C/O PIA Multan, NADRA Multan",MULTAN,01-JUL-19,J
4398,BOA01684,BO019,OUTRIDERS PVT LTD C/O AIRPORT MULTAN,3RD FLOOR GOLDEN HEIGHTS OPPO HIGH COURT MULTAN CANTT,MULTAN,01-FEB-24,J
4399,FAA00151,BO030,OVERSEAS PAKISTANIS FOUNDATION,OPF REGIONAL OFFICE 123/ABC 2ND FLOOR NISHTAR CHOWK,MULTAN,01-SEP-07,J
4400,BOA00841, 000,OXFORD HIGH SCHOOL,NEAR MDA CHOWK SURAJ MIANI ROAD ,MULTAN,24-FEB-03,J
4401,BID02401,BO004,PACKAGES CONVERTORS LIMITED ,UNITED MALL OFFICE #606 ABDALI ROAD MULTAN,MULTAN,01-FEB-23,J
4402,BOA01905, 000,PAK MISALI PUBLIC SCHOOL,MOHALLAH SHAH GHOUSABAD SURAJ MIANI ROAD MULTAN,MULTAN,01-NOV-12,J
4403,BOA03867, 000,PAK PUBLIC SECURITY PVT LTD (NUM MULTAN),"7-A/1 ALTAF TOWN, TARIQ ROAD",MULTAN,01-AUG-24,J
4404,BOA00908, 000,PAK ZAKRYIA MODEL HIGH SCHOOL,"112/12 Jail Rd, Jinnah Town, Multan, ",MULTAN,21-FEB-04,J
4405,AAA00073,BO004,PAKISTAN CABLES LIMITED 4,CAFEE- E- AFIA BUILDING MULTAN CANTT,MULTAN,01-JAN-84,J
4406,BOA00913, 000,PAKISTAN MODEL SCHOOL,VIP COLONY SURAJ MIANI ROAD ,MULTAN,24-FEB-03,J
4407,BOA03732, 000,"PAKISTAN MRI, CT SCAN & NEURO CARE DIAGNOSTICS","SHOP NO.9-10, AL IBRAM CENTER, NISHTER ROAD ",MULTAN,01-JUL-23,J
4408,BOA00419, 000,PAKISTAN PUBLIC SCHOOL,2 SOORAJ MIANI ROAD MULTAN ,MULTAN,01-JAN-91,J
4409,AAB00001,BO006,PAKISTAN TOBACCO COMPANY LIMITED,11 ALTAF TOWN TARIQ ROAD  ,MULTAN,01-SEP-90,J
4410,BOA02767, 000,PANORAMA SHOPPING MALL ,S P CHOWK MULTAN CANTT,MULTAN,01-JUL-17,J
4411,BOA01794, 000,PAPA GINOS,OPP. HASSAN ARCADE NUSRAT ROAD ,MULTAN,01-MAY-12,J
4412,BOA03462, 000,PATIENT WELFARE SOCIETY ,"MINAR HOSPITAL, NISHTAR ROAD, MULTAN",MULTAN,01-JUL-21,J
4413,BOA03256, 000,PKF F.R.A.N.T.S. CHARTERED ACCOUNTANTS,"H#2510, Abid street abdali road multan",MULTAN,01-JUL-20,J
4414,BOA02780, 000,POPULAR INTERNATIONAL PVT LTD,HOUSE #305 WARD#08 GHOUS E AZAM ROAD NEAR CHANGI #01,MULTAN,01-JAN-18,J
4415,AAB00478,BO003,PREMIER INSURANCE CO OF PAKISTAN LTD,HASSAN ARCADE CANTT MULTAN ,MULTAN,01-JUL-76,J
4416,BOA03350, 000,PRIME HOSPITAL,"NISHTAR ROAD, MULTAN",MULTAN,28-OCT-21,J
4417,BOA02949, 000,PRINCE BANQUET HALL,ADJUSANT PIZZA.COM MULTAN CANTT,MULTAN,01-JAN-18,J
4418,BOA01180, 000,PRINCE CLOH HOUSE,BOHRA STREET MULTAN CANTT,MULTAN,01-FEB-10,J
4419,BOA00565, 000,PRINCE DEPARTMENTAL STORE,QUAID A AZAM SHOPPING CENTER MULTAN ,MULTAN,15-MAR-96,J
4420,BOA03594, 000,QAISRANI FILLING STATION,CHUNGI NO.1 SURAJ MIANI ROAD MULTAN,MULTAN,01-JUL-22,J
4421,BOA02761, 000,QAISRANI MEDICAL CENTRE,7UP FACTORY ROAD NEAR MDA CHOWK ,MULTAN,01-JAN-17,J
4422,BOA02960, 000,QAVI JANITORIAL SERVICES,"HOUSE # 09, GALI BABA RAMZAN, QASIM BEELA",MULTAN,01-JUL-18,J
4423,BOA02964, 000,QUICK COMPANY,"QASIM BELA BASTI, SHOR KOT",MULTAN,01-JUN-18,J
4424,BOA03082, 000,R. Z. ENTERPRISES,"OFFICE NO. 05, GUJJAR KHADDA ROAD,MIAN PLAZA,DERA ADDA ",MULTAN,01-OCT-19,J
4425,BOA03634, 000,RAHEEM'S BAKE HOUSE,SHAHRAH E QUAID-E-AZAM ROAD CANTT MULTAN,MULTAN,31-MAY-23,J
4426,BOA03348, 000,RAMZI BRAIN & SPINAL CENTRE,NISHTAR ROAD MULTAN,MULTAN,28-OCT-21,J
4427,BOA02750, 000,RANG ALI FABRICS,BOHRA STREET MULTAN CANTT,MULTAN,01-DEC-17,J
4428,BOA02209, 000,RASHID AND COMPANY,NEAR NISHAT SCHOOL POLICE LINES ROAD MULTAN,MULTAN,01-NOV-14,J
4429,BOA00960, 000,RED CLAY TOTAL PETROL PUMP,NUSRAT ROAD NEAR RADIO PAKISTAN MULTAN CANTT ,MULTAN,01-JUL-05,J
4430,BIA01991,BO105,REFUM RETAIL PVT LTD (BORJAN SHOE STORE,NEAR CHASE VALUE OLD BAHWALPUR ROAD ,MULTAN,01-SEP-25,J
4431,AAB01679,BO008,REGIONAL OFFICE MULTAN (PAK SUZUKI MOTOR CO.LTD),OFFICE #402 4TH FLOOR UNITED MALL ABDALI ROAD MULTAN,MULTAN,01-DEC-22,J
4432,BOA00633, 000,REHMAN MEDICAL COMPLEX,NISHTER ROAD ,MULTAN,03-JUN-98,J
4433,BOA01227, 000,REHMAT FOOD INDUSTORIES,SURIJ MIANI ROAD,MULTAN,01-JAN-09,J
4434,BOA01703, 000,RISUS HOTEL,64/2 ABDALI ROAD ,MULTAN,01-JAN-12,J
4435,BOA03694, 000,ROOHI TV,NEAR SP CHOWK,MULTAN,01-JUL-22,J
4436,BOA03301, 000,ROYAL MANSION HOTEL,"47-A, TARIQ ROAD, MULTAN CANTT",MULTAN,01-JAN-21,J
4437,BOA02950, 000,ROYAL TAG,"C/O UNITED MALL, UNITED MALL, ABDALI ROAD",MULTAN,01-JAN-18,J
4438,BOA03400, 000,S CHALET MULTAN,"NEAR CHUNGI NO. 1, NEAR AIRPORT ROAD, MULTAN",MULTAN,01-APR-21,J
4439,BOA01523, 000,SACRED HEART GIRLS HIGH SCHOOL,SHERSHAH ROAD MULTAN CANTT,MULTAN,01-APR-09,J
4440,BBA01258,BO001,SALES AND SALES PVT LTD,76-C NUSRAT ROAD SP CHOWK MULTAN CANTT ,MULTAN,01-JUL-07,J
4441,BIA05715,BO002,SARMIK PVT LTD C/O MIAP,MULTAN INTERNATIONAL AIRPORT ,MULTAN,01-JAN-24,J
4442,AAB00840,BO008,SAUDI ARABIAN AIRLINES,"ROOM NO. 57, INT'L BRIEFING AREA MULTAN AIRPORT",MULTAN,01-MAR-17,J
4443,AAF00628,BO005,SECURITY AND PROTECTION SYSTEM PVT LTD RBC NISHTER,C/O NISHTER BLOOD CENTER AND KIDENY CENTER MULTAN,MULTAN,01-DEC-24,J
4444,BIA02418,BO006,SEFAM PRIVATE LIMITED,DUBAI PLAZA MALL ROAD MULTAN CANTT,MULTAN,06-JAN-11,J
4445,BIA00013,BO011,SERVIS INDUSTRIES LTD (SHOE BOX),SHOE BOX AZIZ BHATTI ROAD MULTAN CANT ,MULTAN,01-SEP-19,J
4446,BIA00013,BO093,SERVIS SHOES STORE SB-116,"GHANI BUKHARI ROAD,CANTT",MULTAN,01-AUG-23,J
4447,BIA00013,BO091,SERVIS SHOES STORE SB-179,"SERVIS SHOES ABDALI ROAD, MULTAN",MULTAN,01-AUG-23,J
4448,BIA00013,BO040,SERVIS SHOES-SB067(SERVICE INDUSTRIES LIMITED),"NISHATR CHOWK, NEAR FOOD FESTIVAL, MULTAN",MULTAN,01-MAY-21,J
4449,BOA00808, 000,SHADAB ICE & COLD STORAGE,NR POLICE STATION SURAJ MIANI ROAD ,MULTAN,10-DEC-02,J
4450,BOA01954, 000,SHAHEEN AIRPORT SERVICES,ROOM #10 MULTAN AIRPORT MULTAN,MULTAN,01-MAR-12,J
4451,BOA03330, 000,SHAHEEN FOUNDATION SECURITY SERVICES PVT LTD,"HOUSE # 126-J, GULISTAN COLONY, MULTAN",MULTAN,15-DEC-21,J
4452,BOA01795, 000,SHAKEEL CHAMP HOUSE,I/S LAL KURTI MULTAN CANTT.,MULTAN,01-MAY-12,J
4453,BOA00606, 000,SHANGRILA GARDENS BARBE-CUE RESTAURANT,NEAR HIGH COURT ,MULTAN,25-JUN-97,J
4454,BOA00458, 000,SHANGRILLA CHINEES CONTINTL RESTAURANT,BOHAIRA STREET OPP SHANGRILLA RESTAURANT MULTAN CANTT,MULTAN,01-JUL-92,J
4455,BOA03619, 000,SHANGRILLA CUISINE BAKERS & SWEETS CANTT,1-MALL SHOPPING CENTER MULTAN CANTT,MULTAN,01-JUN-22,J
4456,BOA03677, 000,SHANGRILLA CUISINE BAKERS & SWEETS MDA,MDA CHOWK,MULTAN,01-OCT-23,J
4457,BOA00187, 000,SHANGRILLA SNACK BAR,AZIZ SHAHEED ROAD MULTAN CANTT MULTAN,MULTAN,01-MAY-79,J
4458,BOA01087, 000,SHANGRILLA SWEET & BAEKERS,SHOP#15 MALL SHOPING CENTRE MALL RD MULTAN CANTT,MULTAN,01-OCT-08,J
4459,BOA01464, 000,SHE SHOP,MAIN SADAR BAZAR MULTAN CANTT,MULTAN,30-NOV-10,J
4460,BOA00805, 000,SHEIKH TRADERS,44-A TIPUSULTAN ROAD ,MULTAN,01-APR-03,J
4461,BOA02310, 000,SHIRT & TIE SHOP,2ND FLOOR CHENONE TOWERS ABDALI ROAD ,MULTAN,01-JAN-14,J
4462,BOA02740, 000,SIRAJ & SONS,"109-BOHRA STREET, MULTAN CANTT, SHER SHAH",MULTAN,01-NOV-17,J
4463,BOA03760, 000,SLICE FUSION,AL-TAMASH ROAD NEAR ABM MALT GUJJAR KHADDA ,MULTAN,28-MAR-24,J
4464,BOA03389, 000,SMART HR SERVICES PVT LTD,"Office # 02, Street # 04, Khayaban-e-Iqbal, manga mandi, lahore",LAHORE,21-APR-22,J
4465,BOA03207, 000,SOUTH PUNJAB CLINICS,"SURAJ MIANI ROAD, CHUNGI NO. 01",MULTAN,01-JUL-18,J
4466,BOA00354, 000,ST MARYS CONVANT HIGH SCHOOL,MULTAN CANTT MULTAN ,MULTAN,01-APR-89,J
4467,AAG00582,BO003,STAR MARKETING,"CHENONE TOWER 2ND FLOOR, ABDALI ROAD, MULTAN",MULTAN,01-JUL-16,J
4468,BOA03862, 000,STARK INDUSTRIAL SOLUTIONS PVT LTD MULTAN AIRPORT,"BESIDE N-5 METRO STATION, SRINAGER HIGHWAY, MOTORWAY CHOWK, JHANGI SYDIAN I",ISLAMABAD,20-DEC-24,J
4469,BOA01173,BO002,STYLO FRANCHISE,"KHUSHI DIGITAL, ABDALI ROAD, NEAR STATE LIFE BUILDING CHOWK NAWAN SHER ",MULTAN,01-JUN-18,J
4470,BOA03614, 000,STYLO FRANCHISE-CS MULTAN CANTT,PLOT NO.15/9-2 AZIZ SHAHEED ROAD MULTAN CANTT,MULTAN,23-MAR-23,J
4471,BOA03866, 000,STYLO FRANCHISE-NISHTER CHOWK MULTAN(1264),NEAR CHASE VALUE QASWAR GARDEZI ROAD NISHTER CHOWK MULTAN,MULTAN,20-DEC-24,J
4472,BOA01173, 000,STYLO franchise Multan 1,"Opposite Shingrilla Bakery, Mall Road, Multan Cantt",MULTAN,01-JAN-09,J
4473,BOA01982, 000,SUBWAY,NEAR HIGH COURT MULTAN CANTT,MULTAN,01-JUL-10,J
4474,BID01745,BO001,SUMMIT MOBILE (PRIVATE) LIMITED,"3RD FLOOR PKOK TOWER, NISHTER CHOWK, OLD BAHWALPUR ROAD",MULTAN,01-JAN-19,J
4475,BOA01903, 000,SUN MODEL HIGH SCHOOL (FATIMA JINNAH CAMPUS),MOHALLAH SHAH GHOUSABAD SURAJ MIANI ROAD MULTAN,MULTAN,01-NOV-12,J
4476,BOA01901, 000,SUN MODEL HIGH SCHOOL(WALI CAMPUS),MOHALLAH SHAH GHOUSABAD SURAJ MIANI ROAD MULTAN,MULTAN,01-NOV-12,J
4477,BOA00909, 000,SUN MODEL MIDDLE SCHOOL,NR MDA CHOWK   ,MULTAN,10-DEC-02,J
4478,BOA02486, 000,SUN RISE GUEST HOUSE,BEHIND COSMOS BEAUTY PARLOUR OLD BAHAWALPUR ROAD,MULTAN,01-JAN-15,J
4479,BOA00613, 000,SUPER GAS,QASIM ROAD IMPERIAL CINEMA CHOWK MULTAN CANTT PH: 545365,MULTAN,01-JAN-98,J
4480,BOA02943, 000,SURMAWALA,"OPEL SHAHEED ROAD NEAR STYLO SHOES, MULTAN CANNT,",MULTAN,01-JAN-18,J
4481,AAA00052,BO001,SUZUKI MOTORCYCLES PAKISTAN LTD,"4TH FLOOR, UNITED MALL, ABDALI ROAD, MULAN",MULTAN,01-DEC-91,J
4482,BOA03478, 000,TAJ MAHAL MARRIAGE HALL,"TARIQ ROAD, MULTAN",MULTAN,28-OCT-21,J
4483,BOA02343, 000,TALHA ULTRA SOUND SPECIALIST,KHAN MEDICAL CITY NISHTAR ROAD,MULTAN,01-JUL-13,J
4484,FAA01096,BA043,TELENOR CANTT FRANCHISE,KHAWER CENTRE NEAR SP CHOWK MULTAN CANTT,MULTAN,01-DEC-11,J
4485,BOA03745, 000,TEST ZONE DIAGNOSTIC CANTRE,OPP NISHTER HOSPITAL ROAD ,MULTAN,01-DEC-23,J
4486,BOA01898, 000,THE COUNTRY SCHOOL ,RAZA ABAD CHOWK SURAJ MAINI ROAD MULTAN ,MULTAN,01-NOV-11,J
4487,BBA00089,BO002,THE DAILY JANG MULTAN,76-C NUSRAT ROAD ,MULTAN,07-OCT-02,J
4488,BOA02835, 000,THE DINNERS SHOP,"SHOP 23-25, GROUND FLOOR ,UNITED MALL",MULTAN,01-JAN-13,J
4489,BOA01215, 000,THE EDUCATERC AL ZAKRIA CAMPUS,NR MDA CHOWK SURIJ MIANI ROAD,MULTAN,01-JAN-09,J
4490,BOA02945, 000,THE FIRST HOTEL,NEAR CASARREDO BAHWALPUR ROAD ,MULTAN,01-JAN-18,J
4491,BOA03388, 000,THE GARDENERS,"OFFICE # 122, 1ST FLOOR, METRO PLAZA, QASIM ROAD, MULTAN CANTT",MULTAN,01-MAR-22,J
4492,BOA02903, 000,THE MULTAN CHAMBER OF COMMERCE & INDUSTRY,NEAR KALMA CHOWK,MULTAN,01-JUL-08,J
4493,BOA00501, 000,THE PUBLIC SCHOOL,AL ZAINAB OLD BAHAWALPUR ROAD MULTAN ,MULTAN,09-SEP-92,J
4494,BOA03385, 000,THE STEM SCHOOL KHANCEPT EDUCATIONAL SOLUTIONS P.L,"HOUSE NO. 232, JAMEELABAD ROAD, AIRPORT ROAD, MULTAN CANTT ",MULTAN,05-MAY-21,J
4495,BOA03923, 000,TIME EXCHANGE COMPANY (PRIVATE) LIMITED,SHOP # 129 FIRST FLOOR MALL PLAZA SHANGRILLA CHOWK ,MULTAN,29-JAN-24,J
4496,BOA03670, 000,TIMES CONSULTANT,59 C-2 FIRST FLOOR JALIL CENTER ABDALI ROAD,MULTAN,01-JUL-22,J
4497,BOA01984, 000,TONI SHOES,MULTAN CANTT,MULTAN,01-JAN-13,J
4498,BIA02552,BO002,TOTAL ATLAS LUBRICANTS PAKISTAN,OFFICE NO.1 1ST FLOOR CITY SQUARE LMQ ROAD,MULTAN,14-JUL-97,J
4499,BBA01257,BO001,TOTAL MEDIA SOLUTION PVT LTD,76-C NUSRAT ROAD SP CHOWK MULTAN CANTT ,MULTAN,01-JUL-07,J
4500,AAF03386,BO003,TTALENT NETWORK INT. (AVARI XPRESS HOTEL & BOUTIQU,"OPP. MULTAN HIGH COURT, OLD BAHAWALPUR ROAD MULTAN",MULTAN,01-AUG-17,J
4501,BOA03469, 000,U TRACK,"DOST MEDICAL COMPLEC, AL-RAHIM COLONY, MULTAN",MULTAN,01-JAN-21,J
4502,AAC02815,BO012,U&I Garments (Pvt) Ltd - JDOT- Multan-02,Ground floor united mall abdali road,MULTAN,01-JUL-08,J
4503,AAE01274,BO032,UNIQUE FOOD SERVICE COMPANY(DOMINOS PIZZA),SHOP #1 ISLAM TOWER 412 QUAD E AZAM ROAD MULTAN CANTT,MULTAN,01-MAY-22,J
4504,BOA02470, 000,UNITED MALL Abdali Road,The United Mall Abdali road Multan,MULTAN,01-APR-13,J
4505,BOA01796, 000,UNIWORTH APPAREL (PRIVATE) LIMITED,BOHRA STREET OPP. ENGLISH SHOES,MULTAN,01-MAY-12,J
4506,BID01625,BO017,URBAN SOLE,"AZIZ BHATTI SHAHEED ROAD, NEAR MAL PALAZA",MULTAN,01-JAN-20,J
4507,BID01625,BO016,URBAN SOLE,"OLD BAHWALPUR ROAD, NISHTER CHOWK, MULTAN",MULTAN,01-JAN-20,J
4508,BBA01256,BO001,VALUE ADDED OUTSOURCING SERVICES CORPORATION PVT T,76-C NUSRAT ROAD SP CHOWK MULTAN CANTT ,MULTAN,01-JUL-07,J
4509,BOA03086, 000,VENTUS AGRO PRIVATE LIMITED,22 TIPU SULTAN ROAD ,MULTAN,01-JAN-20,J
4510,BOA02745, 000,WARDA DESIGNER COLLECTION (PVT) LTD,WARDA MULTAN CANTT ISLAM TOWER,MULTAN,01-JUL-17,J
4511,BOA01818, 000,WASEEB TV,R 44 DEFENCE VIEW HOUSING SOCOETY SHER SHAH RD MULTAN,MULTAN,01-MAY-08,J
4512,BOA03785, 000,WASEELA LAB & DIAGNOSTICS,ZAINAB ARCADE NISHTER ROAD ,MULTAN,01-APR-24,J
4513,BOA01081, 000,WASEEMA TALLAT CLINIC,1 QUAID E AZAM ROAD MULTAN CANTT,MULTAN,01-FEB-09,J
4514,BOA03116, 000,WELLWISHER SECURITY SERVICES,(PIC MULTAN POJECT) OFFICE # 51 MZ CENTERAL PLAZA BARAKAT MARKET LAHORE,LAHORE,01-JAN-20,J
4515,BOA00076, 000,WOMENS CHRISTIAN HOSPITAL,85 NUSRAT ROAD MULTAN CANTT ,MULTAN,01-JUL-76,J
4516,BOA00634, 000,ZAIB FLOUR & GENERAL MILLS,NEAR M.D.A.DISPOSAL SURAJ MIANI ,MULTAN,02-JUN-99,J
4517,BID01437,BO001,ZAMEEN.COM,2ND FLOOR JALIL CENTER ABDALI ROAD,MULTAN,01-FEB-18,J
4518,POA00022, 000,ZANZIBAR RESTAURANT,64-A ABDALI ROAD ,MULTAN,15-NOV-02,J
4519,BOA01797, 000,ZEENAT MEDICAL CENTRE,NISHTAR HOSPITAL ROAD MULTAN,MULTAN,01-MAY-12,J
4520,BOA00449,BO002,ZENABIA JUNIORS,GHOUS UL AZAM ROAD,MULTAN,01-JAN-17,J
4521,BOA00927, 000,igi gENERAL INSURANCE LIMITED,"Mezzanine Floor, Abdali Tower, Abdali Road, Multan ",MULTAN,01-MAY-02,J
4522,BOA02946, 000,mOCCIANI,MALL ROAD MULTAN,MULTAN,01-JAN-18,J
4523,BOA03225, 000,)JASPAL CONSTRUCTION CO (DHA MULTAN,H# 11 STREET # 4 BLOCK A SOAN GARDEN ISLAMABAD,MULTAN,01-JAN-18,O
4524,BOA01755, 000,4 ZEES FABRICS,H-OPP GIRLS COMPREHENSIVE SCHOOL GULGHAST COLONY ,MULTAN,01-JUL-10,O
4525,AAE02719,BO090,A Q MAN POWER (C/O BK MALL OF MULTAN),"4TH FLOOR FOOD COURT MALL OF MULTAN, BOSAN ROAD.",MULTAN,01-JAN-18,O
4526,AAE01525,AA011,A Q MAN POWER C/O PIZZA HUT ,GULGHAST COLONY .,MULTAN,01-APR-13,O
4527,BOA02253, 000,A Q MANPOWER (BURGER KING)MULTAN,NEAR PIZZA HUT GULGHAST COLONY .,MULTAN,01-FEB-14,O
4528,BOA02701, 000,A Y N IT SERVICES,UPPER FLOOR PLOT NO. 1117/A/SH NASHEMAN MORR BOSAN,MULTAN,01-JUL-17,O
4529,BNA00219,BO001,AA CONSTRUCTION,"FAROOQBAD, HAJI SHAH,PO QASBA GUJRAT.",MULTAN,11-OCT-17,O
4530,BOA00505, 000,ABDUL GHAFOOR TANNERY,98 INDUSTRIAL ESTATE MULTAN ,MULTAN,01-JAN-94,O
4531,BOB00081, 000,ABDULLAH COTTON GINNERS,BASTI MALOOK ROAD MAUZA WAI BHAKHAR,MULTAN,01-DEC-11,O
4532,BOA02401, 000,ABDULLAH OIL MILLS,BAHAWALPUR SUKHAN LAR ROAD SHER SHAH BY-PASS MUZAFARGARH ROAD MULTAN ,MULTAN,01-DEC-13,O
4533,KCC00023, 000,ABDULLAH STEEL CASTING,PLOT NO 13-A/4 INDUSTRIAL ESTATE MIANCHANNU ,MULTAN,01-FEB-95,O
4534,BOA02939, 000,ABSOLUTUS (PRIVATE) LTD.,RAILWAY ROAD NEAR AL NAJAF HOSPITAL ,MULTAN,01-JAN-18,O
4535,BOD00007, 000,ABU KHALIL COTTON GINNING PRESSING FAC.,PUL BAGHAR TEHSIL KABIR WALA KHANEWAL ...,MULTAN,01-DEC-80,O
4536,BOA01753, 000,ADLER SHOP ,H-OPP TREND STORE GULGHAST COLONY ,MULTAN,01-JUL-10,O
4537,BOA02876, 000,ADNAN FOOD INDUSTRIES,"GHANAY WALI BASTI SUI GAS ROAD (0315-6883732), MULTAN",MULTAN,01-JUL-17,O
4538,BOA02080, 000,AFZAL PAPER,PLOT # 36 NEAR GHOUSE FIBERS INDUSTRIAL ESTATE MULTAN,MULTAN,01-MAR-13,O
4539,BOA01423, 000,AGHA SECURITY SERVICES,near rasheed abad chowk khanewal road,MULTAN,01-JUL-08,O
4540,BIB03777,BI014,AHEAD BRANDS SMC PVT LTD,SHOP# 17-A GOL BAGH ROAD GULGASHT COLONY.,MULTAN,01-OCT-19,O
4541,BOA01394,BO001,AL FAHAD CLOTH HOUSE, NEAR RASHEEDABAD KHANEWAL ROAD MULTAN,MULTAN,01-JUL-10,O
4542,BOA03153, 000,AL HAFI & CO PVT LTD,H-PLOT #93-1/A NEAR KHADI GOL BAGHGULGASHT COLONOY,MULTAN,01-JUL-19,O
4543,BOA01002, 000,AL HAMAD AGRO INDUSTRIES,OLD SHUJABAD ROAD LABAR ,MULTAN,01-OCT-06,O
4544,BOA01002,BO001,AL HAMD AGRO IND UNIT # 02,NEAR KHOKHARAN CHOWK OPPOSIT SHABBIR CHICKS OLD SHUJABAD ROAD,SHUJABAD,01-DEC-14,O
4545,KCC00021, 000,AL HAMD COTTON INDUSTRIES,TULUMBA ROAD MIANCHANNU ,MULTAN,01-OCT-94,O
4546,BOA01280, 000,AL HUDA ISLAMIC PUBLIC SCHOOL ,H-SABZAR COLONY BOSAN ROAD ,MULTAN,01-JUL-08,O
4547,BOA01964, 000,AL REHMAN PACKAGES,61-E INDUSTRIAL ESTATE MULTAN,MULTAN,01-JAN-12,O
4548,BOA00585, 000,AL-Raheem enterprises,OLD SHUJABAD ROAD MOUZA ALAMGIR NEAR CHOWK NAG SHAH ,MULTAN,01-SEP-96,O
4549,BOA01013, 000,ALI AKBAR AGRO INDUSTRIES,SHUJABAD ROAD ,MULTAN,01-JAN-07,O
4550,BOE00045, 000,ALI COTTON GINNERSARSHAD INDS,PUL RANGO KABIRWALA DISTT KHANEWAL ,MULTAN,15-NOV-86,O
4551,BOA01526, 000,ALI FABRICS,BASTI DAIRA MOH GHULAM ABAD NR TIMBER MARKET ,MULTAN,01-SEP-09,O
4552,BOA01250, 000,ALLAH TAWAKAL CNG STATION,NEAR WAPDA GRID STATION VEHARI ROAD,MULTAN,01-JUL-09,O
4553,BOA02874, 000,ALLIED SCHOOL (ZAINAB CAMPUS),"1724, NEW SHALIMAR COLONY, MEHMOOD GYM STREET-H",MULTAN,01-JUL-17,O
4554,BOA02958, 000,AMEEN JANITORIAL SERVICE,OLD SHUJABAD ROAD PURANI CHAIN MARRI MULTAN,MULTAN,01-JUL-18,O
4555,BOA01799, 000,AMEER HASSAN OIL AND ICE FACTORY,BASTI KHOKHRAN OLD SHUJABAD ROAD,MULTAN,01-JUL-12,O
4556,BOB00035, 000,AQEELA COTTON INDUSTRIES PVT LTD,BUMB MORE JALALPUR PIRWALA ,MULTAN,08-OCT-95,O
4557,BOA02119, 000,ARCHITECTURAL HERITAGE,CONTRACTOR CCBPL- PLOT#140 TO 148 INDUSTRIAL ESTATE PHASE-II,MULTAN,01-APR-14,O
4558,KCA00009, 000,ASHIQ AND COCH.COTTON LESSE USMAN COTTON,KABIRWALA ROAD ,MULTAN,01-OCT-94,O
4559,BOB00034, 000,ATTA INDUSTRIES COTTON GINNING PRESSING,MOUZA LUTAFPUR TEHSIL SHUJABAD ,MULTAN,15-NOV-95,O
4560,BOA01220, 000,AZEEM CNG STATION,NEAR PFL KHANIWAL ROAD,MULTAN,01-JUL-09,O
4561,BOA00181, 000,BAGHDAD OIL MILLS,NEAR TOWER CHOWK SHAH ABBAS VEHARI ROAD MULTAN,MULTAN,01-OCT-78,O
4562,BOB00020, 000,BAJWA COTTON FACTORY,LODHRAN ROAD JALAL PUR PIRWALA SHUJABAD ,MULTAN,01-NOV-88,O
4563,BOA00222, 000,BAJWA COTTON GINNING & PRESSING FACTORY,BASTI MALOOK TEH & DISTT MULTAN ,MULTAN,01-SEP-81,O
4564,BIA00165,BO018,BANU MUKHTAR CONTRACTORING PVT LTD,MUKHTAR A SHEIKH MEMORIAL WELFARE TRUST HOSPITAL NEAR PFL KWL ROAD ,MULTAN,01-FEB-16,O
4565,BOA02549, 000,BARI BUILDERS,NEAR PAKARAB FERTILIZER KHANEWAL ROAD,MULTAN,01-AUG-16,O
4566,BOA01881, 000,BERLEX LAB INTERNATIONAL,NEAR CHOWK NAG SHAH OLD SHUJABAD ROAD,MULTAN,01-NOV-11,O
4567,BOA02535, 000,BEST COMMUNICATION , ALI PLAZA MASOOM SHAH ROAD NEAR CHOWK QAZAFI ,MULTAN,01-AUG-16,O
4568,BOA03058, 000,BILAL ENTERPRISES,"SHAMAS ABAD COLONY, NEAR SHAH SHAMS PARK,",MULTAN,01-AUG-19,O
4569,BIB02353,BO001,BILAL SWITCHGEAR ENGINEERING (PVT) LTD (METRO MUL),H-11 K.M RAIWIND ROAD LAHORE,MULTAN,01-MAY-20,O
4570,BOA02093, 000,BLUEFIN CONSULTANCY,Shop # 5 opp Coca cola VEHARI ROAD,MULTAN,04-NOV-13,O
4571,BOA00819, 000,BUSHRA COTTON FACTORY,MARAL ROAD BAHAWALPUR SUKHA NR SHER SHAH BY-PASS ,MULTAN,27-NOV-02,O
4572,BOA01092,BO001,C.CO ELECTRNIC MOTOR CYCLE PVT LTD,INDUSTRIAL ESTATE MULTAN,MULTAN,09-AUG-11,O
4573,AAH01417,BO006,CAREEM NETWORKS PAKISTAN PVT. LTD,"CAREEM HOSUSE, 26-T, RAHIM CHOWK, MASOOM SHAH ROAD, MULTAN",MULTAN,18-MAY-17,O
4574,BOA01125, 000,CENTRAL TEXTILE MANAGEMENT,C/O COLONY TEXTILE ISMAILABAD,MULTAN,01-APR-09,O
4575,BOB00028, 000,CH COTTON AGENCY (DAYAN GHANI COTTON AND OIL MILL),LAR ROAD SHUJABAD P.O. SIKANDARABAD TEHSIL SHUJABAD,SHUJA ABAD,01-OCT-89,O
4576,BOA00974, 000,CHAMAN SULTANA FABRICS (PVT) LTD,8-HOME TEX EXPORT ZONE ANSARI CHOWK ,MULTAN,01-APR-06,O
4577,BOA00649,BO001,COCA COLA BEVERAGES PAKISTAN LTD (SALES CENTRE),BAHAWAL PUR ROAD,MULTAN,01-AUG-10,O
4578,BOA02764, 000,COFFEE PLANET,NEAR ASKARI JHEEL MULTAN CANTT,MULTAN,01-DEC-17,O
4579,BOA03421, 000,CORNER CLINIC PVT LTD,"COLRNER CLINIC GULSHAN MARKET, BLOCK S NEW MULTAN",MULTAN,01-JAN-22,O
4580,BOA02427, 000,COSMOPOLITAN SECURITY SERVICES,CHOWK NAAG SHAH NEAR SAIFAL FLOUR MILL MUZAFARGARH BY PASS ROAD SHER SHAH,MULTAN,01-APR-15,O
4581,BOA02405, 000,CRFG-HRL-MATRACON J.V,AAM KHAS BAGH NEAR ALI CHOWK DAULAT GATE,MULTAN,06-MAY-15,O
4582,BOA01268, 000,CRYSTAL CNG STATION ,OPP FAZAL CLOTH MILLS QADIR PUR RAWAN BYPAS,MULTAN,01-JUL-08,O
4583,BIA04804,BO002,DAEWOO CAB (PVT) LTD,C/O DAEWOO BUS SERVICE,MULTAN,01-JAN-17,O
4584,BOA02383, 000,DANISH WAQAR OIL AND ICE UNIT # 02,BAHAWALPUR SUKHAN LAR ROAD SHER SHAH BY-PASS ROAD ,MULTAN,02-DEC-13,O
4585,BOA01057, 000,DANISH WAQAR OIL MILLS,SHER SHAH BY PASS ,MULTAN,01-DEC-07,O
4586,BOA01800, 000,DAWOOD PACKAGES,SUI GAS CHOWK NEAR DAMAN DAAL FACTORY,MULTAN,01-JAN-11,O
4587,BOA01852, 000,DESI KARAHI POINT,GULSHAN MARKET NEAR ITALIAN PIZZA NEW MULTAN,MULTAN,01-JAN-12,O
4588,BOA01553, 000,DETAILING STUDIO MOTORS,OPP DAWOO TERMINAL KHANEWAL ROAD,MULTAN,15-MAR-11,O
4589,BOB00130, 000,DOST BUILDER,"ALIPUR MORE,JALALPUR",MULTAN,01-AUG-16,O
4590,BOA02723, 000,DOST FOOD,RANGEELPUR SURAJKUND ROAD MULTAN,MULTAN,01-OCT-17,O
4591,BOB00106, 000,ECO PROCESSING,21-KM OLD SHUJABAD ROAD,MULTAN,01-JUL-15,O
4592,BOA03113, 000,EHSAN CHAPPAL STORE (ECS),GULSHAN MARKET MULTAN,ABBASPUR,01-FEB-20,O
4593,BOA02037,BO002,EKO-KRC-JV,BAHAWALPUR SUKHAN LAAR ROAD MULTAN,MULTAN,02-DEC-11,O
4594,BOA00534, 000,ELLAHI SIZING ,NEAR PAKARAB KHANEWAL ROAD ,MULTAN,01-JAN-93,O
4595,AAB00036,BO038,ENGRO POLYMER CHEMICALS MULTAN WAREHOUSE,DUNIYA PUR ROAD NEAR BASTI AHAL PUR NEAR BY PASS ROAD,MULTAN,01-JAN-12,O
4596,BIA02569,BO004,FAIR LINKS,TAPAL TEA WAREHOUSE CHOWK NAAG SHAH SHER SHAH ROAD,MULTAN,01-OCT-11,O
4597,BOA02035, 000,FAISAL COTTAGES(FAISAL MOVERS GROUP),ASKRIA BY PAS ROAD NEAR ASKRIA PHASE-11,MULTAN,01-JUN-11,O
4598,BOA01323, 000,FAISAL OIL MILLS,QASBA MARRAL ROAD NEAR BASTI BAHAWALPUR SUKHA,MULTAN,01-JAN-09,O
4599,BOA02156, 000,FAIZAN CORPORATION(DAAL CHAKKI),OPPOSITE CALTEX PETROL PUMP VEHARI ROAD MULTAN,MULTAN,01-JAN-14,O
4600,BOA02956, 000,FAROOQ ENGINEERING CONCERN MULTAN,H35 STREET # 2 REHMAN COLONY BEHIND NAZAR ABAD NEAR BILAL CHOWK OLD SHUJABAD ROAD,MULTAN,01-MAY-18,O
4601,BOA01257, 000,FAST CNG,BAHAWALPUR ROAD,MULTAN,01-JUL-09,O
4602,BOA00979, 000,FATEH PACKAGES,85-B INDUSTRIAL ESTATE ,MULTAN,01-APR-06,O
4603,BOA02013, 000,FEMTO ENGG(DHLAI FACTORY),CHAH JAMMON WALA VEHARI ROAD ,MULTAN,01-FEB-12,O
4604,BOA01955, 000,FOOD FESTIVAL,VEHARI ROAD WILLAYAY ABAD.,MULTAN,15-NOV-12,O
4605,BOA03072, 000,FOODCREATIVE ,"NFC-IET, KHANEWAL ROAD",MULTAN,01-OCT-19,O
4606,BOA02517, 000,FORT-II,MOUZA QAIANPUR OLD SHUJABAD ROAD,MULTAN,01-JAN-16,O
4607,BOA02181, 000,GENERAL TYRE AND RUBBER CO,KHANAWAL ROAD ,MULTAN,01-JUL-14,O
4608,BOA01628, 000,GHAUSIA BRICKS COMPANY,BHUTTA COLONY NEAR TIMBER MARKET VEHARI ROAD,MULTAN,02-APR-11,O
4609,BOA01340, 000,GHAZI SECURITY GUARDS PVT LTD ,844/E JEDDAH STREET MEHMOOD ABAD COLONY KWL ROAD ,MULTAN,01-JUL-09,O
4610,BOE00065, 000,GHOUSIA QUADERIA OIL MILLSAL-SHEIKH COTTON,G T ROAD MIAN CHANNU ,MULTAN,01-OCT-88,O
4611,BOA02513, 000,GOURMET BAKERS AND SWEETS,PAKGATE,MULTAN,01-JUN-16,O
4612,BOA02382, 000,GOURMET BAKERS AND SWEETS,MASOOM SHAH ROAD ,MULTAN,01-JUL-15,O
4613,KCB00069, 000,GREEN DRIVE CNG,PLOT-7,KABIRWALA,01-JUL-08,O
4614,BOB00121, 000,GREEN MUL (MSW PROCESSING PLANT),11 KM OLD SHUJABAD ROAD,MULTAN,01-JUN-15,O
4615,BOA02932, 000,GRILLIN RESTAURENT,"M.A. JINNAH ROAD, NEAR NORTHER BYPASS",MULTAN,01-APR-18,O
4616,BOA01641, 000,H.R PACKAGES,3/B INDUSTRIAL ESTATE MULTAN,MULTAN,01-AUG-10,O
4617,BOA03050, 000,HAFT ROZA PAIGHAM E SADAQAT MULTAN,"HOUSE 904, KARI MISRI KHAN, NAWAN SHEHAR MULTAN",MULTAN,01-MAY-19,O
4618,BOA02276, 000,HAMZA ENGG. WORKS,CHAH JAMMUWALA VEHARI ROAD MULTAN,MULTAN,01-JUL-14,O
4619,BOB00055, 000,HASSAN INDS,ADDA PIRAGHAIB JALALPUR PIRWALA RD SHUJABAD ,MULTAN,08-OCT-04,O
4620,BOA03248, 000,HOME CARE KITCHEN & INTERIOR CSMC PVT LTD (BUCH),SHOPE # 9 CRESCENT PLAZA NEAR JS BANK ISB,MULTAN,06-SEP-19,O
4621,AAF01982,BO016,HUMAN RESOURCES SOLUTION PVT LTD C/O ABBOTT,HASSANABAD GATE NO 2 KHENAWAL ROAD,MULTAN,01-SEP-16,O
4622,BOA03465, 000,HUSSAIN MEDICAL CENTRE ,PRINCE CLOTH STREET. NISHTAR ROAD MULTAN,MULTAN,01-AUG-20,O
4623,BOA01326, 000,HUSSAIN OIL MILLS,QASBA MARRAL ROAD NEAR BASTI BAHAWALPUR SUKHA,MULTAN,01-JAN-09,O
4624,AAE00130,BO046,IBL OPERATIONS (PVT.) LTD. MULTAN 2,"NEAR PARAZELSUS OFFICE, ISLAMI KANTA, VEHARI CHOWK",MULTAN,01-OCT-18,O
4625,BOA01719, 000,IMDAD CONCRETE,SUJAN POR ROAD BASTI SHAH HUSSAIN NEAR BYPAAS ROAD,MULTAN,01-JUL-11,O
4626,BOA02845, 000,INDUS CARBONIC (PVT) LTD,"OLD KHANEWAL ROAD NEAR PAK ARAB FERTILIZER OPPOSITE GHALLA GODOWN, MULTAN",MULTAN,01-JUL-17,O
4627,BOA01398, 000,INDUS OIL MILLS,NEW CENTRAL JAIL ROAD,MULTAN,01-JUL-10,O
4628,BOA03247, 000,INNOVATIVE ENTERPRISES C/O BUCH HOSPITAL,"1ST FLOOR, NEAR FATIMA HOUSING SOCIETY",MULTAN,13-OCT-20,O
4629,BOB00068, 000,IQRA WELFARE EDUCATION SYSTE(boys campus)M,NEAR SHEESHA WALI MASJID JALALPUR ROAD,SHUJABAD,01-JUL-08,O
4630,BOB00068,BO001,IQRA WELFARE EDUCATION SYSTEM (GIRLS CAMPUS),NEAR SHEESHAWALI MASJID JALALPUR ROAD,SHUJA ABAD,01-JUL-12,O
4631,BOA01919, 000,ISLAMIC IDEAL SCHOOL SYSTEM (new campus),"near jame ul uloom, MASOOM SHAH ROAD ",MULTAN,01-SEP-12,O
4632,KCB00098, 000,ITIFAQ RICE MILL,SMALL INDUS ESTATE MIAN CHANNU,MIAN CHUNNU,01-JAN-13,O
4633,BOA01465, 000,ITTEHAD AGRO SERVICES,SHUJABAD ROAD JALALPUR C/O SHUJABAD GROUP OF INDS ,JALALPUR,01-JAN-09,O
4634,BIA01106,BO032,IZHAR CONSTRUCTION PVT LTD,175 GULBERG 111 LAHORE,ABBASPUR,15-JUL-13,O
4635,BOB00038, 000,JALALPUR COTTON FACTORY,JALALPUR PIRWALA SHUJABAD ROAD ,MULTAN,15-OCT-00,O
4636,BOA00131, 000,JAYED BROTHERS,JAVED FAZAL COTTON WASTE FACTORY CHOWK SHAH ABBAS MULTAN,MULTAN,01-JUL-77,O
4637,BOA02566, 000,JEDDAH RICE,"KHOKHARAN CHOWK,OLD SHUJABAD ROAD,MULTAN",MULTAN,01-OCT-16,O
4638,BOA03035, 000,JEHAN PUBLICATIONS (DAILY JEHAN PAKISTAN),"2ND FLOOR, MULTAN TRADE CENTRE, OPPOSITE MEPCO HEAD OFFICE",MULTAN,01-JUL-18,O
4639,BOA02180, 000,JEWAY NEW MALIK GOODS,C/O COCA COLA BEAVREGE VEHARI ROAD MULTAN,MULTAN,01-JAN-14,O
4640,BOA01574, 000,JIA S BEAUTY SALOON,433-C SHAH RUKN E ALAM COLONY MULTAN,MULTAN,01-JUL-10,O
4641,BOA01744, 000,JINNAH ANDY WARS INSTITUTION OF TECHNOLOGY,AHMED PARK COLONY JAMA SAQLIAN CHOWK,MULTAN,01-NOV-11,O
4642,KCB00042, 000,KABIRWALA AGRO CHEMICALS INDUSTRIES,FAISAL COLONY KHANEWAL ROAD ,KANEWAL,18-MAR-07,O
4643,BOA02670, 000,KHAN INTERNATIONAL TEXTILES,bahar chowk  saman abad opp dr. farooq clinic multan ,MULTAN,01-MAY-17,O
4644,BOA02587, 000,KNOWLEDGE RAISE SCHOOL SYSTEM (JINNAH INST.OF COM),"H#71 BLOCK ""S"" NEW",MULTAN,01-JUL-16,O
4645,KCB00106, 000,KUMAIL HR SERVICES PVT.LTD,C/O NESTLE KABIRWALA DAIRY KABIRWALA,KABIRWALA,01-SEP-14,O
4646,BOA01658, 000,LAHORI MUHAMMADI NEHARI,BLOCK C OPP SABZI MANDI SHAH RUKNE ALAM MULTAN,MULTAN,01-JUL-10,O
4647,BOA02264, 000,LASANI SWEET,DOUBLE BHATUK VEHARI ROAD,MULTAN,01-JUL-14,O
4648,BOA02905, 000,M EHSAN UD DIN & COMPANY PVT. LTD,"34 MADINA BAZAR, OLD SARAFA BAZAR, PAK GATE",MULTAN,01-FEB-15,O
4649,BOA01493, 000,M M PLASTIC INDUSTRIES,NEW CENTRAL JAIL ROAD BEHIND AL NOOR OIL MILLS,MULTAN,01-JUL-09,O
4650,BOA02699, 000,M SADIQ WATER TANK,SUI GAS CHOWK SURAJ KUND ROAD NEAR AL SATTAR SOAP FACTORY ,MULTAN,01-JAN-17,O
4651,BOA02831, 000,M.A. HADI & CO. ACCOUNTANTS & AUDITORS,"1ST FLOOR, ZUBAIR MANZIL, KUTCHERY ROAD, MULTAN",MULTAN,01-JAN-18,O
4652,BOB00101, 000,M.ALI MARCHANTS,GRAIN MARKET SHUJABAD ,SHUJA ABAD,01-OCT-15,O
4653,BOA02412, 000,M/S DAATA DAAL FACTORY,NEAR BWP BY PASS ROAD BASTI KARIMABAD MUZAFFARGARH ROAD,MULTAN,01-MAR-15,O
4654,BOA02799, 000,M/S MULTAN POWER & TECHNICAL S ERVICES,"NEW BILAL COLONY, STREET # 02 BILAL CHOWK OLD SHUJABAD ROAD MULTAN",MULTAN,07-OCT-16,O
4655,BOA02414, 000,M/S TAIBA FOOD INDS,AL KHALIL COLONY FAREED CANAL VIEW NEAR NEW SHAH SHAMS COLONY,MULTAN,01-JUL-12,O
4656,BOA02279, 000,MADINA MARBAL FACTORY,TIMBER MARKET VEHARI ROAD MULTAN,MULTAN,01-JUL-14,O
4657,BOA02347, 000,MAKKAH INDUSTRIES,CHAH DHAL WALA NEAR LOHAR COLONY VEHARI ROAD,MULTAN,01-JUL-15,O
4658,BOA01698, 000,MAKKAH PRESSING FACTORY,2-KM NAAG SHAH CHOWK PEERAYWALA OLD SHUJABAD ROAD,MULTAN,01-JAN-10,O
4659,BOA01118, 000,MALIK NAZEER HUSSAIN (CONTRACTOR CTM),CONTRACTOR PACKING U#4 I CTM,MULTAN,01-APR-09,O
4660,BOA02450, 000,MAQBOOL JV CALSONS(CAUSTING),BACK SIDE FOOD MAKERS NEW SHAH SHAMS COLONY VEHARI ROAD,MULTAN,01-MAY-15,O
4661,BOB00128, 000,MASHALLAH COTTON FACTORY,MOUZA SABRA JALALPUR PIRWALA,MULTAN,01-SEP-16,O
4662,BOA01951,BO001,MASOOD AND COMPANY,XX-1/905 MEHMOODABAD COLONY NR JOYA PETROLPUMP KWL RD MULTAN,MULTAN,01-JUL-10,O
4663,BOA01826, 000,MEGA STEEL MILL,14 KM KHANWAL ROAD ,MULTAN,01-AUG-12,O
4664,BOA00503, 000,MEHR DASTGIR SPINNING MILLS LTD,AL MUZAFFAR KUTCHERY ROAD MULTAN ,MULTAN,01-OCT-93,O
4665,BOA03065, 000,MEP SOLUTIONS PVT LTD,C/o Avari Tower Multan,MULTAN,01-APR-18,O
4666,BOA01722, 000,MODERN BUILDING MAINTENCE,C/O COCA COLA BEVERAGE VEHARI ROAD MULTAN,MULTAN,01-JAN-12,O
4667,BOA02111, 000,MSL CONSTRUCTION COMPANY,TAWKAL TOWN OLD SHUJABAD ROAD,MULTAN,01-JUL-12,O
4668,BOA03022, 000,MUGHAL PLYWOOD PRESS,NEAR SASSI WALAMOZA RANGEELPUR,MULTAN,01-DEC-18,O
4669,BIC00301,BO002,MUHAMMAD ARSHAD LABOR CONTRACTOR NATIONAL FOOD ,12- KM BWP ROAD MUNIRABAD MULTAN ,MULTAN,01-JUL-11,O
4670,BOA01865, 000,MUHAMMAD FOODS,PULL ESA LAAR ROAD SHUJABAD,SHUJABAD,01-MAR-11,O
4671,BOA00162, 000,MUHAMMADI GLASS INDS,PLOT 3-D INDUSTRIAL AREA,MULTAN,01-DEC-78,O
4672,BOA01271, 000,MULTAN CNG SERVICE ,HASSAN ABAD KWL ROAD ,MULTAN,01-JUL-09,O
4673,BOA00678, 000,MULTAN TEXTILE PROCESSING INDUSTRIES,BY PASS CHOWK BAHAWALPUR ROAD ,MULTAN,01-JAN-01,O
4674,BOA00244, 000,MUNAWAR ENGINEERING (EX PAK ENG. & FOUNDRY WORKS),BCG CHOWK VEHARI ROAD MULTAN ,MULTAN,01-JAN-84,O
4675,BOA01020,BO001,MUSLIM PUBLIC SCHOOL (JUNIOR BRANCH),PEOPLES COLONY KH FAREED HOSPITAL STREET ,MULTAN,01-MAR-08,O
4676,BOA01377, 000,NADEEM SECURITY SERVICE,CHAH JAMMU WALA VEHARI ROAD,MULTAN,01-JAN-10,O
4677,BOA00463, 000,NAWAB FLOUR MILLS,KHANEWAL ROAD MULTAN NEAR PAKARA FERTILIZERS LTD,MULTAN,27-SEP-92,O
4678,BOA00230, 000,NAZ CINEMA,HILLAYATABAD COLONY VEHARI ROAD MULTAN ,MULTAN,01-JUL-76,O
4679,BOA00820, 000,NAZIM COTTON WASTE (IFTIKHAR ENTERPRISES),DERA MUHAMMADI SHER SHAH BY-PASS ROAD ,MULTAN,27-NOV-02,O
4680,BOA01870, 000,NEW BISMILLAH OIL MILLS,BILLI WALA ROAD SHER SHAH BY PASS,MULTAN,01-FEB-11,O
4681,BOA00296, 000,NEW GOLDEN OIL MILLS,CHOWK SHAH ABBAS VEHARI ROAD MULTAN ,MULTAN,01-DEC-86,O
4682,FAA00952,BO023,OIL & GAS DEVELOPMENT CORPORATION ,ADMINDTRATIVE OFFICE OGDCL PIR GIBAN ROAD,MULTAN,01-APR-13,O
4683,BOA02141, 000,ORA-HRL JV.,COCA COLA GREEN FIELD PHASE II INDUSTRIAL ESTATE,MULTAN,21-MAY-14,O
4684,BOA02312, 000,PACIFIC AGRO CHEMICALS CORP,4-H INDUSTRIAL ESTATE PHASE-I,MULTAN,01-JUL-14,O
4685,BOA02335, 000,PAPA GINO S RESTURANT ,NEAR RASHEED ABAD FLY OVER KWL ROAD ,MULTAN,01-JAN-15,O
4686,BOA00253, 000,PERACHA RICE & DALL FACTORY,4/B INDUSTRIAL ESTAT MULTAN ,MULTAN,01-JAN-85,O
4687,BOB00043, 000,QUAID-E-AZAM PUBLIC SCHOOL,JALALPUR PIRWALA ROAD SHUJABAD ,MULTAN,21-DEC-02,O
4688,BOA02850, 000,QURESHI SCRAP DEALER C/O CCBPL MTN,GULZAIB COLONY ST# 04 RAHEEM CHOWK,MULTAN,01-MAY-18,O
4689,BIB00384,BO002,R.B AVARI ENTERPRISES PVT. LTD.,1-E INDUSTRIAL ESTATE ,MULTAN,01-FEB-13,O
4690,BOA02423, 000,RAFIQUE LABOUR CONTRACTOR (NISHAT BOYS SCHOOL),NEW SHAH SHAMS COLONY BEHIND S.M FOOD MAKER VEHARI ROAD,MULTAN,01-JAN-15,O
4691,BOA02451, 000,RAHIM INDUSTRIES,HAJI SHARIF CHOWK NEAR MOMIN OIL MILLS MUZAFFARGARH ROAD BY PASS ,MULTAN,01-JUN-12,O
4692,BOA01246, 000,RAJAB CNG,BILAL CHOWK OLD SHUJABAD ROAD,MULTAN,01-JUL-09,O
4693,BIA00065,BI005,RANA WAKEEL AHMED,COLONY MILLS ISMAILABAD,MULTAN,15-JUL-12,O
4694,BOA01112, 000,RAO MUHAMMAD FAHEEM & CO,ENGRO W/HOUSE NEAR BOYS DEGREE COLLAGE,SHUJABAD,,O
4695,BOA03118, 000,RBF ENTERPRISES,"PLOT # 343, PHASE II INDUSTRIAL ESTATE",MULTAN,01-NOV-19,O
4696,BOA02884, 000,REEM FOOD INDUSTRIES,NEAR NAWAZ SHARIF AGRI UNI SUI GAS ROAD (03333333103),MULTAN,01-JAN-17,O
4697,BOA02177, 000,RESHAM MEHAL CLOTH HOUSE,NEAR EID GAH CHOWK KWL ROAD ,MULTAN,01-JAN-13,O
4698,BOB00094, 000,RIAZ OIL AND ICE MILL,RIALWAY ROAD SHUJABAD,SHUJABAD,01-JAN-13,O
4699,BOB00129, 000,RIZWAN ENTERPRISES,"MOUZA BASTI MITHU HAYA  TKHAN WALA,SHUJABAD ",MULTAN,01-NOV-16,O
4700,BOA00899, 000,S M HAMEED & CO,49-A INDL ESTATE ,MULTAN,01-JAN-04,O
4701,BOB00114, 000,S.T.M SCHOOL,CHAH TULSIWALA MOUZA SHAH PUR UBHA CHAK SARDARPUR,SHUJA ABAD,01-MAY-15,O
4702,BOA01879, 000,SAEED COTTON WASTE (ALPRIME TEX),NEAR THREE STAR SPNNING MILLS SHER SHAH BY PASS ROAD,MULTAN,,O
4703,BOA01856, 000,SAJJAN INDUSTRIES,ADHI BAGH SHUJABAD ROAD,MULTAN,01-DEC-10,O
4704,BOA03305, 000,SARCO CONSTRUCTION COMPANY (MADNI CHOWK PROJECT),BOMANJI SQUARE MULTAN CANTT.,MULTAN,01-JUL-21,O
4705,BOA02980, 000,SERANEA ENGINEERING COMPANY,"MAIN STREET NEAR SHEESH MEHAL MARRIAGE CLUB , AL MUSTAFA ROAD MULTAN",MULTAN,01-SEP-18,O
4706,BOA00236, 000,SHAFIQ ENIGNEERING COMPANY LIMITED,MUMTAZABAD SHAHRAH-E-RASHID MULTAN ,MULTAN,01-AUG-83,O
4707,BOA02421, 000,SHAFIQUE & CO. (CONSTRUTION CO. OF KIDNEY CENTRE),INSTITUTE OF KIDNEY CENTRE NEAR BWP BY PASS MUZAFFARGARH ROAD,MULTAN,01-JAN-15,O
4708,BOA00794,BO001,SHAHWAR FOUNDATION SCHOOL,84/85 JALILABAD COLONY,MULTAN,01-JAN-10,O
4709,BOA00951, 000,SHAKEEL & COMPANY(EX- SHAN FEEDS),qadirpur rawan kwl road ,MULTAN,05-APR-05,O
4710,BOA00721, 000,SHERAZ DAL FACTORY,SUI GAS ROAD BEHIND SURAJ KUND ROAD ,MULTAN,01-MAR-02,O
4711,BOA00801, 000,SHEZA INN HOTEL,CHOWK KUTCHERY ,MULTAN,10-JUN-03,O
4712,BOA01873, 000,SHUJA ABAD GASSOLINE,OPP ARIF CNG PURANA MULTAN ROAD,SHUJA ABAD,,O
4713,BOB00033, 000,SHUJABAD FLOUR MILLS,CHAK R.S. SHUJABAD ROAD ,MULTAN,01-MAR-95,O
4714,BOA01659, 000,SIAM CITY HOUSING SCHEEME,VEHARI ROAD OPP LATIF PETROLIUM SERVICE ,MULTAN,01-MAY-10,O
4715,AAB00386,BO043,SIEMENS(PAKISTAN) ENNG CO.LTD,WAPDA TOWN GRID STATION MULTAN,MULTAN,01-DEC-10,O
4716,BOA02352, 000,SIGNAL AND BINARY ENGINEERING PVT LTD,8-K KAINAT VILLAS SHAH RUKN E ALAM COLONY ,MULTAN,01-JUL-15,O
4717,BOA01748, 000,SILVER CRESENT MODEL HIGH SCHOOL,AHMED PARK NEAR FOOD FESTIVAL KHANEWAL ROAD,MULTAN,01-JAN-11,O
4718,AAC00394,BO012,SINGER PAK LTD.,17-HASSAN PERVANA COLONY MULTAN ,MULTAN,01-DEC-84,O
4719,AAC00394,BO052,SINGER PAKISTAN LIMITED,14-Y MADNI CHOWK GULSHAN MARKET NEW MULTAN,MULTAN,01-AUG-07,O
4720,BOA00180,BO002,SOLVANT TEXTRACTION PLANT,A PROJECT OF FATIMA ENTERPRISES LTD VEHARI ROAD MUMTAZABAD MULTAN,MULTAN,24-NOV-79,O
4721,BOA01404, 000,SOOPER GAS ( CNG STATION ),16- KM QADIR PUR RAWAN BY PASS MULTAN ,MULTAN,01-AUG-10,O
4722,BOA01362, 000,STYLO franchise Hussain agahi,SHOPPING MALL PLAZA HUSSAIN AGAHI,MULTAN,01-JAN-10,O
4723,BOA02400, 000,SUKHAIRA OIL MILL,BAHAWALPUR SUKHAN LAR ROAD SHER SHAH BY PASS MUZAFAR GARH ROAD MULTAN,MULTAN,01-DEC-13,O
4724,BOA00232, 000,SULTAN FLOUR & GENERAL MILLS LTD,FAZALABAD. VEHARI ROAD MULTAN ,MULTAN,01-JUL-82,O
4725,BOA01163, 000,SUPER TECH SERVICES,HOUSE 86 BLOCK D SHAH RUKN E ALAM COLONY.,MULTAN,01-JUL-09,O
4726,BIB00710,BO001,SUTLEJ SECURITY SERVICES PVT LTD,COMPUTER COLLEGE BUILDING OLD CHUNGI NO 9 KHANEWAL ROAD ,MULTAN,01-JUL-96,O
4727,BOA03119, 000,TAHTAN (PVT) LTD,3 K.M BAHAWALPUR ROAD MULTAN,MULTAN,01-SEP-19,O
4728,BIA01827,BO005,TAQ INTERNATIONAL CARGO SERVICES PVT LTD,CHOWK DERA ADDA ,MULTAN,13-FEB-02,O
4729,BOA00766, 000,TARIQ PUBLIC SCHOOL,STADIUM ROAD VEHARI ROAD.,MULTAN,01-DEC-02,O
4730,BOA02029, 000,TASTY BAMBO RESTAURANT & BANQUET LAWN,MUZAFAR GARH BY PASS ROAD,MULTAN,01-APR-13,O
4731,BOA02770, 000,TASTY CHAT PATTA,"GULSHAN MARKET, NEW MULTAN",MULTAN,01-JAN-18,O
4732,BOA01035, 000,TEAM PACKAGES,24-I-B INDUSTRIAL ESTATE ,MULTAN,01-JAN-08,O
4733,BOA02321, 000,THE AWAN MINI GOODS,CONTRACTOR OF COCA COLABEVERAGES VEHARI ROAD MULTAN,MULTAN,01-JUL-14,O
4734,BOA01462, 000,THE CITY COLLEGE OF TECHNOLOGY,WAINS AUTO CENTRE VEHARI CHOWK MULTAN.,MULTAN,01-NOV-10,O
4735,BOA02228, 000,THE ISLAMIC PUBLIC SCHOOL,137-D SHAH RUKNE ALAM.,MULTAN,01-JUL-14,O
4736,BOA01981, 000,TOPS FOODS & BEVERAGE,MOHALLA NOOR PURA BAHAWALPUR BY PASS ROAD.,MULTAN,20-OCT-12,O
4737,BOA02733, 000,TRANSFOCARE (PVT) LTD.,VEHARI ROAD LINK STADIUM ROAD,MULTAN,01-AUG-17,O
4738,BOA01598, 000,UMAIR PUBLIC SCHOOL,OPP. META PACKAGES.,MULTAN,01-JUL-10,O
4739,BOA01210, 000,UMAR GASES,12 KM BAQI CHOWK BAHAWAL PUR ROAD,MULTAN,07-DEC-09,O
4740,BOA02578, 000,UNIQUE COLLEGE OF TECHNOLOGY,62/Z NOON CHOWK 100 FT ROAD NEW,MULTAN,01-JUL-16,O
4741,BOA01054, 000,UNIQUE EXPORTS,PLOT-356/X KHANEWAL ROAD ,MULTAN,01-AUG-08,O
4742,BOA01277, 000,UNITED CNG AND GASOLINE SERVICES,OPP PAK ARAB FERTILIZER KWL ROAD ,MULTAN,01-JUL-08,O
4743,AAB03322,BO015,UNITED REFRIGRATOR INDUSTRIES UNITED,SUJHAN PUR OFF KHENAWAL ROAD,MULTAN,01-AUG-16,O
4744,AAE00747,BO003,UNITED SALES PVT LTD,1812 NEAR SIAL HOTEL EIDGAH ROAD ,MULTAN,01-SEP-99,O
4745,BOA01166, 000,USMAN OIL MILLS,BASTI KARIMABAD NEAR NEW TARIQ FLOUR MILLS,MULTAN,01-JUL-08,O
4746,BOA01363, 000,USWA TEXTILES PVT LTD,9-HOMETEX EXPORT ZONE ANSAR COLONY,MULTAN,01-DEC-09,O
4747,BOA01592, 000,VISION INSTITUTE OF TECHNOLOGY,85-C SHAH RUKN E ALAM COLONY MULTAN.,MULTAN,01-JUL-10,O
4748,BOA00747, 000,WAHAB COTTON FACTORY,LAR SHUJABAD ROAD ,MULTAN,01-SEP-02,O
4749,BOA01056, 000,WAZIR OIL MILLS,SHER SHAH BY PASS ,MULTAN,01-DEC-07,O
4750,BOA00666, 000,WELCON PVT LTD,SHAH RUKN-E- ALAM COLONY ,MULTAN,11-JAN-95,O
4751,BOA01331, 000,ZAFAR DAAL FACTORY,BEHIND WAHID FLOUR MILLS BAHAWALPUR BYPASS,MULTAN,01-JAN-09,O
4752,BOA03474, 000,ZAINAB HOSPITAL ,AL MAROOF PRINCE CLOTH STREET NISHTAR ROAD MULTAN,MULTAN,01-JAN-21,O
4753,BOA01629, 000,ZAKARIYA MULTANI BRICKS CO.,BHUTTA COLONY NEAR TIMBER MARKET VEHARI ROAD,MULTAN,03-APR-11,O
